# Late Miocene to Present Global Ocean Alkenone and SST Reconstruction Data
#-----------------------------------------------------------------------
#               World Data Service for Paleoclimatology, Boulder
#                                   and
#                      NOAA Paleoclimatology Program
#-----------------------------------------------------------------------
# Template Version 3.0
# Encoding: UTF-8
# NOTE: Please cite original publication, online resource and date accessed when using this data.
# If there is no publication information, please cite Investigator, title, online resource and date accessed.
#
# Description/Documentation lines begin with #
# Data lines have no #
#
# Online_Resource: https://www.ncdc.noaa.gov/paleo/study/25390
#      Description: NOAA Landing Page
# Online_Resource: http://www1.ncdc.noaa.gov/pub/data/paleo/contributions_by_author/herbert2016/herbert2016-odp907.txt
#      Description: NOAA location of the template
#
# Archive: Paleoceanography
#
# Dataset_DOI:
#
# Parameter_Keywords: biomarkers
#---------------------------------------
# Contribution_Date
#    Date: 2018-10-10
#---------------------------------------
# File_Last_Modified_Date
#    Date: 2018-10-10
#---------------------------------------
# Title
#    Study_Name: Late Miocene to Present Global Ocean Alkenone and SST Reconstruction Data
#---------------------------------------
# Investigators
#      Investigators: Herbert, T.D.; Lawrence, K.T.; Tzanova, A.; Peterson, L.C.; Caballero-Gill, R.; Kelly, C.S.
#---------------------------------------
# Description_Notes_and_Keywords
#        Description: Note: age models for Sites 907 and 982 revised subsequent to publication of Herbert et al., 2016 NGS
#         Provided Keywords: Global ocean cooling, mid-Miocene to Present
#---------------------------------------
# Publication
# Authors: Herbert, T.D., K.T. Lawrence, A. Tzanova, L.C. Peterson, R. Caballero-Gill, and C.S. Kelly
# Published_Date_or_Year: 2016
# Published_Title: Late Miocene Global Cooling and the Rise of Modern Ecosystems
# Journal_Name: Nature Geoscience
# Volume: 9
# Edition: 
# Issue: 
# Pages: 843-847
# Report_Number: 
# DOI: 10.1038/ngeo2813
# Online_Resource: 
# Full_Citation: 
# Abstract: During the late Miocene epoch, about seven million years ago, large areas of the continents experienced drying, enhanced seasonality, and a restructuring of terrestrial plant and animal communities. These changes are seen throughout the subtropics, but have typically been attributed to regional tectonic forcing. Here we present a set of globally distributed sea surface temperature records spanning the past 12 million years based on the alkenone unsaturation method. We find that a sustained late Miocene cooling occurred synchronously in both hemispheres, and culminated with ocean temperatures dipping to near-modern values between about 7 and 5.4 million years ago. The period of maximum cooling coincides with evidence for transient glaciations in the Northern Hemisphere and with a steepening of the pole-to-equator temperature gradient, as well. We thus infer that late Miocene aridity and terrestrial ecosystem changes occurred in a global context of increasing meridional temperature gradients. We conclude that a global forcing mechanism, such as the previously hypothesized decline in atmospheric CO2 levels between eight and six million years ago, is required to explain the late Miocene changes in temperature, climate and ecosystems. 
#---------------------------------------
# Publication
# Authors: Clotten, C., R. Stein, K. Fahl, and S. De Schepper
# Published_Date_or_Year: 2018
# Published_Title: Seasonal sea ice cover during the warm Pliocene: Evidence from the Iceland Sea (ODP Site 907)
# Journal_Name: Earth and Planetary Science Letters
# Volume: 481
# Edition: 
# Issue: 
# Pages: 61-72
# Report_Number: 
# DOI: 10.1016/j.epsl.2017.10.011
# Online_Resource: 
# Full_Citation: 
# Abstract: Sea ice is a critical component in the Arctic and global climate system, yet little is known about its extent and variability during past warm intervals, such as the Pliocene (5.33–2.58 Ma). Here, we present the first multi-proxy (IP25, sterols, alkenones, palynology) sea ice reconstructions for the Late Pliocene Iceland Sea (ODP Site 907). Our interpretation of a seasonal sea ice cover with occasional ice-free intervals between 3.50–3.00 Ma is supported by reconstructed alkenone-based summer sea surface temperatures. As evidenced from brassicasterol and dinosterol, primary productivity was low between 3.50 and 3.00 Ma and the site experienced generally oligotrophic conditions. The East Greenland Current (and East Icelandic Current) may have transported sea ice into the Iceland Sea and/or brought cooler and fresher waters favoring local sea ice formation. Between 3.00 and 2.40 Ma, the Iceland Sea is mainly sea ice-free, but seasonal sea ice occurred between 2.81 and 2.74 Ma. Sea ice extending into the Iceland Sea at this time may have acted as a positive feedback for the build-up of the Greenland Ice Sheet (GIS), which underwent a major expansion ~2.75 Ma. Thereafter, most likely a stable sea ice edge developed close to Greenland, possibly changing together with the expansion and retreat of the GIS and affecting the productivity in the Iceland Sea.
#---------------------------------------
# Funding_Agency
#    Funding_Agency_Name: National Science Foundation Ocean Sciences
#    Grant:  1459280, 1545859
#---------------------------------------
# Funding_Agency
#    Funding_Agency_Name: Evolving Earth Foundation
#    Grant: 
#---------------------------------------
# Site_Information
# Site_Name: ODP 907
# Location: North Atlantic Ocean
# Country: 
# Northernmost_Latitude: 69.25
# Southernmost_Latitude: 69.25
# Easternmost_Longitude: 12.698
# Westernmost_Longitude: 12.698
# Elevation: -1801
#---------------------------------------
# Data_Collection
#   Collection_Name: ODP907-2016alkenones Herbert
#   First_Year: 14137968
#   Last_Year: 5150200
#   Time_Unit: cal yr BP
#   Core_Length: 
#   Notes: 
#---------------------------------------
# Chronology_Information 
# Chronology: 
# 
# Event 907A	age_ka	depth_(mbsf)	depth_(mcd)	
# core top	0	0	0	
# Brunhes/Mat.	781	16.10	16.13*
# Top Jaramillo	988	17.00	18.50	
# Base Jaramillo	1070	19.10	20.60	
# Top Cobb Mountain	NaN  21.85	23.35	
# Base Cobb Mountain	NaN  22.45	23.95	
# Top Olduvai	1785	33.80	36.53	
# Base Olduvai	1968	NaN  NaN	
# Top Reunion	2582	41.4	NaN  
# Base Reunion	3207	42.1	NaN  
# Mat./Gauss	2582	49.00	54.79
# Top Kaena	3034	57.90	64.63	
# Base Kaena	3119	59.30	66.03
# Top Mammoth	3215	61.20	67.93	
# Base Mammoth	3335	63.695	70.425	
# Gauss/Gilbert	3597	66.80	74.54	
# Top Cochiti	4187	69.95	77.69	
# Base Cochiti	4300	71.05	78.79	
# Top Nunivak	4478	71.65	79.39	
# Base Nunivak	4642	72.75	80.49	
# Top Sidufjall	4807	74.25	81.91	
# Base Sidufjall	4896	75.35	83.01	
# Top Thvera	4998	76.05	83.71	
# Base Thvera	5235	78.65	86.31	
# Base Gilbert	6030	89.45	97.59	
# Base 3An.1n	6265	92.25	100.39	
# Top 3An.2n	6440	93.3	101.72	
# C3An.2n base	6730	96.40	104.82	
# C3Bn	7100	97.75	106.17	
# C3Bn base N/R	7210	98.3	106.72	
# R/N	7290	98.8	107.22	
# N/R	7316	99.15	107.57	
# CBr.2n	7471	100.2	108.62	
# C4n.2n	7698	101.3	110.24	
# C4n.2n base N/R	8110	105.2	114.29	
# C4r.1n	8250	106.45	115.54	
# C4r.1n	8300	107.05	116.14	
# 
# C4R	8705	110.35	119.44	
# C4R	8770	111.80	120.89	
#     C4An base	9105	113.95	126.51	
# C4Ar.1n	9331	115	127.56	
#     'C4Ar.2r'	9426	115.8	128.36	
# C5n.2n top	9647	117.1	129.66	
# MS tie point	NaN  127.15	139.35	
# C5n.2n base	11041	129.7	141.9	
# C5r.1n 	11119	NaN  NaN	
# C5r.1n base	11155	131.4	145.1	
# C5r.2n	11555	133.9	147.6	
# C5r.2n base	11615	134.8	148.5	
# C5An.1n	12015	138.25	151.95	
# C5An.1n base	12116	139	152.7	
# C5An.2n	12207	141.8	155.41	
# C5An.2n base	12415	145.7	159.31	
# C5A4.1	13016	159.6	175.63	
# C5A4.2 base	13184	165.5	181.53	
# C5AA	13370	168	184.03	
# C5AB base	13606	181.4	199.36	
# C5ACn	13735	187.85	206.75	
# 5AD base	14096	204.55	224.1	
# C5B	14195	209.2	228.95	
# 
# Event 907B	age_ka	depth_(mbsf)	depth_(mcd)	
# core top	0	0	0	
# Brunhes/Mat.	781	13.32	14.89	
# Top Jaramillo	988	17.05	18.62	
# Base Jaramillo	1070	19.025	20.5955	
# Top Cobb	NaN  21.65	23.22	
# Base Cobb	NaN  22.1	23.67	
# Top Olduvai	1785	34.48	36.46	
# Base Olduvai	1968	38.47	40.45	
# Top Reunion	2582	40.57	42.55	
# Base Reunion	3207	41.50	44.75	
# Mat./Gauss	2582	47.85	54.79	
# Top Kaena	3034	NaN  NaN	
# Base Kaena	3119	NaN  NaN	
# Top Mammoth	3215	60.3	69.03	
# Base Mammoth	3335	61.6	70.33	
# Gauss/Gilbert	3597	65.70	74.43	
# Top Cochiti	4187	68.78	77.51	
# Base Cochiti	4300	NaN  NaN	
# Top Nunivak	4478	NaN  NaN	
# Base Nunivak	4642	71.2	79.93	
# Top Sidufjall	4807	73.2	81.93	
# Base Sidufjall	4896	73.9	82.63	
# Top Thvera	4998	74.9	83.63	
# Base Thvera	5235	77.4	86.13	
# Base Gilbert	6030	88.4	97.7	
# Base 3An.1n	6265	92.7	102	
# Top 3An.2n	6440	93.8	103.1	
# C3An.2n base	6730	95.4	104.7	
# C3Bn	7100	96.6	106.51	
# C3Bn base N/R	7210	97.2	107.11	
# R/N	7290	NaN  NaN	
# N/R	7316	97.95	107.79	
# CBr.2n	7471	98.775	108.615	
# C4n.2n	7698	99.9	109.74	
# C4n.2n base N/R	8110	104.4	114.24	
# C4r.1n	8250	107.3	117.14	
# C4r.1n	8300	108	117.84	
# 
# C4R	8705	109.75	120.25	
# C4R	8770	110.85	121.35	
#     C4An base	9105	116.35	126.85	
# C4Ar.1n	9331	NaN  NaN	
#     'C4Ar.2r'	9426	NaN  NaN	
# C5n.2n top	9647	NaN  NaN	
# MS tie point	NaN  125.8	139.6	
# C5n.2n base	11041	128.15	141.95	
# C5r.1n 	11119	130.05	143.85	
# C5r.1n base	11155	131.3	145.1	
# C5r.2n	11555	133.7	147.5	
# C5r.2n base	11615	134.9	148.7	
# C5An.1n	12015	137.45	151.95	
# C5An.1n base	12116	138	152.5	
# C5An.2n	12207	141.27	155.77	
# C5An.2n base	12415	NaN  NaN	
# C5A4.1	13016	160.7	175.8	
# C5A4.2 base	13184	165.3	181.77	
# C5AA	13370	167.5	183.97	
# C5AB base	13606	181.3	199.35	
# C5ACn	13735	188.3	206.71	
# 5AD base	14096	204.5	224.1	
# C5B	14195	NaN  NaN	
# 
# Event 907B	age_ka	depth_(mbsf)	depth_(mcd)	
# core top	0	0	0	
# Brunhes/Mat.	781	14.03	14.89
# Top Jaramillo	988	16.4	NaN  
# Base Jaramillo	1070	18.43	20.62	
# Top Cobb	NaN  21.125	23.315	
# Base Cobb	NaN  21.475	23.665	
# Top Olduvai	1785	34.68	36.77	
# Base Olduvai	1968	37.93	40.02	
# Top Reunion	2582	NaN  NaN	
# Base Reunion	3207	NaN  NaN	
# Mat./Gauss	2582	53.27	54.88	
# Top Kaena	3034	62.875	64.925	
# Base Kaena	3119	NaN  NaN	
# Top Mammoth	3215	NaN  NaN	
# Base Mammoth	3335	NaN  NaN	
# Gauss/Gilbert	3597	66.4	74.52	
# Top Cochiti	4187	69.25	77.37	
# Base Cochiti	4300	NaN  NaN	
# Top Nunivak	4478	NaN  NaN	
# Base Nunivak	4642	NaN  NaN	
# Top Sidufjall	4807	NaN  NaN	
# Base Sidufjall	4896	73.7	81.96	
# Top Thvera	4998	NaN  NaN	
# Base Thvera	5235	77.25	85.51	
# Base Gilbert	6030	88.65	97.7	
# Base 3An.1n	6265	NaN  NaN	
# Top 3An.2n	6440	92.4	101.98	
# C3An.2n base	6730	95.5	105.08	
# C3Bn	7100	96.3	105.88	
# C3Bn base N/R	7210	97.35	106.93	
# R/N	7290	97.6	107.18	
# N/R	7316	98.1	107.68	
# CBr.2n	7471	99.1	108.68	
# C4n.2n	7698	100.05	109.63	
# C4n.2n base N/R	8110	104.35	114.46	
# C4r.1n	8250	105.425	115.535	
# C4r.1n	8300	106.1	116.21	
# 
# C4R	8705	110.35	120.46	
# C4R	8770	NaN  NaN	
#     C4An base	9105	114.2	126.5	
# C4Ar.1n	9331	115	127.3	
#     'C4Ar.2r'	9426	116.2	128.5	
# C5n.2n top	9647	117.4	129.7	
# MS tie point	NaN  NaN	NaN	
# C5n.2n base	11041	128.65	141.65	
# C5r.1n 	11119	129.2	142.2	
# C5r.1n base	11155	130.75	144.95	
# C5r.2n	11555	133.175	147.375	
# C5r.2n base	11615	134.25	148.45	
# C5An.1n	12015	NaN  NaN	
# C5An.1n base	12116	NaN  NaN	
# C5An.2n	12207	140.6	155.35	
# C5An.2n base	12415	144.7	159.45	
# C5A4.1	13016	160.85	175.91	
# C5A4.2 base	13184	166.65	181.71	
# C5AA	13370	167.6	184	
# C5AB base	13606	182.1	199.35	
# C5ACn	13735	187.95	206.7	
# 5AD base	14096	NaN  NaN	
# C5B	14195	NaN  NaN	
# 
#---------------------------------------
# Variables
# Data variables follow that are preceded by "##" in columns one and two.
# Variables list, one per line, shortname-tab-longname components (9 components: what, material, error, units, seasonality, archive, detail, method, C or N for Character or Numeric data)
## sitename	sample identification,,,,,paleoceanography,,,C,Site
## Hole	notes,,,,,paleoceanography,,,C,hole name
## core	notes,,,,,paleoceanography,,,C,core
## section	notes,,,,,paleoceanography,,,C,section
## cm_top	depth at sample end,,,centimeter,,paleoceanography,,,N,
## cm_base	depth at sample start,,,centimeter,,paleoceanography,,,N,
## depth_mbsf	depth,,,meter,,paleoceanography,,,N,shipboard meters below sea floor
## depth_mcd	depth,,,meter,,paleoceanography,,,N,composite depth 
## age_kaBP	age,,,calendar kiloyear before present,,paleoceanography,,,N,
## age_uncert_ka	age,,90% confidence interval margin of error,calendar kiloyear before present,,paleoceanography,,,N,
## Uk'37	alkenone unsaturation index,sediment,,dimensionless,,paleoceanography,,gas chromatography - flame ionization detection,N,GC-FID
## SST_P	sea surface temperature,alkenone unsaturation index,,degree Celsius,,climate reconstructions,,,N,SST calibration following F.G. Prahl et al., 1988; estimated
## SST_M	sea surface temperature,alkenone unsaturation index,,degree Celsius,,climate reconstructions,,,N,SST calibration following P.J. Muller et al. 1998; estimated
## SST_anom-M	sea surface temperature,alkenone unsaturation index,,degree Celsius,,climate reconstructions,anomalized,,N,SST anomaly relative to modern; Muller calibration
## SST_anom_back	sea surface temperature,alkenone unsaturation index,,degree Celsius,,climate reconstructions,anomalized,,N,SST anomaly relative to modern; backtraced for paleolatitude/longitude
#------------------------
# Data:
# Data lines follow (have no #)
# Data line format - tab-delimited text, variable short name as header
# Missing_Values: NaN
sitename	Hole	core	section	cm_top	cm_base	depth_mbsf	depth_mcd	age_kaBP	age_uncert_ka	Uk'37	SST_P	SST_M	SST_anom-M	SST_anom_back	
907	A	5	7	10	10	44.88	50.83	2352.750466	10.000	0.129955646	2.675166	2.604717	0.834717	0.717738	
907	A	6	1	91	91	46.19	51.98	2418.495345	10.000	0.489133809	13.23923	13.4889	11.7189	11.59866	
907	C	6	4	139	141	49.7	51.31	2419.226481	10.000	0.328617001	8.518147	8.624758	6.854758	6.734474	
907	C	6	4	88	88	49.46	51.07	2433.722947	10.000	0.344059265	8.972331	9.092705	7.322705	7.2017	
907	C	6	4	118	118	49.76	51.37	2445.398305	10.000	0.274476356	6.925775	6.984132	5.214132	5.092547	
907	A	6	1	139	139	46.67	52.46	2445.936685	10.000	0.513902612	13.96772	14.23947	12.46947	12.34786	
907	C	6	4	148	148	50.06	51.67	2457.073664	10.000	0.464316014	12.50929	12.73685	10.96685	10.84468	
907	A	6	2	39	39	47.17	52.96	2474.521415	10.000	0.344277819	8.978759	9.099328	7.329328	7.206295	
907	A	6	2	49	49	47.27	53.06	2480.238361	10.000	0.304523168	7.809505	7.894641	6.124641	6.001324	
907	A	6	1	141	143	46.71	52.5	2485.886013	10.000	0.306965949	7.881351	7.968665	6.198665	6.075067	
907	A	6	2	1	3	46.81	52.6	2490.27478	10.000	0.242996228	5.999889	6.030189	4.260189	4.136372	
907	A	6	2	69	69	47.47	53.26	2491.672253	10.000	0.096263882	1.684232	1.583754	-0.18625	-0.31013	
907	A	6	2	79	79	47.57	53.36	2497.389199	10.000	0.344120049	8.974119	9.094547	7.324547	7.200377	
907	A	6	2	87	87	47.65	53.44	2501.962756	10.000	0.382820708	10.11237	10.26729	8.497294	8.372897	
907	A	6	2	99	99	47.77	53.56	2508.823091	10.000	0.39155938	10.36939	10.5321	8.762102	8.637364	
907	A	6	2	109	109	47.87	53.66	2514.540037	10.000	0.220286816	5.331965	5.342025	3.572025	3.447002	
907	A	6	2	119	119	47.97	53.76	2520.256983	10.000	0.195393691	4.599814	4.587688	2.817688	2.69238	
907	A	6	2	128	128	48.06	53.85	2525.402235	10.000	0.127653784	2.607464	2.534963	0.764963	0.6394	
907	A	6	2	138.5	138.5	48.17	53.96	2531.690875	10.000	0.327204328	8.476598	8.581949	6.811949	6.686074	
907	A	6	2	131	133	48.11	53.9	2547.328744	10.000	0.366391462	9.629161	9.769438	7.999438	7.872785	
907	A	6	3	19	19	48.47	54.26	2548.841713	10.000	0.197376476	4.658132	4.647772	2.877772	2.751044	
907	A	6	3	29	29	48.57	54.36	2554.558659	10.000	0.143810317	3.082656	3.024555	1.254555	1.127542	
907	A	6	3	39.5	39.5	48.68	54.47	2560.8473	10.000	0.152783939	3.346586	3.296483	1.526483	1.399158	
907	A	6	3	51	51	48.79	54.58	2567.13594	10.000	0.377841132	9.965916	10.1164	8.346398	8.21876	
907	A	6	3	69	69	48.97	54.76	2577.426443	10.000	0.385171763	10.18152	10.33854	8.568538	8.440389	
907	A	6	3	79	79	49.07	54.86	2585.602247	10.000	0.460106631	12.38549	12.60929	10.83929	10.71074	
907	A	6	3	91	91	49.19	54.98	2591.777528	10.000	0.376273261	9.919802	10.06889	8.298887	8.170024	
907	A	6	3	99	99	49.27	55.06	2595.894382	10.000	0.258354219	6.451595	6.495582	4.725582	4.596515	
907	A	6	3	109	109	49.37	55.16	2601.040449	10.000	0.236073608	5.796283	5.820412	4.050412	3.921089	
907	A	6	3	119	119	49.47	55.26	2606.186517	10.000	0.014717329	-0.7142	-0.88735	-2.65735	-2.78693	
907	A	6	3	131	131	49.59	55.38	2612.361798	10.000	0.405947202	10.79256	10.9681	9.198097	9.06821	
907	A	6	4	14	14	49.92	55.71	2629.34382	10.000	0.363008921	9.529674	9.666937	7.896937	7.766206	
907	A	6	4	29	29	50.07	55.86	2637.062921	10.000	0.378814168	9.994534	10.14588	8.375884	8.244769	
907	A	6	4	49	49	50.27	56.06	2647.355056	10.000	0.338294149	8.802769	8.918005	7.148005	7.016378	
907	A	6	4	59	59	50.37	56.16	2652.501124	10.000	0.179418999	4.129971	4.103606	2.333606	2.201724	
907	A	6	4	69	69	50.47	56.26	2657.647191	10.000	0.254601837	6.341231	6.381874	4.611874	4.479736	
907	A	6	4	78.5	78.5	50.57	56.36	2662.793258	10.000	0.239679511	5.902339	5.929682	4.159682	4.027288	
907	A	6	4	89	89	50.67	56.46	2667.939326	10.000	0.352384566	9.217193	9.344987	7.574987	7.442337	
907	A	6	4	99	99	50.77	56.56	2673.085393	10.000	0.379722131	10.02124	10.1734	8.403398	8.270492	
907	C	6	7	34	34	54.62	60.41	2674.525416	10.000	0.208697416	4.9911	4.990831	3.220831	3.087853	
907	A	6	4	105	105	50.83	56.62	2676.173034	10.000	0.452117178	12.15051	12.36719	10.59719	10.46413	
907	A	6	4	115	115	50.93	56.72	2681.319101	10.000	0.40309662	10.70872	10.88172	9.111716	8.978401	
907	A	6	4	136	136	51.14	56.93	2692.125843	10.000	0.264586388	6.634894	6.684436	4.914436	4.780584	
907	A	6	4	38	38	51.16	56.95	2693.155056	10.000	0.308928155	7.939063	8.028126	6.258126	6.124222	
907	A	6	5	9	9	51.37	57.16	2703.961798	10.000	0.346477261	9.043449	9.165978	7.395978	7.261537	
907	A	6	5	19	19	51.47	57.26	2709.107865	10.000	0.396924841	10.5272	10.69469	8.924692	8.789995	
907	A	6	5	39	39	51.67	57.46	2719.4	10.000	0.137351071	2.892679	2.82882	1.05882	0.923612	
907	A	6	5	47	47	51.75	57.54	2723.516854	10.000	0.233838093	5.730532	5.752669	3.982669	3.847256	
907	A	6	5	65	65	51.93	57.72	2732.779775	10.000	0.170704528	3.873663	3.839531	2.069531	1.933657	
907	A	6	5	75	75	52.03	57.82	2737.925843	10.000	0.383217513	10.12404	10.27932	8.509319	8.373189	
907	A	6	5	95.5	95.5	52.24	58.03	2748.732584	10.000	0.15824649	3.50725	3.462015	1.692015	1.555348	
907	A	6	5	105	105	52.33	58.12	2753.364045	10.000	0.094093712	1.620403	1.517991	-0.25201	-0.38891	
907	A	6	5	115	115	52.43	58.22	2758.510112	10.000	0.273866056	6.907825	6.965638	5.195638	5.058485	
907	A	6	5	130	130	52.58	58.37	2766.229213	10.000	0.394886942	10.46726	10.63294	8.862938	8.725401	
907	A	6	5	149	149	52.77	58.56	2776.006742	10.000	0.261022558	6.530075	6.576441	4.806441	4.668418	
907	A	6	6	10	10	52.88	58.67	2781.667416	10.000	0.248954067	6.17512	6.210729	4.440729	4.302425	
907	A	6	6	31	31	53.09	58.88	2792.474157	10.000	0.175567903	4.016703	3.986906	2.216906	2.078064	
907	A	6	6	36	36	53.14	58.93	2795.047191	10.000	0.285608525	7.253192	7.32147	5.55147	5.412501	
907	A	6	6	49	49	53.27	59.06	2801.737079	10.000	0.229402892	5.600085	5.618269	3.848269	3.708967	
907	A	6	6	69	69	53.47	59.26	2812.029213	10.000	0.41892853	11.17437	11.36147	9.591471	9.451657	
907	C	7	4	10	10	58.18	60.23	2819.631354	10.000	0.443237576	11.88934	12.09811	10.32811	10.18792	
907	C	7	4	15	15	58.23	60.28	2821.669359	10.000	0.194675571	4.578693	4.565926	2.795926	2.655633	
907	A	6	6	91	91	53.69	59.48	2823.350562	10.000	0.079811876	1.200349	1.085208	-0.68479	-0.82517	
907	C	7	4	20	20	58.28	60.33	2823.707363	10.000	0.190356852	4.451672	4.435056	2.665056	2.524661	
907	C	7	4	25	25	58.33	60.38	2825.745368	10.000	0.218191846	5.270348	5.278541	3.508541	3.368045	
907	C	7	4	30	30	58.38	60.43	2827.783373	10.000	0.136769056	2.87556	2.811184	1.041184	0.900586	
907	A	6	6	100	100	53.78	59.57	2827.982022	10.000	0.064598124	0.752886	0.624186	-1.14581	-1.28642	
907	C	7	4	35	35	58.43	60.48	2829.821378	10.000	0.360100578	9.444135	9.578805	7.808805	7.668107	
907	C	7	4	40	40	58.48	60.53	2831.859382	10.000	0.521561401	14.19298	14.47156	12.70156	12.56076	
907	C	7	4	50	50	58.58	60.63	2835.935392	10.000	0.336443407	8.748336	8.861921	7.091921	6.950919	
907	A	6	6	119	119	53.97	59.76	2837.759551	10.000	0.387604553	10.25308	10.41226	8.642259	8.501166	
907	C	7	4	60	60	58.68	60.73	2840.011401	10.000	0.322616105	8.34165	8.442912	6.672912	6.531707	
907	C	7	4	65	65	58.73	60.78	2842.049406	10.000	0.255661347	6.372393	6.41398	4.64398	4.502674	
907	C	7	4	45	47	58.56	60.61	2843.258337	10.000	0.260284879	6.508379	6.554087	4.784087	4.64272	
907	A	6	6	130.5	130.5	54.09	59.88	2843.934831	10.000	0.44015057	11.79855	12.00456	10.23456	10.09316	
907	C	7	4	70	70	58.78	60.83	2844.087411	10.000	0.190087032	4.443736	4.42688	2.65688	2.515472	
907	C	7	4	75	75	58.83	60.88	2846.125416	10.000	0.195012422	4.588601	4.576134	2.806134	2.664625	
907	A	6	7	47	49	54.78	60.57	2847.504065	10.000	0.384998448	10.17642	10.33329	8.563286	8.421708	147.05
907	A	6	6	138.5	138.5	54.17	59.96	2848.051685	10.000	0.371510623	9.779724	9.924564	8.154564	8.012959	
907	C	7	4	79.5	79.5	58.88	60.93	2848.16342	10.000	0.231190799	5.652671	5.672448	3.902448	3.760838	
907	C	7	4	85	85	58.93	60.98	2850.201425	10.000	0.367360128	9.657651	9.798792	8.028792	7.88708	
907	C	7	4	90	90	58.98	61.03	2852.23943	10.000	0.258195269	6.44692	6.490766	4.720766	4.578952	
907	C	7	4	65	67	58.76	60.81	2852.377302	10.000	0.260284879	6.508379	6.554087	4.784087	4.642267	120.8
907	C	7	4	94.5	94.5	59.03	61.08	2854.277435	10.000	0.153436782	3.365788	3.316266	1.546266	1.404351	
907	C	7	4	100	100	59.08	61.13	2856.315439	10.000	0.275610152	6.959122	7.018489	5.248489	5.106473	
907	C	7	4	110	110	59.18	61.23	2860.391449	10.000	0.306139263	7.857037	7.943614	6.173614	6.031395	
907	C	7	4	85	87	58.96	61.01	2861.496267	10.000	0.305569639	7.840283	7.926353	6.156353	6.014079	127.05
907	C	7	4	115	115	59.23	61.28	2862.429454	10.000	0.20128833	4.773186	4.766313	2.996313	2.853993	
907	C	7	4	95	97	59.06	61.11	2866.055749	10.000	0.388879266	10.29057	10.45089	8.680887	8.538387	130
907	C	7	4	125	125	59.33	61.38	2866.505463	10.000	0.201432227	4.777418	4.770674	3.000674	2.858151	
907	C	7	4	130	130	59.38	61.43	2868.543468	10.000	0.154393795	3.393935	3.345267	1.575267	1.432643	
907	C	7	4	125	127	59.36	61.41	2879.734196	10.000	0.16039704	3.570501	3.527183	1.757183	1.614003	138
907	C	7	5	15	15	59.73	61.78	2882.809501	10.000	0.210011978	5.029764	5.030666	3.260666	3.117333	
907	C	7	4	135	137	59.46	61.51	2884.293678	10.000	0.239579074	5.899385	5.926639	4.156639	4.013232	140.7
907	A	7	1	13	13	54.91	61.64	2886.132584	10.000	0.476231499	12.85975	13.09792	11.32792	11.18443	
907	C	7	4	145	147	59.56	61.61	2888.853161	10.000	0.322654802	8.342788	8.444085	6.674085	6.530451	143.75
907	C	7	5	35	35	59.93	61.98	2890.96152	10.000	0.423917783	11.32111	11.51266	9.74266	9.598921	
907	A	7	1	38	38	55.16	61.89	2898.997753	10.000	0.230818951	5.641734	5.66118	3.89118	3.747042	
907	A	7	1	48	48	55.26	61.99	2904.14382	10.000	0.333377539	8.658163	8.769016	6.999016	6.854622	
907	A	7	1	60	60	55.38	62.11	2910.319101	10.000	0.126250687	2.566197	2.492445	0.722445	0.577744	
907	C	7	5	45	47	60.06	62.11	2911.650572	10.000	0.214478438	5.161131	5.166013	3.396013	3.251246	
907	A	7	1	71	71	55.49	62.22	2915.979775	10.000	0.110729891	2.109703	2.022118	0.252118	0.107135	
907	A	7	1	79	79	55.57	62.3	2920.096629	10.000	0.265379164	6.658211	6.70846	4.93846	4.793272	
907	C	7	5	65	67	60.25	62.3	2920.313589	10.000	0.331225154	8.594857	8.703793	6.933793	6.788595	
907	A	7	1	93.5	93.5	55.72	62.45	2927.81573	10.000	0.343041598	8.9424	9.061867	7.291867	7.146296	
907	A	7	1	111	111	55.89	62.62	2936.564045	10.000	0.272150311	6.857362	6.913646	5.143646	4.99764	
907	A	7	1	1.5	1.5	56.1	62.83	2947.370787	10.000	0.20079511	4.75868	4.751367	2.981367	2.834824	
907	A	7	1	143	143	56.21	62.94	2953.031461	10.000	0.140323049	2.98009	2.91888	1.14888	1.002056	
907	A	7	2	5	5	56.33	63.06	2959.206742	10.000	0.271743268	6.84539	6.901311	5.131311	4.984179	
907	A	7	2	16	16	56.44	63.17	2964.867416	10.000	0.280683581	7.108341	7.17223	5.40223	5.254817	
907	A	7	2	23	23	56.51	63.24	2968.469663	10.000	0.260307969	6.509058	6.554787	4.784787	4.637195	
907	A	7	2	54	54	56.82	63.55	2984.422472	10.000	0.14785487	3.201614	3.147117	1.377117	1.228732	
907	A	7	2	63	63	56.91	63.64	2989.053933	10.000	0.103582499	1.899485	1.80553	0.03553	-0.11309	
907	A	7	2	76	76	57.04	63.77	2995.74382	10.000	0.159818468	3.553484	3.509651	1.739651	1.590702	
907	A	7	2	94	94	57.22	63.95	3005.006742	10.000	0.161741558	3.610046	3.567926	1.797926	1.648517	
907	A	7	2	105	105	57.33	64.06	3010.667416	10.000	0.341047979	8.883764	9.001454	7.231454	7.081764	
907	A	7	2	4.5	4.5	57.43	64.16	3015.813483	10.000	0.126965081	2.587208	2.514093	0.744093	0.594147	
907	A	7	2	114	114	57.52	64.25	3020.444944	10.000	0.229917699	5.615226	5.63387	3.86387	3.713693	
907	A	7	2	134	134	57.62	64.35	3025.591011	10.000	0.248923897	6.174232	6.209815	4.439815	4.289383	
907	A	7	3	9	9	57.87	64.6	3038.45618	10.000	0.338557268	8.810508	8.925978	7.155978	7.004906	
907	A	7	3	39	39	58.17	64.9	3053.5	10.000	0.263778906	6.611144	6.659967	4.889967	4.738147	
907	A	7	3	61	63	58.42	65.15	3065.571429	10.000	0.243608972	6.017911	6.048757	4.278757	4.126337	50.6
907	A	7	3	91	91	58.69	65.42	3079.5	10.000	0.203000206	4.823535	4.818188	3.048188	2.895075	
907	A	7	3	99	99	58.77	65.5	3083.5	10.000	0.1773879	4.070232	4.042058	2.272058	2.118746	
907	A	7	3	109	109	58.87	65.6	3088.5	10.000	0.21918389	5.299526	5.308603	3.538603	3.385043	
907	A	7	3	119	119	58.97	65.7	3093.5	10.000	0.30075094	7.698557	7.780332	6.010332	5.856523	
907	A	7	3	128	128	59.06	65.79	3098	10.000	0.214530401	5.162659	5.167588	3.397588	3.243555	
907	A	7	3	138	138	59.16	65.89	3103	10.000	0.238149359	5.857334	5.883314	4.113314	3.959033	
907	A	7	4	9	9	59.37	66.1	3114.052632	10.000	0.246787467	6.111396	6.145075	4.375075	4.220244	
907	A	7	4	19	19	59.47	66.2	3119.842105	10.000	0.290245156	7.389563	7.461974	5.691974	5.536856	
907	A	7	4	39	39	59.67	66.4	3131.421053	10.000	0.18541617	4.306358	4.285338	2.515338	2.359644	
907	A	7	4	45.5	45.5	59.74	66.47	3135.473684	10.000	0.229694438	5.60866	5.627104	3.857104	3.701208	
907	A	7	4	51	51	59.79	66.52	3138.368421	10.000	0.177933115	4.086268	4.058579	2.288579	2.13254	
907	A	7	4	59	59	59.87	66.6	3143	10.000	0.121013448	2.41216	2.333741	0.563741	0.407471	
907	A	7	4	81	81	60.09	66.82	3155.736842	10.000	0.373416312	9.835774	9.982312	8.212312	8.055409	
907	A	7	4	73	75	60.04	66.77	3156.389474	10.000	0.270969499	6.822632	6.877864	5.107864	4.950928	40.9
907	A	7	4	77	79	60.12	66.85	3160.431579	10.000	0.22208177	5.384758	5.396417	3.626417	3.469281	39.95
907	A	7	4	90	90	60.18	66.91	3160.947368	10.000	0.283718944	7.197616	7.26421	5.49421	5.337048	
907	A	7	4	131	131	60.59	67.32	3184.684211	10.000	0.285249251	7.242625	7.310583	5.540583	5.382241	
907	A	7	4	0.5	0.5	60.79	67.52	3196.263158	10.000	0.267522698	6.721256	6.773415	5.003415	4.844497	
907	A	7	5	11	11	60.89	67.62	3202.052632	10.000	0.159925741	3.556639	3.512901	1.742901	1.583695	
907	A	7	5	16	18	60.96	67.69	3202.873684	10.000	0.312467531	8.043163	8.13538	6.36538	6.206133	
907	A	7	5	83	85	61.64	68.37	3236.162325	10.000	0.472776515	12.75813	12.99323	11.22323	11.06233	42.35
907	A	7	5	.5	.5	61.58	68.31	3239.799599	10.000	0.367727127	9.668445	9.809913	8.039913	7.87883	
NaN	A	7	4	104	104	60.32	68.06	3242.25	10.000	0.325	8.411765	8.5	6.73	6.568795	
907	A	7	5	89	89	61.67	68.4	3244.488978	10.000	0.490634573	13.28337	13.53438	11.76438	11.60307	
907	A	7	5	99.5	99.5	61.78	68.51	3250.220441	10.000	0.39498182	10.47005	10.63581	8.865813	8.704212	
907	A	7	5	117	119	61.98	68.71	3252.51503	10.000	0.319182185	8.240653	8.338854	6.568854	6.407139	47.35
907	A	7	5	111	111	61.89	68.62	3255.951904	10.000	0.332319825	8.627054	8.736964	6.966964	6.805078	
907	A	7	6	14	14	62.42	69.15	3283.567134	10.000	0.246200523	6.094133	6.127289	4.357289	4.19403	
907	A	7	6	21	21	62.49	69.22	3287.214429	10.000	0.267562202	6.722418	6.774612	5.004612	4.841172	
907	A	7	6	33.5	33.5	62.62	69.35	3293.987976	10.000	0.21190778	5.085523	5.088115	3.318115	3.154337	
907	A	7	6	44	44	62.72	69.45	3299.198397	10.000	0.175273449	4.008043	3.977983	2.207983	2.043947	
907	A	7	6	54	54	62.82	69.55	3304.408818	10.000	0.408760314	10.8753	11.05334	9.283343	9.119048	
907	A	7	6	77	79	63.07	69.8	3304.93988	10.000	0.143064309	3.060715	NaN	-1.77	-1.93432	
907	A	7	6	63	63	62.91	69.64	3309.098196	10.000	0.124721685	2.521226	2.446112	0.676112	0.511583	
907	A	7	6	99	101	63.29	70.02	3315.521042	10.000	0.31304588	8.060173	8.152905	6.382905	6.218058	73.85
907	B	8	2	25	27	61.45	70.18	3321.730769	10.000	0.29447715	7.514034	7.590217	5.820217	5.65506	85.2
907	B	8	2	25	27	61.45	70.18	3321.730769	10.000	0.29857275	7.634493	7.714326	5.944326	5.779169	85.2
907	B	8	2	30	32	61.5	70.23	3326.153846	10.000	0.29837954	7.62881	7.708471	5.938471	5.773095	83.55
907	A	7	6	106	106	63.34	70.07	3331.503006	10.000	0.15463822	3.401124	3.352673	1.582673	1.417031	
907	A	7	6	121	121	63.49	70.22	3339.318637	10.000	0.236802977	5.817735	5.842514	4.072514	3.906484	
907	B	8	2	50	52	61.7	70.43	3341.198537	10.000	0.43472296	11.63891	11.84009	10.07009	9.903965	77.65
907	B	8	2	35	35	61.53	70.26	3342.681481	10.000	0.441855723	11.8487	12.05623	10.28623	10.12004	
907	A	8	6	134	134	63.62	70.35	3346.092184	10.000	0.509896595	13.8499	14.11808	12.34808	12.18171	
907	B	8	2	60	62	61.8	70.53	3347.58878	10.000	0.39309945	10.41469	10.57877	8.808771	8.642329	75.05
907	B	8	2	65	67	61.85	70.58	3350.783902	10.000	0.48494078	13.11591	13.36184	11.59184	11.42524	73.6
907	B	8	2	70	72	61.9	70.63	3353.979024	10.000	0.38664982	10.22499	10.38333	8.613328	8.446568	72.65
907	B	8	2	75	77	61.95	70.68	3357.174146	10.000	0.40205288	10.67803	10.85009	9.080087	8.913169	71.7
907	B	8	2	60	60	61.78	70.51	3357.928395	10.000	0.294371882	7.510938	7.587027	5.817027	5.650071	
907	B	8	2	80	82	62	70.73	3360.369268	10.000	0.41851539	11.16222	11.34895	9.578951	9.411874	70.25
907	B	8	2	80	82	62.01	70.74	3361.008293	10.000	0.42013889	11.20997	11.39815	9.628148	9.461039	70.1
907	B	8	2	85	87	62.05	70.78	3363.56439	10.000	0.42803335	11.44216	11.63737	9.867374	9.700138	69.9
907	B	8	2	90	92	62.1	70.83	3366.759512	10.000	0.43602757	11.67728	11.87962	10.10962	9.942228	68.5
907	B	8	2	95	97	62.15	70.88	3369.954634	10.000	0.39899322	10.58804	10.75737	8.98737	8.819816	67.95
907	A	7	7	19.5	19.5	63.98	70.71	3372.671498	10.000	0.302234472	7.74219	7.825287	6.055287	5.887598	
907	B	8	2	100	102	62.2	70.93	3373.149756	10.000	0.38049248	10.0439	10.19674	8.426742	8.259029	66.9
907	B	8	2	95	95	62.13	70.86	3379.274074	10.000	0.312146541	8.033722	8.125653	6.355653	6.187635	
907	B	8	2	115	117	62.35	71.08	3382.735122	10.000	0.35517904	9.299384	9.429668	7.659668	7.491478	64.95
907	B	8	2	120	122	62.4	71.13	3385.930244	10.000	0.30713486	7.886319	7.973784	6.203784	6.035435	64.6
907	B	8H	2	130	132	62.5	71.23	3392.320488	10.000	0.549273404	15.00804	15.31132	13.54132	13.37265	
907	B	8	2	135	137	62.55	71.28	3395.51561	10.000	0.37523851	9.889368	10.03753	8.267531	8.098706	62.6
907	B	8	2	140	142	62.6	71.33	3398.710732	10.000	0.37202141	9.794747	9.940043	8.170043	8.001059	62.7
907	B	8	2	145	147	62.65	71.38	3401.905854	10.000	0.41452744	11.04492	11.2281	9.458104	9.288961	62.8
907	B	8	3	0	2	62.7	71.43	3405.100976	10.000	0.36259022	9.517359	9.654249	7.884249	7.714947	62.8
907	B	8	3	0	2	62.7	71.43	3405.100976	10.000	0.36860769	9.694344	9.836597	8.066597	7.897295	62.8
907	B	8	2	140	140	62.58	71.31	3406.718519	10.000	0.130338872	2.686437	2.616329	0.846329	0.676947	
907	A	8	1	14	14	64.42	72.16	3407.673108	10.000	0.277702839	7.020672	7.081904	5.311904	5.142475	
907	B	8	3	5	7	62.75	71.48	3408.296098	10.000	0.3427378	8.933465	9.052661	7.282661	7.1132	62.15
907	B	8	3	10	12	62.8	71.53	3411.49122	10.000	0.35147831	9.190539	9.317525	7.547525	7.377905	62
907	B	8	3	15	17	62.85	71.58	3414.686341	10.000	0.36350054	9.544134	9.681835	7.911835	7.742056	62.1
907	B	8	3	20	22	62.9	71.63	3417.881463	10.000	0.37227324	9.802154	9.947674	8.177674	8.007737	62.4
907	B	8	3	20	22	62.9	71.63	3417.881463	10.000	0.4239458	11.32194	11.51351	9.743509	9.573572	62.4
907	B	8	3	25	27	62.95	71.68	3421.076585	10.000	0.31152086	8.015319	8.106693	6.336693	6.166597	62.25
907	B	8	3	30	32	63	71.73	3424.271707	10.000	0.34118202	8.887706	9.005516	7.235516	7.065261	62.3
907	B	8	3	35	37	63.05	71.78	3427.466829	10.000	0.31650387	8.161879	8.257693	6.487693	6.317279	62.7
907	B	8	3	40	42	63.1	71.83	3430.661951	10.000	0.353928665	9.262608	9.391778	7.621778	7.451205	62.75
907	B	8	3	45	47	63.15	71.88	3433.857073	10.000	0.34546689	9.013732	9.13536	7.36536	7.194629	62.7
907	B	8	3	50	52	63.2	71.93	3437.052195	10.000	0.35475228	9.286832	9.416736	7.646736	7.475846	62.9
907	A	8	1	0	2	64.3	72.04	3437.632603	10.000	0.33583895	8.730557	8.843605	7.073605	6.902685	96.75
907	B	8	3	55	57	63.25	71.98	3440.247317	10.000	0.35106584	9.178407	9.305025	7.535025	7.363976	63.6
907	B	8	3	60	62	63.3	72.03	3443.442439	10.000	0.38888889	10.29085	10.45118	8.681178	8.509971	64.15
907	A	8	1	10	12	64.4	72.14	3444.007299	10.000	0.35256764	9.222578	9.350535	7.580535	7.409299	99.3
907	B	8	3	65	67	63.35	72.08	3446.637561	10.000	0.34737228	9.069773	9.193099	7.423099	7.251733	64.9
907	A	8	1	15	17	64.45	72.19	3447.194647	10.000	0.35611215	9.326828	9.457944	7.687944	7.516549	100.1
907	B	8	3	70	72	63.4	72.13	3449.832683	10.000	0.34726042	9.066483	9.18971	7.41971	7.248184	65.05
907	A	8	1	20	22	64.5	72.24	3450.381995	10.000	0.35043086	9.159731	9.285784	7.515784	7.344231	101.55
907	B	8	3	75	77	63.45	72.18	3453.027805	10.000	0.39470396	10.46188	10.62739	8.857393	8.685708	65.8
907	A	8	1	25	27	64.55	72.29	3453.569343	10.000	0.35333039	9.245011	9.373648	7.603648	7.431937	102.8
907	A	8	1	25	27	64.55	72.29	3453.569343	10.000	0.35795086	9.380908	9.513662	7.743662	7.571951	102.8
907	B	8	3	80	82	63.5	72.23	3456.222927	10.000	0.3466476	9.048459	9.171139	7.401139	7.229296	66.25
907	A	8	1	30	32	64.6	72.34	3456.756691	10.000	0.34629159	9.037988	9.160351	7.390351	7.218481	103.9
907	B	8	3	80	82	63.51	72.24	3456.861951	10.000	0.34092908	8.880267	8.997851	7.227851	7.055976	66.45
907	B	8	3	85	87	63.55	72.28	3459.418049	10.000	0.3856019	10.19417	10.35157	8.581573	8.40957	66.9
907	A	8	1	35	37	64.65	72.39	3459.944039	10.000	0.40921274	10.88861	11.06705	9.297053	9.125024	105
907	B	8	3	90	92	63.6	72.33	3462.613171	10.000	0.36048156	9.45534	9.59035	7.82035	7.648189	67.6
907	A	8	1	40	42	64.7	72.44	3463.131387	10.000	0.38515459	10.18102	10.33802	8.568018	8.395831	106.15
907	A	8	1	84	84	65.12	72.86	3463.357488	10.000	0.357252752	9.360375	9.492508	7.722508	7.55031	
907	B	8	3	95	97	63.65	72.38	3465.808293	10.000	0.39341389	10.42394	10.5883	8.8183	8.64598	68.7
907	A	8	1	45	47	64.75	72.49	3466.318735	10.000	0.43464562	11.63664	11.83775	10.06775	9.895401	107.25
907	B	8	3	100	102	63.7	72.43	3469.003415	10.000	0.40219147	10.6821	10.85429	9.084287	8.911808	69.55
907	A	8	1	50	52	64.8	72.54	3469.506083	10.000	0.42293335	11.29216	11.48283	9.712829	9.540325	108.45
907	B	8	3	103	105	63.73	72.46	3470.920488	10.000	0.23445505	5.748678	5.771365	4.001365	3.828791	69.55
907	A	8	1	55	57	64.85	72.59	3472.693431	10.000	0.40743911	10.83644	11.01331	9.243306	9.070644	109.55
907	B	8	3	110	112	63.8	72.53	3475.393659	10.000	0.4165144	11.10336	11.28832	9.518315	9.345519	71.4
907	A	8	1	60	62	64.9	72.64	3475.880779	10.000	0.40103811	10.64818	10.81934	9.049337	8.876516	110.75
907	B	8	3	115	117	63.85	72.58	3478.58878	10.000	0.4368247	11.70073	11.90378	10.13378	9.960823	72.5
907	B	8	3	115	117	63.85	72.58	3478.58878	10.000	0.42830384	11.45011	11.64557	9.875571	9.702615	72.5
907	A	8	1	65	67	64.95	72.69	3479.068127	10.000	0.40505044	10.76619	10.94092	9.170922	8.997943	111.65
907	B	8	3	120	122	63.9	72.63	3481.783902	10.000	0.42353048	11.30972	11.50092	9.730924	9.557809	73.5
907	A	8	1	70	72	65	72.74	3482.255474	10.000	0.4216106	11.25325	11.44275	9.672745	9.499608	112.95
907	A	8	1	109	109	65.37	73.11	3483.244767	10.000	0.281964493	7.146015	7.211045	5.441045	5.267858	
907	B	8	3	125	127	63.95	72.68	3484.979024	10.000	0.42118718	11.2408	11.42991	9.659915	9.486641	74.45
907	A	8	1	75	77	65.05	72.79	3485.442822	10.000	0.42806531	11.4431	11.63834	9.868343	9.695047	111.9
907	B	8	3	130	132	64	72.73	3488.174146	10.000	0.4418675	11.84904	12.05659	10.28659	10.11316	75.9
907	A	8	1	80	82	65.1	72.84	3488.63017	10.000	0.42462993	11.34206	11.53424	9.76424	9.590786	110.7
907	B	8	3	135	137	64.05	72.78	3491.369268	10.000	0.43392492	11.61544	11.81591	10.04591	9.872316	76.4
907	B	8	3	135	137	64.051	72.781	3491.433171	10.000	0.42285414	11.28983	11.48043	9.710428	9.536834	76.4
907	A	8	1	85	87	65.15	72.89	3491.817518	10.000	0.43554152	11.66299	11.86489	10.09489	9.921281	109.95
907	B	8	3	140	142	64.1	72.83	3494.56439	10.000	0.43666054	11.6959	11.8988	10.1288	9.955054	77.6
907	A	8	1	92	94	65.22	72.96	3496.279805	10.000	0.34116436	8.887187	9.004981	7.234981	7.061146	108.4
907	B	8	3	145	147	64.15	72.88	3497.759512	10.000	0.418465	11.16074	11.34742	9.577424	9.403516	78.75
907	A	8	1	95	97	65.25	72.99	3498.192214	10.000	0.37800879	9.970847	10.12148	8.351478	8.177548	107.85
907	A	8	1	96	98	65.26	73	3498.829684	10.000	0.33365465	8.666313	8.777414	7.007414	6.833452	107.5
907	A	8	1	96	98	65.26	73	3498.829684	10.000	0.33623575	8.742228	8.855629	7.085629	6.911667	107.5
907	A	8	1	96	98	65.26	73	3498.829684	10.000	0.34489562	8.99693	9.118049	7.348049	7.174087	107.5
907	A	8	1	99	101	65.29	73.03	3500.742092	10.000	0.42314034	11.29825	11.4891	9.719101	9.545044	106.9
907	A	8	1	99	101	65.29	73.03	3500.742092	10.000	0.42935416	11.481	11.6774	9.907399	9.733342	106.9
907	A	8	1	100	102	65.3	73.04	3501.379562	10.000	0.40877038	10.8756	11.05365	9.283648	9.109559	106.65
907	A	8	1	100	102	65.3	73.04	3501.379562	10.000	0.40983315	10.90686	11.08585	9.315853	9.141764	106.65
907	A	8	1	102	104	65.32	73.06	3502.654501	10.000	0.41882707	11.17138	11.3584	9.588396	9.414244	106.2
907	A	8	1	102	104	65.32	73.06	3502.654501	10.000	0.42476698	11.34609	11.53839	9.768393	9.594241	106.2
907	A	8	1	102	104	65.32	73.06	3502.654501	10.000	0.43128262	11.53772	11.73584	9.965837	9.791685	106.2
907	A	8	1	105	107	65.35	73.09	3504.56691	10.000	0.36980184	9.729466	9.872783	8.102783	7.928536	105.85
907	A	8	1	108	110	65.38	73.12	3506.479319	10.000	0.26500732	6.647274	6.697192	4.927192	4.752849	105.15
907	A	8	1	108	110	65.38	73.12	3506.479319	10.000	0.27331208	6.891532	6.948851	5.178851	5.004509	105.15
907	A	8	1	108	110	65.38	73.12	3506.479319	10.000	0.29035846	7.392896	7.465408	5.695408	5.521066	105.15
907	A	8	1	110	112	65.4	73.14	3507.754258	10.000	0.31581532	8.141627	8.236828	6.466828	6.292422	104.75
907	A	8	1	113	115	65.43	73.17	3509.666667	10.000	0.23680277	5.817729	5.842508	4.072508	3.898008	104.5
907	A	8	1	113	115	65.43	73.17	3509.666667	10.000	0.23858986	5.87029	5.896662	4.126662	3.952162	104.5
907	A	8	1	113	115	65.43	73.17	3509.666667	10.000	0.24825896	6.154675	6.189665	4.419665	4.245165	104.5
907	A	8	1	114	116	65.44	73.18	3510.304136	10.000	0.20370875	4.844375	4.839659	3.069659	2.895127	104.35
907	A	8	1	114	116	65.44	73.18	3510.304136	10.000	0.22954713	5.604327	5.62264	3.85264	3.678108	104.35
907	A	8	1	114	116	65.44	73.18	3510.304136	10.000	0.23367785	5.725819	5.747814	3.977814	3.803281	104.35
907	A	8	1	115	117	65.45	73.19	3510.941606	10.000	0.28068968	7.10852	7.172415	5.402415	5.227851	103.95
907	A	8	1	120	122	65.5	73.24	3514.128954	10.000	0.33179467	8.611608	8.721051	6.951051	6.776328	103.2
907	A	8	1	125	127	65.55	73.29	3517.316302	10.000	0.35258418	9.223064	9.351036	7.581036	7.406155	102.15
907	A	8	1	129	131	65.59	73.33	3519.86618	10.000	0.27525914	6.948798	7.007853	5.237853	5.062845	101.8
907	A	8	1	129	131	65.59	73.33	3519.86618	10.000	0.33151055	8.603251	8.712441	6.942441	6.767433	101.8
907	A	8	1	130	132	65.6	73.34	3520.50365	10.000	0.30497274	7.822728	7.908265	6.138265	5.963225	101.2
907	A	8	1	130	132	65.6	73.34	3520.50365	10.000	0.31259633	8.046951	8.139283	6.369283	6.194243	101.2
907	A	8	1	132	134	65.62	73.36	3521.778589	10.000	0.4324872	11.57315	11.77234	10.00234	9.827237	101.35
907	A	8	1	135	137	65.65	73.39	3523.690998	10.000	0.2695848	6.781906	6.835903	5.065903	4.890705	100.4
907	A	8	1	140	142	65.7	73.44	3526.878345	10.000	0.23502	5.765294	5.788485	4.018485	3.843128	99.4
907	A	8	1	145	147	65.75	73.49	3530.065693	10.000	0.25714444	6.416013	6.458922	4.688922	4.513408	97.95
907	A	8	2	0	2	65.8	73.54	3533.253041	10.000	0.27138244	6.834778	6.890377	5.120377	4.944704	97.25
907	A	8	2	0	2	65.8	73.54	3533.253041	10.000	0.28071987	7.109408	7.173329	5.403329	5.227656	97.25
907	A	8	2	0	2	65.8	73.54	3533.253041	10.000	0.2943446	7.510135	7.5862	5.8162	5.640527	97.25
907	A	8	2	4	6	65.84	73.58	3535.80292	10.000	0.21741537	5.247511	5.255011	3.485011	3.309211	96.25
907	A	8	2	4	6	65.84	73.58	3535.80292	10.000	0.2242682	5.449065	5.462673	3.692673	3.516873	96.25
907	A	8	2	4	6	65.84	73.58	3535.80292	10.000	0.32619444	8.446895	8.551347	6.781347	6.605547	96.25
907	A	8	2	4	6	65.84	73.58	3535.80292	10.000	0.33914438	8.827776	8.943769	7.173769	6.997969	96.25
907	A	8	2	5	7	65.85	73.59	3536.440389	10.000	0.30266572	7.754874	7.838355	6.068355	5.892523	96.55
907	A	8	2	5	7	65.85	73.59	3536.440389	10.000	0.30276687	7.757849	7.84142	6.07142	5.895588	96.55
907	A	8	2	7	9	65.87	73.61	3537.715328	10.000	0.24422169	6.035932	6.067324	4.297324	4.121429	95.5
907	A	8	2	7	9	65.87	73.61	3537.715328	10.000	0.26778798	6.729058	6.781454	5.011454	4.835559	95.5
907	A	8	2	7	9	65.87	73.61	3537.715328	10.000	0.29674734	7.580804	7.65901	5.88901	5.713115	95.5
907	A	8	2	7	9	65.87	73.61	3537.715328	10.000	0.30349242	7.779189	7.863407	6.093407	5.917511	95.5
907	A	8	2	10	12	65.9	73.64	3539.627737	10.000	0.32228627	8.331949	8.432917	6.662917	6.486927	94.75
907	A	8	2	10	12	65.9	73.64	3539.627737	10.000	0.32331903	8.362324	8.464213	6.694213	6.518223	94.75
907	A	8	2	13	15	65.93	73.67	3541.540146	10.000	0.25593178	6.380346	6.422175	4.652175	4.47609	94.4
907	A	8	2	13	15	65.93	73.67	3541.540146	10.000	0.27750565	7.014872	7.075929	5.305929	5.129843	94.4
907	A	8	2	13	15	65.93	73.67	3541.540146	10.000	0.35834825	9.392596	9.525705	7.755705	7.579619	94.4
907	A	8	2	13	15	65.93	73.67	3541.540146	10.000	0.36656442	9.634248	9.774679	8.004679	7.828594	94.4
907	A	8	2	15	17	65.95	73.69	3542.815085	10.000	0.27242035	6.865304	6.921829	5.151829	4.97568	94
907	A	8	2	15	17	65.95	73.69	3542.815085	10.000	0.27458298	6.928911	6.987363	5.217363	5.041214	94
907	A	8	2	20	22	66	73.74	3546.002433	10.000	0.25347644	6.308131	6.347771	4.577771	4.401464	93.1
907	A	8	2	20	22	66	73.74	3546.002433	10.000	0.25858509	6.458385	6.502578	4.732578	4.556271	93.1
907	A	8	2	22	24	66.02	73.76	3547.277372	10.000	0.18224453	4.213074	4.189228	2.419228	2.242858	92.9
907	A	8	2	22	24	66.02	73.76	3547.277372	10.000	0.1910877	4.473168	4.457203	2.687203	2.510832	92.9
907	A	8	2	25	27	66.05	73.79	3549.189781	10.000	0.16337165	3.65799	3.617323	1.847323	1.670857	92.3
907	A	8	2	25	27	66.05	73.79	3549.189781	10.000	0.16467853	3.696427	3.656925	1.886925	1.710459	92.3
907	A	8	2	25	27	66.05	73.79	3549.189781	10.000	0.16820128	3.800038	3.763675	1.993675	1.817209	92.3
907	A	8	2	25	27	66.05	73.79	3549.189781	10.000	0.19267853	4.519957	4.50541	2.73541	2.558944	92.3
907	A	8	2	25	27	66.05	73.79	3549.189781	10.000	0.15991291	3.556262	3.512512	1.742512	1.566047	92.3
907	A	8	2	25	27	66.05	73.79	3549.189781	10.000	0.16059466	3.576314	3.533172	1.763172	1.586706	92.3
907	A	8	2	30	32	66.1	73.84	3552.377129	10.000	0.200282	4.743588	4.735818	2.965818	2.789194	91.3
907	A	8	2	30	32	66.1	73.84	3552.377129	10.000	0.20544036	4.895305	4.892132	3.122132	2.945508	91.3
907	A	8	2	35	37	66.15	73.89	3555.564477	10.000	0.19311059	4.532664	4.518503	2.748503	2.57172	90.2
907	A	8	2	35	37	66.15	73.89	3555.564477	10.000	0.20582333	4.906569	4.903737	3.133737	2.956955	90.2
907	A	8	2	40	42	66.2	73.94	3558.751825	10.000	0.18488279	4.29067	4.269175	2.499175	2.322234	89.35
907	A	8	2	40	42	66.2	73.94	3558.751825	10.000	0.18874972	4.404404	4.386355	2.616355	2.439414	89.35
907	A	8	2	40	42	66.2	73.94	3558.751825	10.000	0.1916981	4.491121	4.4757	2.7057	2.528759	89.35
907	A	8	2	45	47	66.25	73.99	3561.939173	10.000	0.21441544	5.159278	5.164104	3.394104	3.217005	88.55
907	A	8	2	45	47	66.25	73.99	3561.939173	10.000	0.21444476	5.16014	5.164993	3.394993	3.217893	88.55
907	A	8	2	50	52	66.3	74.04	3565.126521	10.000	0.2400432	5.913035	5.940703	4.170703	3.993445	87.55
907	A	8	2	50	52	66.3	74.04	3565.126521	10.000	0.24603422	6.089242	6.122249	4.352249	4.174991	87.55
907	A	8	2	55	57	66.35	74.09	3568.313869	10.000	0.25561503	6.37103	6.412577	4.642577	4.46516	86.9
907	A	8	2	55	57	66.35	74.09	3568.313869	10.000	0.2557712	6.375624	6.417309	4.647309	4.469893	86.9
907	A	8	2	60	62	66.4	74.14	3571.501217	10.000	0.26385399	6.613353	6.662242	4.892242	4.714667	86.1
907	A	8	2	60	62	66.4	74.14	3571.501217	10.000	0.26478421	6.640712	6.690431	4.920431	4.742856	86.1
907	A	8	2	65	67	66.45	74.19	3574.688564	10.000	0.25894355	6.468928	6.513441	4.743441	4.565707	85.4
907	A	8	2	65	67	66.45	74.19	3574.688564	10.000	0.26087632	6.525774	6.57201	4.80201	4.624276	85.4
907	A	8	2	70	72	66.5	74.24	3577.875912	10.000	0.2393079	5.891409	5.918421	4.148421	3.970529	84.5
907	A	8	2	70	72	66.5	74.24	3577.875912	10.000	0.24016486	5.916614	5.94439	4.17439	3.996498	84.5
907	A	8	2	75	77	66.55	74.29	3581.06326	10.000	0.24179845	5.96466	5.993892	4.223892	4.045842	84.1
907	A	8	2	80	82	66.6	74.34	3584.250608	10.000	0.28614782	7.269054	7.337813	5.567813	5.389604	83.55
907	A	8	2	80	82	66.6	74.34	3584.250608	10.000	0.28786133	7.319451	7.389737	5.619737	5.441528	83.55
907	A	8	2	85	87	66.65	74.39	3587.437956	10.000	0.29300798	7.470823	7.545696	5.775696	5.597329	82.9
907	A	8	2	90	92	66.7	74.44	3590.625304	10.000	0.27554588	6.957232	7.016542	5.246542	5.068016	82.55
907	A	8	2	95	97	66.75	74.49	3593.812652	10.000	0.21123613	5.065769	5.067762	3.297762	3.119077	82.2
907	A	8	2	100	102	66.8	74.54	3597	10.000	0.25705079	6.413259	6.456085	4.686085	4.507242	81.45
907	A	8	2	105	107	66.85	74.59	3606.365079	20	0.24554706	6.074914	6.107487	4.337487	4.158178	80.9
907	A	8	2	105	107	66.85	74.59	3606.365079	20	0.25215478	6.269258	6.307721	4.537721	4.358412	80.9
907	A	8	2	110	112	66.9	74.64	3615.730159	20	0.27306958	6.884399	6.941502	5.171502	4.991728	80.75
907	A	8	2	115	117	66.95	74.69	3625.095238	20	0.22697969	5.528814	5.544839	3.774839	3.594599	80.55
907	A	8	2	120	122	67	74.74	3634.460317	20	0.26850522	6.750154	6.803188	5.033188	4.852483	80.05
907	A	8	2	124	126	67.04	74.78	3641.952381	20	0.24985319	6.201564	6.237975	4.467975	4.286898	79.9
907	A	8	2	125	127	67.05	74.79	3643.825397	20	0.24679455	6.111604	6.145289	4.375289	4.194118	80
907	A	8	2	130	132	67.1	74.84	3653.190476	20	0.24666221	6.107712	6.141279	4.371279	4.189642	79.85
907	A	8	2	135	137	67.15	74.89	3662.555556	20	0.24571899	6.07997	6.112697	4.342697	4.160594	79.65
907	A	8	2	142	144	67.22	74.96	3675.666667	20	0.26325164	6.595636	6.643989	4.873989	4.691235	79.45
907	A	8	2	142	144	67.22	74.96	3675.666667	20	0.26450386	6.632466	6.681935	4.911935	4.729181	79.45
907	A	8	2	145	147	67.25	74.99	3681.285714	20	0.26308085	6.590613	6.638814	4.868814	4.68578	79.6
907	A	8	3	0	2	67.3	75.04	3690.650794	20	0.29768185	7.60829	7.687329	5.917329	5.73383	79.45
907	A	8	3	0	2	67.3	75.04	3690.650794	20	0.3012675	7.71375	7.795985	6.025985	5.842486	79.45
907	A	8	3	3	5	67.33	75.07	3696.269841	20	0.31428912	8.096739	8.190579	6.420579	6.236801	79.45
907	A	8	3	5	7	67.35	75.09	3700.015873	20	0.28688347	7.29069	7.360105	5.590105	5.40614	79.45
907	A	8	3	10	12	67.4	75.14	3709.380952	20	0.28589684	7.261672	7.330207	5.560207	5.375777	79.2
907	A	8	3	15	17	67.45	75.19	3718.746032	20	0.25208358	6.267164	6.305563	4.535563	4.350667	79
907	A	8	3	20	22	67.5	75.24	3728.111111	20	0.25223577	6.27164	6.310175	4.540175	4.354813	79.15
907	A	8	3	23	25	67.53	75.27	3733.730159	20	0.22622652	5.506662	5.522016	3.752016	3.566375	79.25
907	A	8	3	25	27	67.55	75.29	3737.47619	20	0.23385378	5.730994	5.753145	3.983145	3.797318	79.4
907	A	8	3	30	32	67.6	75.34	3746.84127	20	0.20334624	4.833713	4.828674	3.058674	2.872381	80.05
907	A	8	3	30	32	67.6	75.34	3746.84127	20	0.20661994	4.929998	4.927877	3.157877	2.971584	80.05
907	A	8	3	35	37	67.65	75.39	3756.206349	20	0.19665913	4.637033	4.626034	2.856034	2.669276	80.4
907	A	8	3	36	38	67.66	75.4	3758.079365	20	0.2077782	4.964065	4.962976	3.192976	3.006124	80.45
907	A	8	3	36	38	67.66	75.4	3758.079365	20	0.21268451	5.108368	5.111652	3.341652	3.1548	80.45
907	A	8	3	40	42	67.7	75.44	3765.571429	20	0.21428571	5.155462	5.160173	3.390173	3.202949	81.1
907	A	8	3	45	47	67.75	75.49	3774.936508	20	0.1802091	4.153209	4.127548	2.357548	2.169859	81.45
907	A	8	3	45	47	67.75	75.49	3774.936508	20	0.20191829	4.791714	4.785403	3.015403	2.827713	81.45
907	A	8	3	50	52	67.8	75.54	3784.301587	20	0.21456807	5.163767	5.168729	3.398729	3.210574	82.3
907	A	8	3	50	52	67.8	75.54	3784.301587	20	0.21984397	5.31894	5.328605	3.558605	3.37045	82.3
907	A	8	3	55	57	67.85	75.59	3793.666667	20	0.15439915	3.394093	3.345429	1.575429	1.386808	82.55
907	A	8	3	55	57	67.85	75.59	3793.666667	20	0.16232008	3.627061	3.585457	1.815457	1.626836	82.55
907	A	8	3	60	62	67.9	75.64	3803.031746	20	0.23244131	5.68945	5.710343	3.940343	3.751256	83.05
907	A	8	3	65	67	67.95	75.69	3812.396825	20	0.23824961	5.860283	5.886352	4.116352	3.926799	83.35
907	A	8	3	67	69	67.97	75.71	3816.142857	20	0.21450853	5.162016	5.166925	3.396925	3.207187	83.35
907	A	8	3	72	74	68.02	75.76	3825.507937	20	0.16617695	3.740499	3.702332	1.932332	1.742128	84.15
907	A	8	3	72	74	68.02	75.76	3825.507937	20	0.1786064	4.106071	4.078982	2.308982	2.118778	84.15
907	A	8	3	72	74	68.02	75.76	3825.507937	20	0.22638957	5.511458	5.526957	3.756957	3.566752	84.15
907	A	8	3	73	75	68.03	75.77	3827.380952	20	0.21576339	5.198923	5.204951	3.434951	3.244654	83.95
907	A	8	3	75	77	68.05	75.79	3831.126984	20	0.22638957	5.511458	5.526957	3.756957	3.566473	84.1
907	A	8	3	75	77	68.05	75.79	3831.126984	20	0.21576339	5.198923	5.204951	3.434951	3.244468	84.1
907	A	8	3	80	82	68.1	75.84	3840.492063	20	0.1775491	4.074974	4.046942	2.276942	2.085993	84.8
907	A	8	3	80	82	68.1	75.84	3840.492063	20	0.1786064	4.106071	4.078982	2.308982	2.118033	84.8
907	A	8	3	82	84	68.12	75.86	3844.238095	20	0.18513497	4.298087	4.276817	2.506817	2.315682	85
907	A	8	3	82	84	68.12	75.86	3844.238095	20	0.19743803	4.659942	4.649637	2.879637	2.688502	85
907	A	8	3	84	86	68.14	75.88	3847.984127	20	0.18513497	4.298087	4.276817	2.506817	2.315496	85.25
907	A	8	3	84	86	68.14	75.88	3847.984127	20	0.19743803	4.659942	4.649637	2.879637	2.688316	85.25
907	A	8	3	85	87	68.15	75.89	3849.857143	20	0.18473835	4.286422	4.264798	2.494798	2.303384	85.05
907	A	8	3	92	94	68.22	75.96	3862.968254	20	0.13445431	2.80748	2.74104	0.97104	0.778973	86.05
907	A	8	3	92	94	68.22	75.96	3862.968254	20	0.14007292	2.972733	2.911301	1.141301	0.949234	86.05
907	A	8	3	95	97	68.25	75.99	3868.587302	20	0.19768101	4.667089	4.657	2.887	2.694654	86.5
907	A	8	3	96	98	68.26	76	3870.460317	20	0.28705279	7.29567	7.365236	5.595236	5.402797	86.3
907	A	8	3	100	102	68.3	76.04	3877.952381	20	0.21239849	5.099956	5.102985	3.332985	3.140173	86.95
907	A	8	3	103	105	68.33	76.07	3883.571429	20	0.23445505	5.748678	5.771365	4.001365	3.808274	69.55
907	A	8	3	105	107	68.35	76.09	3887.31746	20	0.24270109	5.991209	6.021245	4.251245	4.057968	87.55
907	A	8	3	105	107	68.35	76.09	3887.31746	20	0.24293438	5.99807	6.028315	4.258315	4.065037	87.55
907	A	8	3	110	112	68.4	76.14	3896.68254	20	0.27081162	6.817989	6.873079	5.103079	4.909336	88.2
907	A	8	3	115	117	68.45	76.19	3906.047619	20	0.25046152	6.219456	6.25641	4.48641	4.292201	88.65
907	A	8	3	115	117	68.45	76.19	3906.047619	20	0.25312526	6.297802	6.337129	4.567129	4.37292	88.65
907	A	8	3	115	117	68.45	76.19	3906.047619	20	0.20788815	4.967299	4.966308	3.196308	3.002099	88.65
907	A	8	3	115	117	68.45	76.19	3906.047619	20	0.21256023	5.104713	5.107886	3.337886	3.143677	88.65
907	A	8	3	120	122	68.5	76.24	3915.412698	20	0.2458168	6.082847	6.115661	4.345661	4.150986	89.3
907	A	8	3	121	123	68.51	76.25	3917.285714	20	0.24768618	6.137829	6.172308	4.402308	4.207541	89.4
907	A	8	3	125	127	68.55	76.29	3924.777778	20	0.24509982	6.061759	6.093934	4.323934	4.128794	90.35
907	A	8	3	127	129	68.57	76.31	3928.52381	20	0.23905866	5.884078	5.910868	4.140868	3.945542	90.5
907	A	8	3	127	129	68.57	76.31	3928.52381	20	0.2414076	5.953165	5.982048	4.212048	4.016722	90.5
907	A	8	3	127	129	68.57	76.31	3928.52381	20	0.23920179	5.888288	5.915206	4.145206	3.94988	90.5
907	A	8	3	127	129	68.57	76.31	3928.52381	20	0.24127869	5.949373	5.978142	4.208142	4.012816	90.5
907	A	8	3	129	131	68.59	76.33	3932.269841	20	0.23920179	5.888288	5.915206	4.145206	3.949693	90.75
907	A	8	3	129	131	68.59	76.33	3932.269841	20	0.24127869	5.949373	5.978142	4.208142	4.01263	90.75
907	A	8	3	130	132	68.6	76.34	3934.142857	20	0.33668001	8.755294	8.869091	7.099091	6.903486	90.8
907	A	8	3	130	132	68.6	76.34	3934.142857	20	0.23266078	5.695905	5.716993	3.946993	3.751388	90.8
907	A	8	3	133	135	68.63	76.37	3939.761905	20	0.24635521	6.098683	6.131976	4.361976	4.166091	91.25
907	A	8	3	135	137	68.65	76.39	3943.507937	20	0.22023393	5.33041	5.340422	3.570422	3.374351	91.75
907	A	8	3	136	138	68.66	76.4	3945.380952	20	0.23816198	5.857705	5.883696	4.113696	3.917532	92
907	A	8	3	139	141	68.69	76.43	3951	20	0.23691197	5.82094	5.845817	4.075817	3.879374	92.7
907	A	8	3	140	142	68.7	76.44	3952.873016	20	0.22498141	5.470041	5.484285	3.714285	3.517748	92.7
907	A	8	3	140	142	68.7	76.44	3952.873016	20	0.24084364	5.936578	5.964959	4.194959	3.998422	92.7
907	A	8	3	142	144	68.72	76.46	3956.619048	20	0.26397532	6.616921	6.665919	4.895919	4.699196	93.05
907	A	8	3	145	147	68.75	76.49	3962.238095	20	0.31450163	8.102989	8.197019	6.427019	6.230017	93.4
907	A	8	3	145	147	68.75	76.49	3962.238095	20	0.27516294	6.945969	7.004938	5.234938	5.037935	93.4
907	A	8	3	145	147	68.75	76.49	3962.238095	20	0.28697591	7.293409	7.362906	5.592906	5.395904	93.4
907	A	8	3	145	147	68.75	76.49	3962.238095	20	0.3111932	8.005682	8.096764	6.326764	6.129761	93.4
907	A	8	3	148	150	68.78	76.52	3967.857143	20	0.30014574	7.680757	7.761992	5.991992	5.79471	93.8
907	A	8	4	1	3	68.81	76.55	3973.47619	20	0.26562602	6.665471	6.71594	4.94594	4.748379	94.35
907	A	8	4	4	6	68.84	76.58	3979.095238	20	0.2697259	6.786056	6.840179	5.070179	4.872338	94.85
907	A	8	4	7	9	68.87	76.61	3984.714286	20	0.3159042	8.144241	8.239521	6.469521	6.271401	95.3
907	A	8	4	9	11	68.89	76.63	3988.460317	20	0.24334873	6.010257	6.040871	4.270871	4.072564	95.75
907	A	8	4	10	12	68.9	76.64	3990.333333	20	0.22738782	5.540818	5.557207	3.787207	3.588807	95.85
907	A	8	4	10	12	68.9	76.64	3990.333333	20	0.22900769	5.588461	5.606294	3.836294	3.637894	95.85
907	A	8	4	13	15	68.93	76.67	3995.952381	20	0.26210691	6.561968	6.6093	4.8393	4.640622	96.25
907	A	8	4	16	18	68.96	76.7	4001.571429	20	0.30883036	7.936187	8.025162	6.255162	6.056204	96.95
907	A	8	4	19	21	68.99	76.73	4007.190476	20	0.23832084	5.862378	5.88851	4.11851	3.919273	97.15
907	A	8	4	22	24	69.02	76.76	4012.809524	20	0.23126782	5.654936	5.674782	3.904782	3.705266	97.6
907	A	8	4	22	24	69.02	76.76	4012.809524	20	0.23329082	5.714436	5.736085	3.966085	3.766569	97.6
907	A	8	4	25	27	69.05	76.79	4018.428571	20	0.25472218	6.34477	6.385521	4.615521	4.415724	98.1
907	A	8	4	28	30	69.08	76.82	4024.047619	20	0.26057114	6.516798	6.562762	4.792762	4.592686	98.65
907	A	8	4	31	33	69.11	76.85	4029.666667	20	0.26667312	6.696268	6.74767	4.97767	4.777315	99.15
907	A	8	4	34	36	69.14	76.88	4035.285714	20	0.30129224	7.714478	7.796735	6.026735	5.8261	99.75
907	A	8	4	34	36	69.14	76.88	4035.285714	20	0.30386444	7.790131	7.87468	6.10468	5.904046	99.75
907	A	8	4	37	39	69.17	76.91	4040.904762	20	0.32647137	8.45504	8.559738	6.789738	6.588825	100.3
907	A	8	4	40	42	69.2	76.94	4046.52381	20	0.30108281	7.708318	7.790388	6.020388	5.819195	100.65
907	A	8	4	40	42	69.2	76.94	4046.52381	20	0.30220681	7.741377	7.824449	6.054449	5.853256	100.65
907	A	8	4	46	48	69.26	77	4057.761905	20	0.35327727	9.243449	9.372038	7.602038	7.400287	102.1
907	A	8	4	49	51	69.29	77.03	4063.380952	20	0.34609242	9.03213	9.154316	7.384316	7.182284	102.75
907	A	8	4	49	51	69.29	77.03	4063.380952	20	0.34923465	9.124549	9.249535	7.479535	7.277504	102.75
907	A	8	4	52	54	69.32	77.06	4069	20	0.29873831	7.639362	7.719343	5.949343	5.747032	103.2
907	A	8	4	55	57	69.35	77.09	4074.619048	20	0.24744916	6.130858	6.165126	4.395126	4.192536	104
907	A	8	4	55	57	69.35	77.09	4074.619048	20	0.26685636	6.701658	6.753223	4.983223	4.780633	104
907	A	8	4	55	57	69.35	77.09	4074.619048	20	0.29382195	7.494763	7.570362	5.800362	5.597772	104
907	A	8	4	58	60	69.38	77.12	4080.238095	20	0.26051066	6.515019	6.560929	4.790929	4.58806	104.35
907	A	8	4	61	63	69.41	77.15	4085.857143	20	0.34069689	8.873438	8.990815	7.220815	7.017666	104.95
907	A	8	4	61	63	69.41	77.15	4085.857143	20	0.34146589	8.896056	9.014118	7.244118	7.040969	104.95
907	A	8	4	61	63	69.41	77.15	4085.857143	20	0.34177078	8.905023	9.023357	7.253357	7.050208	104.95
907	A	8	4	64	66	69.44	77.18	4091.47619	20	0.29362616	7.489005	7.564429	5.794429	5.591001	105.75
907	A	8	4	64	66	69.44	77.18	4091.47619	20	0.30059719	7.694035	7.775672	6.005672	5.802244	105.75
907	A	8	4	67	69	69.47	77.21	4097.095238	20	0.2834274	7.189041	7.255376	5.485376	5.281668	106.5
907	A	8	4	67	69	69.47	77.21	4097.095238	20	0.28376169	7.198873	7.265506	5.495506	5.291798	106.5
907	A	8	4	69	71	69.49	77.23	4100.84127	20	0.32043824	8.277595	8.376916	6.606916	6.403023	106.9
907	A	8	4	71	73	69.51	77.25	4104.587302	20	0.27640646	6.982543	7.04262	5.27262	5.06854	107.4
907	A	8	4	73	75	69.53	77.27	4108.333333	20	0.26241669	6.571079	6.618688	4.848688	4.644421	107.75
907	A	8	4	73	75	69.53	77.27	4108.333333	20	0.26383871	6.612903	6.661779	4.891779	4.687513	107.75
907	A	8	4	76	78	69.56	77.3	4113.952381	20	0.25834446	6.451308	6.495287	4.725287	4.520741	108.75
907	A	8	4	79	81	69.59	77.33	4119.571429	20	0.25211471	6.26808	6.306506	4.536506	4.331681	109.45
907	A	8	4	79	81	69.59	77.33	4119.571429	20	0.25401476	6.323964	6.364084	4.594084	4.389259	109.45
907	A	8	4	79	81	69.59	77.33	4119.571429	20	0.25515954	6.357634	6.398774	4.628774	4.423949	109.45
907	A	8	4	82	84	69.62	77.36	4125.190476	20	0.24408954	6.032045	6.063319	4.293319	4.088215	110.25
907	A	8	4	82	84	69.62	77.36	4125.190476	20	0.25114035	6.239422	6.27698	4.50698	4.301876	110.25
907	A	8	4	82	84	69.62	77.36	4125.190476	20	0.2640466	6.619018	6.668079	4.898079	4.692974	110.25
907	A	8	4	84	86	69.64	77.38	4128.936508	20	0.25144696	6.24844	6.286272	4.516272	4.310981	110.6
907	A	8	4	84	86	69.64	77.38	4128.936508	20	0.25451035	6.33854	6.379102	4.609102	4.403811	110.6
907	A	8	4	85	87	69.65	77.39	4130.809524	20	0.26556259	6.663606	6.714018	4.944018	4.738634	110.85
907	A	8	4	88	90	69.68	77.42	4136.428571	20	0.2746341	6.930415	6.988912	5.218912	5.013249	111.55
907	A	8	4	88	90	69.68	77.42	4136.428571	20	0.27760138	7.017688	7.07883	5.30883	5.103166	111.55
907	A	8	4	91	93	69.71	77.45	4142.047619	20	0.26552349	6.662456	6.712833	4.942833	4.73689	112.1
907	A	8	4	91	93	69.71	77.45	4142.047619	20	0.26755419	6.722182	6.774369	5.004369	4.798427	112.1
907	A	8	4	94	96	69.74	77.48	4147.666667	20	0.30009349	7.67922	7.760409	5.990409	5.784187	112.7
907	A	8	4	97	99	69.77	77.51	4153.285714	20	0.27893558	7.056929	7.11926	5.34926	5.142759	113.8
907	A	8	4	100	102	69.8	77.54	4158.904762	20	0.28121045	7.123837	7.188195	5.418195	5.211415	114.5
907	A	8	4	103	105	69.83	77.57	4164.52381	20	0.25189827	6.261714	6.299948	4.529948	4.322887	115.05
907	A	8	4	103	105	69.83	77.57	4164.52381	20	0.25916916	6.475564	6.520278	4.750278	4.543217	115.05
907	A	8	4	106	108	69.86	77.6	4170.142857	20	0.27186129	6.848861	6.904888	5.134888	4.927548	115.85
907	A	8	4	106	108	69.86	77.6	4170.142857	20	0.279119	7.062324	7.124818	5.354818	5.147479	115.85
907	A	8	4	109	111	69.89	77.63	4175.761905	20	0.26302465	6.58896	6.637111	4.867111	4.659492	116.2
907	A	8	4	112	114	69.92	77.66	4181.380952	20	0.26091537	6.526923	6.573193	4.803193	4.595295	116.7
907	A	8	4	115	117	69.95	77.69	4187	20	0.29759595	7.605763	7.684726	5.914726	5.706548	117.9
907	A	8	4	115	117	69.95	77.69	4187	20	0.29804065	7.618843	7.698202	5.928202	5.720024	117.9
907	A	8	4	118	120	69.98	77.72	4190.081818	20	0.30063076	7.695022	7.77669	6.00669	5.798359	118.55
907	A	8	4	121	123	70.01	77.75	4193.163636	20	0.27081374	6.818051	6.873144	5.103144	4.89466	118.8
907	A	8	4	124	126	70.04	77.78	4196.245455	20	0.30657247	7.869779	7.956742	6.186742	5.978104	118.1
907	A	8	4	127	129	70.07	77.81	4199.327273	20	0.30824747	7.919043	8.007499	6.237499	6.028709	117.05
907	A	8	4	127	129	70.07	77.81	4199.327273	20	0.31435413	8.098651	8.192549	6.422549	6.213759	117.05
907	A	8	4	130	132	70.1	77.84	4202.409091	20	0.33108806	8.590825	8.699638	6.929638	6.720694	116.3
907	A	8	4	133	135	70.13	77.87	4205.490909	20	0.34061822	8.871124	8.988431	7.218431	7.009334	115.45
907	A	8	4	133	135	70.13	77.87	4205.490909	20	0.3476448	9.077788	9.201358	7.431358	7.222261	115.45
907	A	8	4	135	137	70.15	77.89	4207.545455	20	0.25819958	6.447046	6.490896	4.720896	4.511697	115
907	A	8	4	136	138	70.16	77.9	4208.572727	20	0.30373038	7.786188	7.870618	6.100618	5.891367	114.65
907	A	8	4	139	141	70.19	77.93	4211.654545	20	0.30202465	7.736019	7.818929	6.048929	5.839525	114.1
907	A	8	4	142	144	70.22	77.96	4214.736364	20	0.28942046	7.365308	7.436984	5.666984	5.457427	113.25
907	A	8	4	142	144	70.22	77.96	4214.736364	20	0.29207413	7.443357	7.517398	5.747398	5.537841	113.25
907	A	8	4	145	147	70.25	77.99	4217.818182	20	0.29458577	7.517229	7.593508	5.823508	5.613798	112.3
907	A	8	4	148	150	70.28	78.02	4220.9	20	0.29845803	7.631119	7.710849	5.940849	5.730986	111.45
907	A	8	5	0	2	70.3	78.04	4222.954545	20	0.2943446	7.510135	7.5862	5.8162	5.606235	111
907	A	8	5	1	3	70.31	78.05	4223.981818	20	0.30952226	7.956537	8.046129	6.276129	6.066113	110.7
907	A	8	5	4	6	70.34	78.08	4227.063636	20	0.30534286	7.833614	7.919481	6.149481	5.939311	110.05
907	A	8	5	5	7	70.35	78.09	4228.090909	20	0.34382017	8.965299	9.08546	7.31546	7.105239	109.75
907	A	8	5	7	9	70.37	78.11	4230.145455	20	0.29881418	7.641594	7.721642	5.951642	5.741319	109.4
907	A	8	5	7	9	70.37	78.11	4230.145455	20	0.30242112	7.74768	7.830943	6.060943	5.85062	109.4
907	A	8	5	10	12	70.4	78.14	4233.227273	20	0.25625116	6.38974	6.431853	4.661853	4.451377	108.65
907	A	8	5	10	12	70.4	78.14	4233.227273	20	0.26493137	6.64504	6.69489	4.92489	4.714414	108.65
907	A	8	5	10	12	70.4	78.14	4233.227273	20	0.29389342	7.496865	7.572528	5.802528	5.592052	108.65
907	A	8	5	10	12	70.4	78.14	4233.227273	20	0.30557585	7.840466	7.926541	6.156541	5.946065	108.65
907	A	8	5	10	12	70.4	78.14	4233.227273	20	0.30836639	7.922541	8.011103	6.241103	6.030627	108.65
907	A	8	5	10	12	70.4	78.14	4233.227273	20	0.31116012	8.004709	8.095761	6.325761	6.115285	108.65
907	A	8	5	13	15	70.43	78.17	4236.309091	20	0.28192431	7.144833	7.209828	5.439828	5.229198	107.75
907	A	8	5	15	17	70.45	78.19	4238.363636	20	0.29189877	7.438199	7.512084	5.742084	5.531352	107.55
907	A	8	5	15	17	70.45	78.19	4238.363636	20	0.29909906	7.649972	7.730275	5.960275	5.749543	107.55
907	A	8	5	16	18	70.46	78.2	4239.390909	20	0.33054067	8.574726	8.683051	6.913051	6.702268	106.9
907	A	8	5	19	21	70.49	78.23	4242.472727	20	0.298717	7.638735	7.718697	5.948697	5.737761	106.2
907	A	8	5	19	21	70.49	78.23	4242.472727	20	0.29891588	7.644585	7.724724	5.954724	5.743788	106.2
907	A	8	5	20	22	70.5	78.24	4243.5	20	0.30773583	7.903995	7.991995	6.221995	6.011008	106
907	A	8	5	22	24	70.52	78.26	4245.554545	20	0.28781495	7.318087	7.388332	5.618332	5.407243	105.5
907	A	8	5	22	24	70.52	78.26	4245.554545	20	0.28822058	7.330017	7.400624	5.630624	5.419535	105.5
907	A	8	5	25	27	70.55	78.29	4248.636364	20	0.25117703	6.240501	6.278092	4.508092	4.29685	104.75
907	A	8	5	25	27	70.55	78.29	4248.636364	20	0.26640093	6.688263	6.739422	4.969422	4.75818	104.75
907	A	8	5	28	30	70.58	78.32	4251.718182	20	0.2678647	6.731315	6.783779	5.013779	4.802383	104.05
907	A	8	5	30	32	70.6	78.34	4253.772727	20	0.32467552	8.402221	8.505319	6.735319	6.523821	103.6
907	A	8	5	30	32	70.6	78.34	4253.772727	20	0.32513469	8.415726	8.519233	6.749233	6.537735	103.6
907	A	8	5	30	32	70.6	78.34	4253.772727	20	0.30536321	7.834212	7.920097	6.150097	5.9386	103.6
907	A	8	5	30	32	70.6	78.34	4253.772727	20	0.32639519	8.4528	8.55743	6.78743	6.575932	103.6
907	A	8	5	31	33	70.61	78.35	4254.8	20	0.27784159	7.024753	7.086109	5.316109	5.10456	103.45
907	A	8	5	34	36	70.64	78.38	4257.881818	20	0.27876914	7.052034	7.114216	5.344216	5.132514	102.55
907	A	8	5	35	37	70.65	78.39	4258.909091	20	0.28583664	7.259901	7.328383	5.558383	5.34663	102.6
907	A	8	5	40	42	70.7	78.44	4264.045455	20	0.28281011	7.170886	7.23667	5.46667	5.254662	101.4
907	A	8	5	45	47	70.75	78.49	4269.181818	20	0.28530119	7.244153	7.312157	5.542157	5.329894	100.1
907	A	8	5	45	47	70.75	78.49	4269.181818	20	0.2879133	7.320979	7.391312	5.621312	5.409048	100.1
907	A	8	5	50	52	70.8	78.54	4274.318182	20	0.26681492	6.700439	6.751967	4.981967	4.769448	99.15
907	A	8	5	55	57	70.85	78.59	4279.454545	20	0.26174313	6.551269	6.598277	4.828277	4.615502	97.85
907	A	8	5	60	62	70.9	78.64	4284.590909	20	0.25979735	6.49404	6.539314	4.769314	4.556284	96.65
907	A	8	5	65	67	70.95	78.69	4289.727273	20	0.25752353	6.427163	6.47041	4.70041	4.487125	95.55
907	A	8	5	70	72	71	78.74	4294.863636	20	0.24456097	6.045911	6.077605	4.307605	4.094065	94.75
907	A	8	5	75	77	71.05	78.79	4300	20	0.26524266	6.654196	6.704323	4.934323	4.720527	93.55
907	A	8	5	75	77	71.05	78.79	4300	20	0.26610427	6.679537	6.730432	4.960432	4.746636	93.55
907	A	8	5	75	77	71.05	78.79	4300	20	0.26732845	6.715543	6.767529	4.997529	4.783733	93.55
907	A	8	5	75	77	71.05	78.79	4300	20	0.26836669	6.746079	6.798991	5.028991	4.815195	93.55
907	A	8	5	80	82	71.1	78.84	4316.083333	20	0.26721541	6.712218	6.764103	4.994103	4.779508	92.65
907	A	8	5	80	82	71.1	78.84	4316.083333	20	0.32123063	8.300901	8.400928	6.630928	6.416333	92.65
907	C	8	5	118	120	70.28	78.4	4326.12854	20	0.29737025	7.599125	7.677886	5.907886	5.692791	61.45
907	C	8	5	118	120	70.28	78.4	4326.12854	20	0.29953642	7.662836	7.743528	5.973528	5.758433	61.45
907	C	8	5	118	120	70.28	78.4	4326.12854	20	0.30021158	7.682694	7.763987	5.993987	5.778892	61.45
907	C	8	5	118	120	70.28	78.4	4326.12854	20	0.30490763	7.820813	7.906292	6.136292	5.921197	61.45
907	C	8	5	118	120	70.28	78.4	4326.12854	20	0.30498787	7.823173	7.908723	6.138723	5.923628	61.45
907	C	8	5	120	122	70.3	78.42	4328.830065	20	0.21447844	5.161131	5.166013	3.396013	3.180784	61.3
907	C	8	5	120	122	70.3	78.42	4328.830065	20	0.21794374	5.263051	5.271022	3.501022	3.285793	61.3
907	C	8	5	120	122	70.3	78.42	4328.830065	20	0.28632218	7.274182	7.343096	5.573096	5.357867	61.3
907	C	8	5	121	123	70.31	78.43	4330.180828	20	0.28192661	7.1449	7.209897	5.439897	5.224601	61
907	A	8	5	85	87	71.15	78.89	4332.166667	20	0.25576895	6.375557	6.417241	4.647241	4.431846	91.5
907	A	8	5	85	87	71.15	78.89	4332.166667	20	0.25688392	6.408351	6.451028	4.681028	4.465633	91.5
907	C	8	5	124	126	70.34	78.46	4334.233115	20	0.26982193	6.78888	6.843089	5.073089	4.857591	61.2
907	C	8	5	124	126	70.34	78.46	4334.233115	20	0.27447797	6.925823	6.984181	5.214181	4.998683	61.2
907	C	8	5	127	129	70.37	78.49	4338.285403	20	0.24972152	6.197692	6.233985	4.463985	4.248286	61.45
907	C	8	5	127	129	70.37	78.49	4338.285403	20	0.25304141	6.295336	6.334588	4.564588	4.348889	61.45
907	C	8	5	130	132	70.4	78.52	4342.337691	20	0.25260737	6.28257	6.321435	4.551435	4.335534	61.8
907	C	8	5	133	135	70.43	78.55	4346.389978	20	0.26244706	6.571972	6.619608	4.849608	4.633505	61.9
907	C	8	5	133	135	70.43	78.55	4346.389978	20	0.26575564	6.669284	6.719868	4.949868	4.733765	61.9
907	C	8	5	136	138	70.46	78.58	4350.442266	20	0.26977834	6.787598	6.841768	5.071768	4.855464	62.15
907	C	8	5	136	138	70.46	78.58	4350.442266	20	0.33122515	8.594857	8.703792	6.933792	6.717488	62.15
907	C	8	5	136	138	70.46	78.58	4350.442266	20	0.38038225	10.04065	10.1934	8.423402	8.207098	62.15
907	C	8	5	139	141	70.49	78.61	4354.494553	20	0.25848223	6.45536	6.499462	4.729462	4.512956	62.75
907	C	8	5	139	141	70.49	78.61	4354.494553	20	0.26759413	6.723357	6.77558	5.00558	4.789074	62.75
907	A	8	5	92	94	71.22	78.96	4354.683333	20	0.24522409	6.065414	6.0977	4.3277	4.111185	90.15
907	C	8	5	142	144	70.52	78.64	4358.546841	20	0.26426898	6.625558	6.674818	4.904818	4.688111	63.7
907	C	8	5	142	144	70.52	78.64	4358.546841	20	0.26585532	6.672215	6.722888	4.952888	4.736182	63.7
907	C	8	5	145	147	70.55	78.67	4362.599129	20	0.25375274	6.316257	6.356144	4.586144	4.369235	64.4
907	C	8	5	145	147	70.55	78.67	4362.599129	20	0.25997042	6.49913	6.544558	4.774558	4.55765	64.4
907	A	8	5	95	97	71.25	78.99	4364.333333	20	0.25333356	6.303928	6.343441	4.573441	4.356447	89.7
907	A	8	5	95	97	71.25	78.99	4364.333333	20	0.26075404	6.522178	6.568304	4.798304	4.58131	89.7
907	C	8	5	148	150	70.58	78.7	4366.651416	20	0.24569936	6.079393	6.112102	4.342102	4.124992	65.2
907	C	8	6	7	9	70.67	78.79	4378.808279	20	0.31350915	8.073799	8.166944	6.396944	6.17923	68.7
907	A	8	5	100	102	71.3	79.04	4380.416667	20	0.24641634	6.100481	6.133828	4.363828	4.146034	88.35
907	C	8	6	16	18	70.76	78.88	4390.965142	20	0.264337	6.627559	6.676879	4.906879	4.68856	71.85
907	C	8	6	16	18	70.76	78.88	4390.965142	20	0.26887328	6.760979	6.814342	5.044342	4.826023	71.85
907	C	8	6	19	21	70.79	78.91	4395.017429	20	0.24887061	6.172665	6.2082	4.4382	4.21968	72.8
907	C	8	6	19	21	70.79	78.91	4395.017429	20	0.25425405	6.331001	6.371335	4.601335	4.382815	72.8
907	A	8	5	105	107	71.35	79.09	4396.5	20	0.23147879	5.661141	5.681175	3.911175	3.692581	86.9
907	C	8	6	22	24	70.82	78.94	4399.069717	20	0.26006007	6.501767	6.547275	4.777275	4.558553	73.85
907	C	8	6	22	24	70.82	78.94	4399.069717	20	0.26292106	6.585914	6.633972	4.863972	4.64525	73.85
907	C	8	6	22	24	70.82	78.94	4399.069717	20	0.26323678	6.595199	6.643539	4.873539	4.654817	73.85
907	C	8	6	25	27	70.85	78.97	4403.122004	20	0.26817096	6.740322	6.793059	5.023059	4.804136	75.25
907	C	8	6	25	27	70.85	78.97	4403.122004	20	0.26994679	6.792553	6.846872	5.076872	4.857949	75.25
907	A	8	5	110	112	71.4	79.14	4412.583333	20	0.24447545	6.043396	6.075014	4.305014	4.08562	86
907	A	8	5	110	112	71.4	79.14	4412.583333	20	0.24514043	6.062954	6.095165	4.325165	4.105771	86
907	A	8	5	110	112	71.4	79.14	4412.583333	20	0.2457746	6.081606	6.114382	4.344382	4.124988	86
907	A	8	5	110	112	71.4	79.14	4412.583333	20	0.24708536	6.120158	6.154102	4.384102	4.164708	86
907	C	8	6	37	39	70.97	79.09	4419.331155	20	0.29901767	7.647579	7.727808	5.957808	5.738079	81.6
907	C	8	6	40	42	71	79.12	4423.383442	20	0.29531516	7.538681	7.615611	5.845611	5.62568	83.3
907	A	8	5	115	117	71.45	79.19	4428.666667	20	0.24403117	6.030329	6.061551	4.291551	4.071357	85.7
907	C	8	6	46	48	71.06	79.18	4431.488017	20	0.27081671	6.818139	6.873234	5.103234	4.8829	87.05
907	C	8	6	46	48	71.06	79.18	4431.488017	20	0.27301778	6.882876	6.939933	5.169933	4.949599	87.05
907	C	8	6	49	51	71.09	79.21	4435.540305	20	0.29265722	7.460506	7.535067	5.765067	5.544532	88.75
907	C	8	6	52	54	71.12	79.24	4439.592593	20	0.30551076	7.838552	7.924568	6.154568	5.933832	90.25
907	C	8	6	52	54	71.12	79.24	4439.592593	20	0.30667518	7.872799	7.959854	6.189854	5.969117	90.25
907	A	8	5	120	122	71.5	79.24	4444.75	20	0.25045435	6.219246	6.256192	4.486192	4.265199	84.6
907	C	8	6	58	60	71.18	79.3	4447.697168	20	0.28471662	7.226959	7.294443	5.524443	5.303304	93.75
907	C	8	6	58	60	71.18	79.3	4447.697168	20	0.2882486	7.330841	7.401473	5.631473	5.410333	93.75
907	C	8	6	58	60	71.18	79.3	4447.697168	20	0.28851517	7.338681	7.409551	5.639551	5.418411	93.75
907	C	8	6	58	60	71.18	79.3	4447.697168	20	0.28929951	7.36175	7.433318	5.663318	5.442179	93.75
907	C	8	6	58	60	71.18	79.3	4447.697168	20	0.28998844	7.382013	7.454195	5.684195	5.463056	93.75
907	C	8	6	58	60	71.18	79.3	4447.697168	20	0.28998844	7.382013	7.454195	5.684195	5.463056	93.75
907	C	8	6	64	66	71.24	79.36	4455.801743	20	0.25297174	6.293286	6.332477	4.562477	4.340935	97.55
907	C	8	6	67	69	71.27	79.39	4459.854031	20	0.2557013	6.373568	6.415191	4.645191	4.423447	99.15
907	A	8	5	125	127	71.55	79.29	4460.833333	20	0.25231748	6.274044	6.312651	4.542651	4.320858	83.4
907	C	8	6	70	72	71.3	79.42	4463.906318	20	0.27690541	6.997218	7.05774	5.28774	5.065794	101
907	C	8	6	70	72	71.3	79.42	4463.906318	20	0.28153844	7.133484	7.198135	5.428135	5.206189	101
907	C	8	6	70	72	71.3	79.42	4463.906318	20	0.28345416	7.189828	7.256187	5.486187	5.264241	101
907	C	8	6	70	72	71.3	79.42	4463.906318	20	0.28608991	7.26735	7.336058	5.566058	5.344112	101
907	C	8	6	70	72	71.3	79.42	4463.906318	20	0.2880569	7.325203	7.395664	5.625664	5.403718	101
907	C	8	6	73	75	71.33	79.45	4467.958606	20	0.27506915	6.94321	7.002095	5.232095	5.009949	103.6
907	C	8	6	79	81	71.39	79.51	4476.063181	20	0.28687448	7.290426	7.359833	5.589833	5.367283	107.2
907	A	8	5	130	132	71.6	79.34	4476.916667	20	0.2685658	6.751935	6.805024	5.035024	4.812432	82.65
907	C	8	6	82	84	71.42	79.54	4480.115468	20	0.2846963	7.226362	7.293827	5.523827	5.301076	109.35
907	C	8	6	82	84	71.42	79.54	4480.115468	20	0.28507926	7.237625	7.305432	5.535432	5.312681	109.35
907	C	8	6	85	87	71.45	79.57	4484.167756	20	0.38209196	10.09094	10.24521	8.475211	8.252258	111.6
907	C	8	6	88	90	71.48	79.6	4488.220044	20	0.28528036	7.24354	7.311526	5.541526	5.318372	113.45
907	C	8	6	91	93	71.51	79.63	4492.272331	20	0.27609345	6.973337	7.033135	5.263135	5.039779	115.35
907	A	8	5	135	137	71.65	79.39	4493	20	0.24643879	6.101141	6.134509	4.364509	4.141117	81.5
907	C	8	6	94	96	71.54	79.66	4496.324619	20	0.29655079	7.575023	7.653054	5.883054	5.659497	117.35
907	A	8	5	140	142	71.7	79.44	4499.318182	20	0.23157032	5.663833	5.683949	3.913949	3.690243	80.6
907	A	8	5	140	142	71.7	79.44	4499.318182	20	0.23534418	5.774829	5.798308	4.028308	3.804602	80.6
907	C	8	6	97	99	71.57	79.69	4500.376906	20	0.28930447	7.361896	7.433469	5.663469	5.43971	119.4
907	C	8	6	97	99	71.57	79.69	4500.376906	20	0.29076423	7.40483	7.477704	5.707704	5.483945	119.4
907	C	8	6	97	99	71.57	79.69	4500.376906	20	0.29489645	7.526366	7.602923	5.832923	5.609164	119.4
907	C	8	6	97	99	71.57	79.69	4500.376906	20	0.32812192	8.503586	8.609755	6.839755	6.615996	119.4
907	C	8	6	97	99	71.57	79.69	4500.376906	20	0.33033752	8.568751	8.676895	6.906895	6.683136	119.4
907	C	8	6	98	100	71.58	79.7	4501.727669	20	0.28632218	7.274182	7.343096	5.573096	5.34927	120.1
907	C	8	6	98	100	71.58	79.7	4501.727669	20	0.33367399	8.666882	8.778	7.008	6.784174	120.1
907	C	8	6	98	100	71.58	79.7	4501.727669	20	0.36789193	9.673292	9.814907	8.044907	7.821081	120.1
907	C	8	6	98	100	71.58	79.7	4501.727669	20	0.37504254	9.883604	10.03159	8.261592	8.037766	120.1
907	C	8	6	100	102	71.6	79.72	4504.429194	20	0.31100552	8.000162	8.091076	6.321076	6.097116	122.2
907	C	8	6	100	102	71.6	79.72	4504.429194	20	0.314202	8.094176	8.187939	6.417939	6.193979	122.2
907	C	8	6	100	102	71.6	79.72	4504.429194	20	0.31500215	8.11771	8.212186	6.442186	6.218226	122.2
907	A	8	5	145	147	71.75	79.49	4505.636364	20	0.24479136	6.052687	6.084587	4.314587	4.090566	79.55
907	A	8	5	145	147	71.75	79.49	4505.636364	20	0.24521342	6.065101	6.097376	4.327376	4.103356	79.55
907	A	8	6	0	2	71.8	79.54	4511.954545	20	0.23221233	5.682716	5.703404	3.933404	3.70907	78.9
907	A	8	6	0	2	71.8	79.54	4511.954545	20	0.23268692	5.696674	5.717785	3.947785	3.723451	78.9
907	A	8	6	0	2	71.8	79.54	4511.954545	20	0.23311335	5.709216	5.730708	3.960708	3.736373	78.9
907	A	8	6	0	2	71.8	79.54	4511.954545	20	0.23317744	5.711101	5.73265	3.96265	3.738315	78.9
907	A	8	6	0	2	71.8	79.54	4511.954545	20	0.23352931	5.72145	5.743312	3.973312	3.748978	78.9
907	C	8	6	106	108	71.66	79.78	4512.533769	20	0.33480859	8.700253	8.812382	7.042382	6.818018	125.9
907	A	8	6	5	7	71.85	79.59	4518.272727	20	0.22384437	5.436599	5.449829	3.679829	3.455181	78
907	A	8	6	5	7	71.85	79.59	4518.272727	20	0.22538792	5.481998	5.496604	3.726604	3.501955	78
907	C	8	6	112	114	71.72	79.84	4520.638344	20	0.33747561	8.778694	8.8932	7.1232	6.898434	130
907	C	8	6	112	114	71.72	79.84	4520.638344	20	0.34584218	9.02477	9.146733	7.376733	7.151967	130
907	C	8	6	112	114	71.72	79.84	4520.638344	20	0.34723014	9.065592	9.188792	7.418792	7.194026	130
907	A	8	6	10	12	71.9	79.64	4524.590909	20	0.2205966	5.341076	5.351412	3.581412	3.356449	77.1
907	A	8	6	10	12	71.9	79.64	4524.590909	20	0.2240865	5.443721	5.457167	3.687167	3.462204	77.1
907	C	8	6	115	117	71.75	79.87	4524.690632	20	0.28712348	7.297749	7.367378	5.597378	5.372411	132.15
907	C	8	6	115	117	71.75	79.87	4524.690632	20	0.29576675	7.551963	7.629295	5.859295	5.634328	132.15
907	C	8	6	118	120	71.78	79.9	4528.742919	20	0.32620129	8.447097	8.551554	6.781554	6.556385	134.15
907	C	8	6	118	120	71.78	79.9	4528.742919	20	0.35587781	9.319936	9.450843	7.680843	7.455674	134.15
907	A	8	6	15	17	71.95	79.69	4530.909091	20	0.2364083	5.806126	5.830555	4.060555	3.835278	76.65
907	A	8	6	15	17	71.95	79.69	4530.909091	20	0.24035838	5.922305	5.950254	4.180254	3.954977	76.65
907	C	8	6	121	123	71.81	79.93	4532.795207	20	0.33066859	8.578488	8.686927	6.916927	6.691556	136.15
907	A	8	6	20	22	72	79.74	4537.227273	20	0.23050905	5.632619	5.651789	3.881789	3.656198	76
907	C	8	6	127	129	71.87	79.99	4540.899782	20	0.33152016	8.603534	8.712732	6.942732	6.716959	140.3
907	C	8	6	127	129	71.87	79.99	4540.899782	20	0.3346696	8.696165	8.80817	7.03817	6.812396	140.3
907	C	8	6	128	130	71.88	80	4542.250545	20	0.333785329	8.753121	8.866852	7.096852	6.871011	141.35
907	A	8	6	25	27	72.05	79.79	4543.545455	20	0.25659441	6.399836	6.442255	4.672255	4.44635	75
907	C	8	6	130	132	71.9	80.02	4544.95207	20	0.31818915	8.211446	8.308762	6.538762	6.312787	143
907	C	8	6	130	132	71.9	80.02	4544.95207	20	0.32171584	8.315172	8.415632	6.645632	6.419656	143
907	C	8	6	130	132	71.9	80.02	4544.95207	20	0.33367399	8.666882	8.778	7.008	6.782025	143
907	C	8	6	133	135	71.93	80.05	4549.004357	20	0.33600361	8.7354	8.848594	7.078594	6.852418	145.1
907	C	8	6	133	135	71.93	80.05	4549.004357	20	0.33659167	8.752696	8.866414	7.096414	6.870238	145.1
907	C	8	6	133	135	71.93	80.05	4549.004357	20	0.3388245	8.818368	8.934076	7.164076	6.937899	145.1
907	A	8	6	30	32	72.1	79.84	4549.863636	20	0.22326687	5.419614	5.432329	3.662329	3.43611	73.9
907	A	8	6	35	37	72.15	79.89	4556.181818	20	0.26390204	6.614766	6.663698	4.893698	4.667165	73.35
907	C	8	6	139	141	71.99	80.11	4557.108932	20	0.3504477	9.160226	9.286294	7.516294	7.289714	148.95
907	C	8	6	139	141	71.99	80.11	4557.108932	20	0.35325591	9.242821	9.371391	7.601391	7.374812	148.95
907	C	8	6	139	141	71.99	80.11	4557.108932	20	0.35415972	9.269404	9.398779	7.628779	7.4022	148.95
907	C	8	6	142	144	72.02	80.14	4561.16122	20	0.39674174	10.52182	10.68914	8.919144	8.692363	151.2
907	C	8	6	142	144	72.02	80.14	4561.16122	20	0.39715651	10.53402	10.70171	8.931712	8.704931	151.2
907	C	8	6	142	144	72.02	80.14	4561.16122	20	0.3980347	10.55984	10.72832	8.958324	8.731543	151.2
907	A	8	6	40	42	72.2	79.94	4562.5	20	0.29777133	7.610921	7.69004	5.92004	5.693193	73.2
907	A	8	6	40	42	72.2	79.94	4562.5	20	0.29813142	7.621512	7.700952	5.930952	5.704105	73.2
907	A	8	6	40	42	72.2	79.94	4562.5	20	0.29829487	7.62632	7.705905	5.935905	5.709058	73.2
907	A	8	6	40	42	72.2	79.94	4562.5	20	0.297771332	7.610922	NaN	-1.77	-1.99685	
907	A	8	6	41	43	72.21	79.95	4563.763636	20	0.34430758	8.979635	9.10023	7.33023	7.103319	73.25
907	A	8	6	41	43	72.21	79.95	4563.763636	20	0.36789193	9.673292	9.814907	8.044907	7.817997	73.25
907	C	8	6	145	147	72.05	80.17	4565.213508	20	0.39116583	10.35782	10.52018	8.750177	8.523194	153.2
907	C	8	6	145	147	72.05	80.17	4565.213508	20	0.39202068	10.38296	10.54608	8.776081	8.549099	153.2
907	A	8	6	45	47	72.25	79.99	4568.818182	20	0.2883889	7.334968	7.405724	5.635724	5.408563	73.1
907	C	8	6	148	150	72.08	80.2	4569.265795	20	0.37704228	9.94242	10.09219	8.32219	8.095006	156.3
907	A	8	6	50	52	72.3	80.04	4575.136364	20	0.29356311	7.48715	7.562518	5.792518	5.565043	72.15
907	C	8	7	6	8	72.16	80.28	4580.071895	20	0.32171584	8.315172	8.415632	6.645632	6.41791	162
907	A	8	6	55	57	72.35	80.09	4581.454545	20	0.32658101	8.458265	8.563061	6.793061	6.565271	71.6
907	A	8	6	60	62	72.4	80.14	4587.772727	20	0.29455566	7.516343	7.592596	5.822596	5.594492	71.15
907	A	8	6	65	67	72.45	80.19	4594.090909	20	0.30370032	7.785304	7.869707	6.099707	5.871288	70.7
907	A	8	6	70	72	72.5	80.24	4600.409091	20	0.28165677	7.136964	7.20172	5.43172	5.202988	70.1
907	A	8	6	75	77	72.55	80.29	4606.727273	20	0.31912349	8.238926	8.337075	6.567075	6.338029	69.85
907	A	8	6	80	82	72.6	80.34	4613.045455	20	0.31723197	8.183293	8.279757	6.509757	6.280396	69.25
907	A	8	6	80	82	72.6	80.34	4613.045455	20	0.32000652	8.264898	8.363834	6.593834	6.364473	69.25
907	A	8	6	80	82	72.6	80.34	4613.045455	20	0.32081994	8.288822	8.388483	6.618483	6.389122	69.25
907	A	8	6	80	82	72.6	80.34	4613.045455	20	0.32194075	8.321787	8.422447	6.652447	6.423086	69.25
907	A	8	6	85	87	72.65	80.39	4619.363636	20	0.37937899	10.01115	10.163	8.393	8.163325	68.2
907	A	8	6	90	92	72.7	80.44	4625.681818	20	0.36942081	9.718259	9.861237	8.091237	7.861248	68.05
907	A	8	6	95	97	72.75	80.49	4632	20	0.368553	9.692735	9.834939	8.064939	7.834636	67.75
907	A	8	6	100	102	72.8	80.54	4637.880282	20	0.37373458	9.845135	9.991957	8.221957	7.991362	67.25
907	A	8	6	100	102	72.8	80.54	4637.880282	20	0.37600456	9.911899	10.06074	8.290744	8.060149	67.25
907	A	8	6	105	107	72.85	80.59	4643.760563	20	0.35527948	9.302338	9.432712	7.662712	7.431824	67.55
907	A	8	6	110	112	72.9	80.64	4649.640845	20	0.34572995	9.021469	9.143332	7.373332	7.142152	66.85
907	A	8	6	110	112	72.9	80.64	4649.640845	20	0.3477738	9.081582	9.205267	7.435267	7.204087	66.85
907	A	8	6	110	112	72.9	80.64	4649.640845	20	0.34996292	9.145968	9.271604	7.501604	7.270423	66.85
907	A	8	6	115	117	72.95	80.69	4655.521127	20	0.35185185	9.201525	9.328844	7.558844	7.327371	65.9
907	A	8	6	120	122	73	80.74	4661.401408	20	0.35696906	9.352031	9.483911	7.713911	7.482146	65.85
907	A	8	6	125	127	73.05	80.79	4667.28169	20	0.32840922	8.512036	8.618461	6.848461	6.616404	65.1
907	A	8	6	125	127	73.05	80.79	4667.28169	20	0.33466695	8.696087	8.808089	7.038089	6.806032	65.1
907	A	8	6	125	127	73.05	80.79	4667.28169	20	0.33955841	8.839953	8.956315	7.186315	6.954258	65.1
907	A	8	6	125	127	73.05	80.79	4667.28169	20	0.34870755	9.109046	9.233562	7.463562	7.231505	65.1
907	A	8	6	130	132	73.1	80.84	4673.161972	20	0.31927664	8.243431	8.341716	6.571716	6.339367	64.65
907	A	8	6	135	137	73.15	80.89	4679.042254	20	0.32470703	8.403148	8.506274	6.736274	6.503632	64.65
907	A	8	6	135	137	73.15	80.89	4679.042254	20	0.32565241	8.430953	8.534922	6.764922	6.53228	64.65
907	A	8	6	135	137	73.15	80.89	4679.042254	20	0.32648817	8.455534	8.560248	6.790248	6.557606	64.65
907	A	8	6	135	137	73.15	80.89	4679.042254	20	0.32701216	8.470946	8.576126	6.806126	6.573484	64.65
907	A	8	6	138	140	73.18	80.92	4682.570423	20	0.34046164	8.866519	8.983686	7.213686	6.980869	64.5
907	A	8	6	145	147	73.25	80.99	4690.802817	20	0.37570826	9.903184	10.05177	8.281765	8.048539	64.25
907	A	8	6	145	147	73.25	80.99	4690.802817	20	0.37888	9.996471	10.14788	8.377879	8.144652	64.25
907	A	8	7	0	2	73.3	81.04	4696.683099	20	0.3255145	8.426897	8.530742	6.760742	6.527223	64.05
907	A	8	7	5	7	73.35	81.09	4702.56338	20	0.29737382	7.59923	7.677995	5.907995	5.674183	63.95
907	A	8	7	10	12	73.4	81.14	4708.443662	20	0.33420862	8.682606	8.794201	7.024201	6.790097	63.6
907	B	9	2	92	94	71.62	80.78	4712.125	20	0.36999087	9.735026	9.878511	8.108511	7.874224	105.65
907	A	8	7	15	17	73.45	81.19	4714.323944	20	0.3352578	8.713465	8.825994	7.055994	6.821598	63.5
907	A	8	7	15	17	73.45	81.19	4714.323944	20	0.33578334	8.728922	8.841919	7.071919	6.837523	63.5
907	B	9	2	98	100	71.68	80.84	4717.075	20	0.31561422	8.135712	8.230734	6.460734	6.226201	103.3
907	A	8	7	20	22	73.5	81.24	4720.204225	20	0.32216624	8.328419	8.42928	6.65928	6.424591	63.65
907	A	8	7	25	27	73.55	81.29	4726.084507	20	0.32141964	8.30646	8.406656	6.636656	6.401675	63.2
907	A	9	1	0	2	73.8	81.46	4746.077465	20	0.32825405	8.507472	8.613759	6.843759	6.607784	63.4
907	A	9	1	0	2	73.8	81.46	4746.077465	20	0.32857188	8.51682	8.62339	6.85339	6.617415	63.4
907	C	9	1	67	69	73.27	81.53	4748.917211	20	0.3168122	8.170947	8.267036	6.497036	6.26092	244.7
907	A	9	1	5	7	73.85	81.51	4751.957746	20	0.30264813	7.754357	7.837822	6.067822	5.831555	63.8
907	C	9	1	70	72	73.3	81.56	4752.969499	20	0.31818915	8.211446	8.308762	6.538762	6.302444	247.1
907	A	9	1	10	12	73.9	81.56	4757.838028	20	0.29446942	7.513806	7.589982	5.819982	5.583423	63.6
907	B	9	3	4	6	72.24	81.4	4763.275	20	0.29858405	7.634825	7.714668	5.944668	5.707838	82.45
907	A	9	1	15	17	73.95	81.61	4763.71831	20	0.30350366	7.779519	7.863747	6.093747	5.856895	64.05
907	A	9	1	20	22	74	81.66	4769.598592	20	0.338322	8.803588	8.918848	7.148848	6.911704	64.6
907	A	9	1	25	27	74.05	81.71	4775.478873	20	0.36401746	9.559337	9.697499	7.927499	7.690062	65.15
907	A	9	1	30	32	74.1	81.76	4781.359155	20	0.37176959	9.787341	9.932412	8.162412	7.924683	65.55
907	A	9	1	30	32	74.1	81.76	4781.359155	20	0.3816515	10.07799	10.23186	8.461864	8.224134	65.55
907	A	9	1	30	32	74.1	81.76	4781.359155	20	0.3840362	10.14812	10.30413	8.534127	8.296398	65.55
907	A	9	1	35	37	74.15	81.81	4787.239437	20	0.35750016	9.367652	9.500005	7.730005	7.491983	66.1
907	A	9	1	35	37	74.15	81.81	4787.239437	20	0.35892664	9.409607	9.543232	7.773232	7.53521	66.1
907	A	9	1	38	40	74.18	81.84	4790.767606	20	0.35972213	9.433004	9.567337	7.797337	7.55914	66.3
907	A	9	1	38	40	74.18	81.84	4790.767606	20	0.36156943	9.487336	9.623316	7.853316	7.615119	66.3
907	A	9	1	38	40	74.18	81.84	4790.767606	20	0.36326068	9.537079	9.674566	7.904566	7.666369	66.3
907	A	9	1	45	47	74.25	81.91	4799	20	0.3596243	9.430126	9.564373	7.794373	7.555766	67.35
907	A	9	1	51	53	74.31	81.97	4804.290909	20	0.33205232	8.619186	8.728858	6.958858	6.719989	67.75
907	A	9	1	55	57	74.35	82.01	4807.818182	20	0.33509631	8.708715	8.8211	7.0511	6.812056	68.25
907	A	9	1	55	57	74.35	82.01	4807.818182	20	0.33808628	8.796655	8.911705	7.141705	6.902661	68.25
907	A	9	1	55	57	74.35	82.01	4807.818182	20	0.34093367	8.880402	8.99799	7.22799	6.988945	68.25
907	C	9	1	111	113	73.71	81.97	4808.350763	20	0.37983444	10.02454	10.1768	8.406801	8.16773	277.8
907	A	9	1	60	62	74.4	82.06	4812.227273	20	0.3254712	8.425624	8.52943	6.75943	6.520166	68.7
907	A	9	1	65	67	74.45	82.11	4816.636364	20	0.30683744	7.877572	7.964771	6.194771	5.955288	69.35
907	A	9	1	70	72	74.5	82.16	4821.045455	20	0.33500345	8.705984	8.818286	7.048286	6.808584	70.3
907	A	9	1	70	72	74.5	82.16	4821.045455	20	0.40115112	10.6515	10.82276	9.052761	8.813059	70.3
907	A	9	1	75	77	74.55	82.21	4825.454545	20	0.3415203	8.897656	9.015767	7.245767	7.005845	71.15
907	A	9	1	80	82	74.6	82.26	4829.863636	20	0.35191288	9.20332	9.330693	7.560693	7.320553	71.8
907	A	9	1	85	87	74.65	82.31	4834.272727	20	0.29280325	7.464801	7.539492	5.769492	5.529132	72.45
907	A	9	1	85	87	74.65	82.31	4834.272727	20	0.29409726	7.502861	7.578705	5.808705	5.568345	72.45
907	A	9	1	85	87	74.65	82.31	4834.272727	20	0.38176021	10.08118	10.23516	8.465158	8.224798	72.45
907	A	9	1	90	92	74.7	82.36	4838.681818	20	0.31416205	8.093001	8.186729	6.416729	6.17615	73.15
907	A	9	1	90	92	74.7	82.36	4838.681818	20	0.31617998	8.152352	8.247878	6.477878	6.237299	73.15
907	A	9	1	90	92	74.7	82.36	4838.681818	20	0.3562106	9.329724	9.460927	7.690927	7.450348	73.15
907	A	9	1	95	97	74.75	82.41	4843.090909	20	0.31474918	8.11027	8.204521	6.434521	6.193722	73.95
907	A	9	1	95	97	74.75	82.41	4843.090909	20	0.32518229	8.417126	8.520675	6.750675	6.509877	73.95
907	A	9	1	95	97	74.75	82.41	4843.090909	20	0.32883992	8.524704	8.631513	6.861513	6.620714	73.95
907	A	9	1	100	102	74.8	82.46	4847.5	20	0.32085956	8.289987	8.389684	6.619684	6.378666	74.6
907	A	9	1	100	102	74.8	82.46	4847.5	20	0.32253416	8.33924	8.440429	6.670429	6.429411	74.6
907	A	9	1	105	107	74.85	82.51	4851.909091	20	0.32253416	8.33924	8.440429	6.670429	6.429192	75.5
907	A	9	1	105	107	74.85	82.51	4851.909091	20	0.34255834	8.928186	9.047222	7.277222	7.035986	75.5
907	A	9	1	105	107	74.85	82.51	4851.909091	20	0.35324232	9.242421	9.370979	7.600979	7.359742	75.5
907	A	9	1	105	107	74.85	82.51	4851.909091	20	0.37099293	9.764498	9.908877	8.138877	7.89764	75.5
907	A	9	1	110	112	74.9	82.56	4856.318182	20	0.3670185	9.647603	9.788439	8.018439	7.776983	76.3
907	A	9	1	115	117	74.95	82.61	4860.727273	20	0.3272648	8.478376	8.583782	6.813782	6.572106	76.95
907	A	9	1	115	117	74.95	82.61	4860.727273	20	0.3330514	8.648571	8.759133	6.989133	6.747458	76.95
907	A	9	1	120	122	75	82.66	4865.136364	20	0.30706482	7.884259	7.971661	6.201661	5.959767	78.1
907	A	9	1	125	127	75.05	82.71	4869.545455	20	0.28868469	7.343667	7.414688	5.644688	5.402574	77
907	A	9	1	130	132	75.1	82.76	4873.954545	20	0.26732694	6.715498	6.767483	4.997483	4.75515	75.95
907	A	9	1	130	132	75.1	82.76	4873.954545	20	0.26737274	6.716845	6.768871	4.998871	4.756538	75.95
907	A	9	1	135	137	75.15	82.81	4878.363636	20	0.22601508	5.500444	5.515608	3.745608	3.503056	74.5
907	A	9	1	138	140	75.18	82.84	4881.009091	20	0.22472415	5.462475	5.476489	3.706489	3.463806	73.75
907	A	9	1	145	147	75.25	82.91	4887.181818	20	0.2321824	5.681835	5.702497	3.932497	3.689506	72.2
907	A	9	1	145	147	75.25	82.91	4887.181818	20	0.23287012	5.702062	5.723337	3.953337	3.710346	72.2
907	A	9	2	0	2	75.3	82.96	4891.590909	20	0.33710262	8.767724	8.881898	7.111898	6.868688	71.25
907	A	9	2	0	2	75.3	82.96	4891.590909	20	0.37231774	9.803463	9.949022	8.179022	7.935813	71.25
907	A	9	2	5	7	75.35	83.01	4896	20	0.34804428	9.089538	9.213463	7.443463	7.200034	70
907	A	9	2	5	7	75.35	83.01	4896	20	0.36219728	9.505802	9.642342	7.872342	7.628913	70
907	A	9	2	10	12	75.4	83.06	4903.285714	20	0.34692446	9.056602	9.179529	7.409529	7.165738	68.85
907	A	9	2	10	12	75.4	83.06	4903.285714	20	0.35135699	9.18697	9.313848	7.543848	7.300057	68.85
907	A	9	2	15	17	75.45	83.11	4910.571429	20	0.31527218	8.125652	8.220369	6.450369	6.206215	67.95
907	A	9	2	20	22	75.5	83.16	4917.857143	20	0.30072627	7.697831	7.779584	6.009584	5.765068	66.7
907	A	9	2	25	27	75.55	83.21	4925.142857	20	0.30513251	7.827427	7.913106	6.143106	5.898228	66.05
907	A	9	2	25	27	75.55	83.21	4925.142857	20	0.32281782	8.347583	8.449025	6.679025	6.434147	66.05
907	A	9	2	25	27	75.55	83.21	4925.142857	20	0.32665826	8.460537	8.565402	6.795402	6.550524	66.05
907	A	9	2	30	32	75.6	83.26	4932.428571	20	0.30016801	7.681412	7.762667	5.992667	5.747427	64.7
907	A	9	2	35	37	75.65	83.31	4939.714286	20	0.34355994	8.957645	9.077574	7.307574	7.061971	63.6
907	A	9	2	40	42	75.7	83.36	4947	20	0.34218182	8.917112	9.035813	7.265813	7.019848	62.6
907	A	9	2	40	42	75.7	83.36	4947	20	0.37635429	9.922185	10.07134	8.301342	8.055377	62.6
907	C	9	2	80	82	74.9	83.16	4951.676056	20	0.37983444	10.02454	10.1768	8.406801	8.160604	370.95
907	A	9	2	45	47	75.75	83.41	4954.285714	20	0.29450699	7.514911	7.591121	5.821121	5.574794	61.5
907	A	9	2	50	52	75.8	83.46	4961.571429	20	0.30856164	7.928284	8.017019	6.247019	6.00033	60.35
907	A	9	2	50	52	75.8	83.46	4961.571429	20	0.36979541	9.729277	9.872588	8.102588	7.855899	60.35
907	A	9	2	50	52	75.8	83.46	4961.571429	20	0.370319	9.744676	9.888455	8.118455	7.871765	60.35
907	A	9	2	55	57	75.85	83.51	4968.857143	20	0.38047053	10.04325	10.19608	8.426077	8.179025	59.25
907	A	9	2	55	57	75.85	83.51	4968.857143	20	0.39557052	10.48737	10.65365	8.883652	8.636601	59.25
907	A	9	2	55	57	75.85	83.51	4968.857143	20	0.3982129	10.56509	10.73372	8.963724	8.716673	59.25
NaN	A	9	2	92	92	76.2	83.86	4970.954545	20	0.436	11.67647	11.9	10.13	9.882844	
907	A	9	2	60	62	75.9	83.56	4976.142857	20	0.36188547	9.496631	9.632893	7.862893	7.615479	58.3
907	A	9	2	60	62	75.9	83.56	4976.142857	20	0.37956145	10.01651	10.16853	8.398529	8.151115	58.3
907	A	9	2	60	62	75.9	83.56	4976.142857	20	0.38105447	10.06043	10.21377	8.443772	8.196358	58.3
907	A	9	2	65	67	75.95	83.61	4983.428571	20	0.40137791	10.65817	10.82963	9.059634	8.811858	57
907	A	9	2	65	67	75.95	83.61	4983.428571	20	0.41664841	11.10731	11.29238	9.522376	9.2746	57
907	A	9	2	70	72	76	83.66	4990.714286	20	0.40115112	10.6515	10.82276	9.052761	8.804623	55.6
907	A	9	2	70	72	76	83.66	4990.714286	20	0.41089693	10.93815	11.11809	9.348089	9.09995	55.6
907	A	9	2	70	72	76	83.66	4990.714286	20	0.41115675	10.94579	11.12596	9.355962	9.107824	55.6
907	A	9	2	71	73	76.01	83.67	4992.171429	20	0.40952804	10.89788	11.07661	9.306607	9.058397	55.6
907	A	9	2	75	77	76.05	83.71	4998	20	0.34424181	8.9777	9.098237	7.328237	7.079736	55.1
907	A	9	2	75	77	76.05	83.71	4998	20	0.34590222	9.026536	9.148552	7.378552	7.130052	55.1
907	A	9	2	75	77	76.05	83.71	4998	20	0.35258761	9.223165	9.35114	7.58114	7.332639	55.1
907	A	9	2	75	77	76.05	83.71	4998	20	0.35266259	9.22537	9.353412	7.583412	7.334911	55.1
907	A	9	2	80	82	76.1	83.76	5002.557692	20	0.36854608	9.692532	9.83473	8.06473	7.816003	53.7
907	A	9	2	85	87	76.15	83.81	5007.115385	20	0.37779439	9.964541	10.11498	8.344982	8.096028	52.7
907	A	9	2	88	90	76.18	83.84	5009.85	20	0.37924202	10.00712	10.15885	8.388849	8.139759	52.15
907	A	9	2	88	90	76.18	83.84	5009.85	20	0.38074358	10.05128	10.20435	8.434351	8.185261	52.15
907	A	9	2	88	90	76.18	83.84	5009.85	20	0.3870076	10.23552	10.39417	8.62417	8.37508	52.15
907	A	9	2	88	90	76.18	83.84	5009.85	20	0.39065618	10.34283	10.50473	8.734733	8.485643	52.15
907	A	9	2	95	97	76.25	83.91	5016.230769	20	0.326829	8.465559	8.570576	6.800576	6.551169	50.5
907	A	9	2	95	97	76.25	83.91	5016.230769	20	0.39969593	10.6087	10.77866	9.008665	8.759258	50.5
907	A	9	2	100	102	76.3	83.96	5020.788462	20	0.3196412	8.254153	8.352764	6.582764	6.33313	49.5
907	A	9	2	100	102	76.3	83.96	5020.788462	20	0.36849564	9.691048	9.833201	8.063201	7.813568	49.5
907	A	9	2	105	107	76.35	84.01	5025.346154	20	0.39710725	10.53257	10.70022	8.93022	8.680359	48.55
907	A	9	2	110	112	76.4	84.06	5029.903846	20	0.41251496	10.98573	11.16712	9.39712	9.147033	47.6
907	A	9	2	110	112	76.4	84.06	5029.903846	20	0.41534381	11.06894	11.25284	9.482843	9.232756	47.6
907	A	9	2	115	117	76.45	84.11	5034.461538	20	0.32596255	8.440075	8.54432	6.77432	6.524006	47
907	A	9	2	115	117	76.45	84.11	5034.461538	20	0.41352072	11.01532	11.1976	9.427598	9.177284	47
907	A	9	2	120	122	76.5	84.16	5039.019231	20	0.37560497	9.900146	10.04864	8.278635	8.028095	46
907	A	9	2	125	127	76.55	84.21	5043.576923	20	0.40183222	10.67154	10.8434	9.073401	8.822634	45.2
907	A	9	2	130	132	76.6	84.26	5048.134615	20	0.36407886	9.561143	9.699359	7.929359	7.678366	44.45
907	A	9	2	130	132	76.6	84.26	5048.134615	20	0.37886395	9.995999	10.14739	8.377392	8.126399	44.45
907	A	9	2	135	137	76.65	84.31	5052.692308	20	0.4135042	11.01483	11.1971	9.427097	9.175877	43.15
907	A	9	2	140	142	76.7	84.36	5057.25	20	0.40465364	10.75452	10.9289	9.158898	8.907452	42.65
907	A	9	2	145	147	76.75	84.41	5061.807692	20	0.42001328	11.20627	11.39434	9.624342	9.372669	42.2
907	A	9	3	0	2	76.8	84.46	5066.365385	20	0.3376175	8.782868	8.8975	7.1275	6.8756	41.35
907	A	9	3	0	2	76.8	84.46	5066.365385	20	0.37575532	9.904568	10.05319	8.283192	8.031292	41.35
907	A	9	3	0	2	76.8	84.46	5066.365385	20	0.44402405	11.91247	12.12194	10.35194	10.10004	41.35
907	A	9	3	10	12	76.9	84.56	5075.480769	20	0.42694596	11.41018	11.60442	9.834423	9.58207	40.4
907	A	9	3	10	12	76.9	84.56	5075.480769	20	0.439439	11.77762	11.983	10.213	9.960647	40.4
907	A	9	3	15	17	76.95	84.61	5080.038462	20	0.4363127	11.68567	11.88826	10.11826	9.865684	39.85
907	A	9	3	15	17	76.95	84.61	5080.038462	20	0.45035839	12.09878	12.31389	10.54389	10.29131	39.85
907	A	9	3	20	22	77	84.66	5084.596154	20	0.44398969	11.91146	12.1209	10.3509	10.09809	39.25
907	A	9	3	20	22	77	84.66	5084.596154	20	0.48920562	13.24134	13.49108	11.72108	11.46827	39.25
907	A	9	3	25	27	77.05	84.71	5089.153846	20	0.45443819	12.21877	12.43752	10.66752	10.41449	38.3
907	A	9	3	30	32	77.1	84.76	5093.711538	20	0.38178606	10.08194	10.23594	8.465941	8.212682	38.05
907	A	9	3	30	32	77.1	84.76	5093.711538	20	0.40191755	10.67405	10.84599	9.075986	8.822727	38.05
907	A	9	3	35	37	77.15	84.81	5098.269231	20	0.33616869	8.740256	8.853597	7.083597	6.830111	37.45
907	A	9	3	35	37	77.15	84.81	5098.269231	20	0.34278368	8.934814	9.054051	7.284051	7.030565	37.45
907	A	9	3	35	37	77.15	84.81	5098.269231	20	0.35130081	9.185318	9.312146	7.542146	7.28866	37.45
907	A	9	3	35	37	77.15	84.81	5098.269231	20	0.35232011	9.215297	9.343034	7.573034	7.319548	37.45
907	A	9	3	36	38	77.16	84.82	5099.180769	20	0.38981241	10.31801	10.47916	8.709164	8.455633	37.35
907	A	9	3	36	38	77.16	84.82	5099.180769	20	0.39085099	10.34856	10.51064	8.740636	8.487105	37.35
907	A	9	3	39	41	77.19	84.85	5101.915385	20	0.41503414	11.05983	11.24346	9.473459	9.219792	36.95
907	A	9	3	39	41	77.19	84.85	5101.915385	20	0.48025598	12.97812	13.21988	11.44988	11.19621	36.95
907	A	9	3	45	47	77.25	84.91	5107.384615	20	0.22191937	5.379981	5.391496	3.621496	3.367557	36.3
907	A	9	3	50	52	77.3	84.96	5111.942308	20	0.36675393	9.639821	9.780422	8.010422	7.756256	36.15
907	A	9	3	50	52	77.3	84.96	5111.942308	20	0.39718268	10.53478	10.70251	8.932505	8.67834	36.15
907	A	9	3	55	57	77.35	85.01	5116.5	20	0.41261068	10.98855	11.17002	9.400021	9.145628	35.65
907	A	9	3	56	58	77.36	85.02	5117.411538	20	0.4231472	11.29845	11.48931	9.719309	9.464871	35.55
907	A	9	3	60	62	77.4	85.06	5121.057692	20	0.34561342	9.018042	9.139801	7.369801	7.115182	35.25
907	A	9	3	60	62	77.4	85.06	5121.057692	20	0.35682337	9.347746	9.479496	7.709496	7.454877	35.25
907	A	9	3	65	67	77.45	85.11	5125.615385	20	0.33586036	8.731187	8.844253	7.074253	6.819408	34.95
907	A	9	3	70	72	77.5	85.16	5130.173077	20	0.32557205	8.42859	8.532486	6.762486	6.507414	34.75
907	A	9	3	75	77	77.55	85.21	5134.730769	20	0.34654307	9.045384	9.167972	7.397972	7.142673	34.45
907	A	9	3	75	77	77.55	85.21	5134.730769	20	0.35211795	9.209351	9.336908	7.566908	7.311609	34.45
907	A	9	3	75	77	77.55	85.21	5134.730769	20	0.35990713	9.438445	9.572943	7.802943	7.547645	34.45
907	A	9	3	75	77	77.55	85.21	5134.730769	20	0.359968944	9.440263	9.574816	7.804816	7.549518	
907	A	9	3	80	82	77.6	85.26	5139.288462	20	0.37497643	9.88166	10.02959	8.259589	8.004063	33.95
907	A	9	3	80	82	77.6	85.26	5139.288462	20	0.39184906	10.37791	10.54088	8.770881	8.515355	33.95
907	A	9	3	85	87	77.65	85.31	5143.846154	20	0.35441534	9.276922	9.406525	7.636525	7.380773	33.95
907	A	9	3	85	87	77.65	85.31	5143.846154	20	0.3630753	9.531626	9.668948	7.898948	7.643196	33.95
907	A	9	3	90	92	77.7	85.36	5148.403846	20	0.37774449	9.963073	10.11347	8.343469	8.087491	34.15
907	A	9	3	90	92	77.7	85.36	5148.403846	20	0.4007461	10.63959	10.81049	9.040488	8.784509	34.15
907	A	9	3	93	95	77.73	85.39	5151.138462	20	0.43556333	11.66363	11.86556	10.09556	9.839441	34.05
907	A	9	3	95	97	77.75	85.41	5152.961538	20	0.36195607	9.498708	9.635032	7.865032	7.608827	34.1
907	A	9	3	100	102	77.8	85.46	5157.519231	20	0.32622149	8.447691	8.552166	6.782166	6.525735	33.9
907	A	9	3	105	107	77.85	85.51	5162.076923	20	0.30572012	7.844709	7.930913	6.160913	5.904254	34.05
907	A	9	3	105	107	77.85	85.51	5162.076923	20	0.31415503	8.092795	8.186516	6.416516	6.159858	34.05
907	A	9	3	110	112	77.9	85.56	5166.634615	20	0.30301014	7.765004	7.848792	6.078792	5.821907	34.3
907	A	9	3	110	112	77.9	85.56	5166.634615	20	0.30871156	7.932693	8.021562	6.251562	5.994677	34.3
907	A	9	3	110	112	77.9	85.56	5166.634615	20	0.30935214	7.951534	8.040974	6.270974	6.014089	34.3
907	A	9	3	110	112	77.9	85.56	5166.634615	20	0.31460256	8.105958	8.200078	6.430078	6.173193	34.3
907	A	9	3	115	117	77.95	85.61	5171.192308	20	0.37805716	9.972269	10.12294	8.352944	8.095833	34.4
907	A	9	3	120	122	78	85.66	5175.75	20	0.31288471	8.055433	8.148022	6.378022	6.120683	34.75
907	A	9	3	125	127	78.05	85.71	5180.307692	20	0.26488757	6.643752	6.693563	4.923563	4.665998	35.1
907	A	9	3	125	127	78.05	85.71	5180.307692	20	0.33060313	8.576563	8.684943	6.914943	6.657378	35.1
907	A	9	3	130	132	78.1	85.76	5184.865385	20	0.439	11.76471	11.9697	10.1997	9.941905	35.35
907	A	9	3	135	137	78.15	85.81	5189.423077	20	0.23897588	5.881644	5.90836	4.13836	3.880342	35.9
907	A	9	3	135	137	78.15	85.81	5189.423077	20	0.29047259	7.396253	7.468866	5.698866	5.440848	35.9
907	A	9	3	138	140	78.18	85.84	5192.157692	20	0.38156028	10.0753	10.2291	8.459099	8.200945	36.05
907	A	9	3	145	147	78.25	85.91	5198.538462	20	0.36078195	9.464175	9.599453	7.829453	7.570982	37
907	A	9	3	148	150	78.28	85.94	5201.273077	20	0.400363458	10.62834	10.79889	9.028893	8.770285	
907	A	9	3	148	150	78.28	85.94	5201.273077	20	0.40481375	10.75923	10.93375	9.16375	8.905143	
907	A	9	3	150	152	78.3	85.96	5203.096154	20	0.35196297	9.204793	9.332211	7.562211	7.303513	37.45
907	A	9	3	150	152	78.3	85.96	5203.096154	20	0.37065981	9.7547	9.898782	8.128782	7.870084	37.45
907	A	9	3	150	152	78.3	85.96	5203.096154	20	0.38131006	10.06794	10.22152	8.451517	8.192819	37.45
907	A	9	3	150	152	78.3	85.96	5203.096154	20	0.40481375	10.75923	10.93375	9.16375	8.905052	37.45
907	A	9	4	5	7	78.35	86.01	5207.653846	20	0.45619019	12.2703	12.49061	10.72061	10.46169	38.05
907	A	9	4	10	12	78.4	86.06	5212.211538	20	0.48635104	13.15738	13.40458	11.63458	11.37543	38.75
907	A	9	4	10	12	78.4	86.06	5212.211538	20	0.5010369	13.58932	13.8496	12.0796	11.82045	38.75
907	A	9	4	10	12	78.4	86.06	5212.211538	20	0.50970945	13.8444	14.11241	12.34241	12.08326	38.75
907	A	9	4	15	17	78.45	86.11	5216.769231	20	0.45922014	12.35942	12.58243	10.81243	10.55305	39.55
907	A	9	4	20	22	78.5	86.16	5221.326923	20	0.41535358	11.06922	11.25314	9.483139	9.223534	40.7
907	A	9	4	20	22	78.5	86.16	5221.326923	20	0.43660137	11.69416	11.89701	10.12701	9.867407	40.7
907	A	9	4	25	27	78.55	86.21	5225.884615	20	0.34461661	8.988724	9.109594	7.339594	7.079763	41.15
907	A	9	4	30	32	78.6	86.26	5230.442308	20	0.35724905	9.360266	9.492395	7.722395	7.462338	41.85
907	A	9	4	30	32	78.6	86.26	5230.442308	20	0.35802861	9.383194	9.516018	7.746018	7.485961	41.85
907	A	9	4	35	37	78.65	86.31	5235	20	0.35647792	9.337586	9.469028	7.699028	7.438744	42.65
907	A	9	4	40	42	78.7	86.36	5238.523936	20	0.35305268	9.236844	9.365233	7.595233	7.334773	43.45
907	A	9	4	45	47	78.75	86.41	5242.047872	20	0.36737346	9.658043	9.799196	8.029196	7.768561	44.1
907	A	9	4	50	52	78.8	86.46	5245.571809	20	0.421020323	11.23589	11.42486	9.654858	9.394048	44.6
907	A	9	4	50	52	78.8	86.46	5245.571809	20	0.421388074	11.24671	11.436	9.666002	9.405192	44.6
907	A	9	4	50	52	78.8	86.46	5245.571809	20	0.421473038	11.24921	11.43858	9.668577	9.407767	44.6
907	A	9	4	50	52	78.8	86.46	5245.571809	20	0.422556089	11.28106	11.4714	9.701397	9.440587	44.6
907	A	9	4	55	57	78.85	86.51	5249.095745	20	0.38292295	10.11538	10.27039	8.500392	8.239407	44.65
907	A	9	4	55	57	78.85	86.51	5249.095745	20	0.38811452	10.26807	10.42771	8.657713	8.396728	44.65
907	A	9	4	61	63	78.91	86.57	5253.324468	20	0.40360804	10.72377	10.89721	9.127213	8.866018	45.6
907	A	9	4	65	67	78.95	86.61	5256.143617	20	0.37125367	9.772167	9.916778	8.146778	7.885442	46.2
907	A	9	4	65	67	78.95	86.61	5256.143617	20	0.37182458	9.788958	9.934078	8.164078	7.902743	46.2
907	A	9	4	70	72	79	86.66	5259.667553	20	0.40170603	10.66782	10.83958	9.069577	8.808066	47.2
907	A	9	4	85	87	79.15	86.81	5270.239362	20	0.30139008	7.717355	7.799699	6.029699	5.767663	49.2
907	A	9	4	85	87	79.15	86.81	5270.239362	20	0.31547292	8.131556	8.226452	6.456452	6.194416	49.2
907	A	9	4	112	114	79.42	87.08	5289.268617	20	0.29552035	7.544716	7.621829	5.851829	5.588846	54.65
907	A	9	5	10	12	79.9	87.56	5323.098404	20	0.36366985	9.549113	9.686965	7.916965	7.652301	64.1
907	A	9	5	15	17	79.95	87.61	5326.62234	20	0.38501656	10.17696	10.33384	8.563835	8.298995	65.2
907	A	9	5	18	20	79.98	87.64	5328.736702	20	0.36714919	9.651447	9.7924	8.0224	7.757455	65.85
907	A	9	5	40	42	80.2	87.86	5344.242021	20	0.34	8.882353	9	7.23	6.964284	
907	A	9	5	78	80	80.58	88.24	5371.023936	20	0.31660115	8.16474	8.260641	6.490641	6.223594	67.65
907	A	9	5	140	142	81.2	88.86	5414.720745	20	0.34	8.785294	8.9	7.13	6.86078	
907	A	9	6	30	32	81.6	89.26	5442.912234	20	0.32502591	8.412527	8.515937	6.745937	6.475315	93.05
907	A	9	6	35	37	81.65	89.31	5446.43617	20	0.35936207	9.422414	9.556426	7.786426	7.51563	94.6
907	A	9	6	40	42	81.7	89.36	5449.960106	20	0.31838659	8.217253	8.314745	6.544745	6.273773	96.35
907	B	10	2	98	100	81.18	90.48	5533.898012	20	0.30753633	7.898127	7.985949	6.215949	5.940804	38.3
907	B	10	2	98	100	81.181	90.481	5533.966724	20	0.31870709	8.226679	8.324457	6.554457	6.279308	38.3
907	A	9	7	40	42	83.2	90.86	5555.678191	20	0.38	10.14412	10.3	8.53	8.253772	
907	B	10	3	4	6	81.74	91.04	5572.376837	20	0.37788696	9.967264	10.11779	8.347787	8.070728	51.2
907	B	10	3	61	63	82.31	91.61	5611.542783	20	0.32886583	8.525466	8.632298	6.862298	6.583292	68.05
907	A	10	1	76	78	84.06	92.2	5650.119681	20	0.25320022	6.300006	6.339401	4.569401	4.288477	196.3
907	A	10	1	131	133	84.61	92.75	5688.882979	20	0.21563107	5.195031	5.200942	3.430942	3.14809	222.1
907	A	10	1	133	135	84.63	92.77	5690.292553	20	0.23330061	5.714724	5.736382	3.966382	3.683461	222.7
907	A	10	2	40	42	85.2	93.34	5730.465426	20	0.23978464	5.905431	5.932868	4.162868	3.877949	230.55
907	A	10	2	40	42	85.2	93.34	5730.465426	20	0.28	7.038235	7.1	5.33	5.045081	
907	A	10	2	95	97	85.75	93.89	5769.228723	20	0.22800067	5.558843	5.575778	3.805778	3.518932	205.45
907	A	10	3	1	3	86.31	94.45	5808.696809	20	0.28053956	7.104105	7.167865	5.397865	5.109057	179.45
907	A	10	3	1	3	86.31	94.45	5808.696809	20	0.28105771	7.119344	7.183567	5.413567	5.124759	179.45
907	A	10	3	56	58	86.88	95.02	5848.869681	20	0.42385536	11.31928	11.51077	9.740768	9.449963	154.1
907	A	10	3	60	62	86.9	95.04	5850.279255	20	0.361268909	9.478497	9.614209	7.844209	7.553333	153.55
907	A	10	3	60	62	86.9	95.04	5850.279255	20	0.39802714	10.55962	10.7281	8.958095	8.667219	153.55
907	A	10	3	90	92	87.2	95.34	5871.422872	20	0.278	7.038235	7.1	5.33	5.038073	
907	A	10	3	113	115	87.43	95.57	5887.632979	20	0.36012467	9.444843	9.579535	7.809535	7.516802	130.4
907	A	10	4	20	22	88	96.14	5927.805851	20	0.3156279	8.136115	8.231148	6.461148	6.166418	106.45
907	A	10	4	17.5	19.5	88	96.14	5927.805851	20	0.37	9.755882	9.9	8.13	7.835269	
907	A	10	4	78	80	88.58	96.72	5968.683511	20	0.32605365	8.442754	8.54708	6.77708	6.480317	86.3
907	A	10	4	136	138	89.16	97.3	6009.56117	20	0.30194007	7.733531	7.816366	6.046366	5.74757	70.9
907	A	10	4	140	142	89.2	97.34	6012.380319	20	0.43	11.40588	11.6	9.83	9.531064	
907	A	10	5	41	43	89.71	97.85	6051.821429	20	0.32050313	8.279504	8.378883	6.608883	6.307986	67.05
907	A	10	5	97	99	90.27	98.41	6098.821429	20	0.31872773	8.227286	8.325083	6.555083	6.251849	63.85
907	A	10	5	110	112	90.4	98.54	6109.732143	20	0.49	13.25	13.5	11.73	11.42622	
907	B	11	1	139	141	89.59	99.5	6128.372093	20	0.27607096	6.972675	7.032453	5.262453	4.957751	55.7
907	A	10	6	1	3	90.81	98.95	6144.142857	20	0.20611567	4.915167	4.912596	3.142596	2.837109	55.45
907	A	10	6	1	3	90.81	98.95	6144.142857	20	0.2147967	5.170491	5.175658	3.405658	3.100171	55.45
907	B	11	2	39	41	90.09	100	6155.697674	20	0.223782694	5.434785	5.44796	3.67796	3.371899	56.25
907	B	11	2	44	46	90.14	100.05	6158.430233	20	0.28566974	7.254992	7.323325	5.553325	5.247128	55.55
907	B	11	2	98	100	90.68	100.59	6187.94186	20	0.33694026	8.762949	8.876978	7.106978	6.799313	51.1
907	B	11	2	148	150	91.18	101.09	6215.267442	20	0.26926167	6.772402	6.826111	5.056111	4.747088	47.4
907	A	10	6	87	89	91.7	99.84	6218.839286	20	0.28	7.135294	7.2	5.43	5.120799	
907	B	11	3	51	53	91.71	101.62	6244.232558	20	0.35287677	9.23167	9.359902	7.589902	7.279439	48
907	C	11	1	42	44	92.02	101.6	6424.462617	20	0.153438	3.365824	3.316303	1.546303	1.226879	40.4
907	C	11	1	72	74	92.32	101.9	6436.728972	20	0.19643751	4.630515	4.619318	2.849318	2.529284	38.05
907	A	10	7	1	3	92.3	100.44	6443.273138	20	0.3	7.814706	7.9	6.13	5.80964	
907	C	11	1	102	104	92.62	102.2	6460.580645	20	0.16825373	3.80158	3.765265	1.995265	1.674044	37.25
907	C	11	1	132	134	92.92	102.5	6488.645161	20	0.23547841	5.778777	5.802376	4.032376	3.709761	37.6
907	A	11	1	11	13	92.9	101.32	6500.880361	20	0.17	3.932353	3.9	2.13	1.806776	
907	C	11	2	12	14	93.22	102.8	6516.709677	20	0.32407407	8.384531	8.487093	6.717093	6.393082	38.2
907	A	11	1	73	75	93.5	101.92	6540.158014	20	0.12	2.282353	2.2	0.43	0.104823	
907	C	11	2	42	44	93.52	103.1	6544.774194	20	0.34032104	8.862384	8.979425	7.209425	6.884019	40.2
907	C	11	2	72	74	93.82	103.4	6572.83871	20	0.33655592	8.751645	8.865331	7.095331	6.768529	42.55
907	A	11	1	143	145	94.23	102.65	6587.945824	20	0.29931213	7.656239	7.736731	5.966731	5.639179	54
907	A	11	1	143	145	94.23	102.65	6587.945824	20	0.30150612	7.720768	7.803216	6.033216	5.705663	54
907	A	11	2	11	13	94.4	102.82	6599.074492	20	0.37	9.852941	10	8.23	7.901894	
907	C	11	2	102	104	94.12	103.7	6600.903226	20	0.3137997	8.082344	8.175748	6.405748	6.077552	45.5
907	A	11	2	44	46	94.74	103.16	6621.331828	20	0.29828676	7.626081	7.705659	5.935659	5.606447	62.5
907	A	11	2	44	46	94.74	103.16	6621.331828	20	0.30283501	7.759853	7.843485	6.073485	5.744273	62.5
907	C	11	2	132	134	94.42	104	6628.967742	20	0.3209668	8.293141	8.392933	6.622933	6.293341	49.05
907	A	11	2	96	98	95.26	103.68	6655.37246	20	0.30159508	7.723385	7.805912	6.035912	5.705006	63.25
907	C	11	3	12	14	94.72	104.3	6657.032258	20	0.32047702	8.278736	8.378092	6.608092	6.277104	52.05
907	A	11	2	121	123	95.5	103.92	6671.083521	20	0.37	9.658824	9.8	8.03	7.698314	
907	C	11	3	42	44	95.02	104.6	6685.096774	20	0.27061258	6.812135	6.867048	5.097048	4.764665	55.5
907	C	11	3	42	44	95.02	104.6	6685.096774	20	0.26970076	6.785316	6.839417	5.069417	4.737034	55.5
907	C	11	3	42	44	95.02	104.6	6685.096774	20	0.26955232	6.780951	6.834919	5.064919	4.732536	55.5
907	A	11	2	148	150	95.78	104.2	6689.413093	20	0.3578954	9.379276	9.511982	7.741982	7.409384	56.35
907	C	11	3	72	74	95.32	104.9	6713.16129	20	0.3808483	10.05436	10.20752	8.437524	8.103746	51.75
907	A	11	3	48	50	96.28	104.7	6722.14447	20	0.35046343	9.160689	9.286771	7.516771	7.182546	52.55
907	A	11	3	60	62	96.4	104.82	6730	20	0.45	12.18235	12.4	10.63	10.29538	
907	C	11	3	102	104	95.62	105.2	6785.5	20	0.38674093	10.22767	10.38609	8.616089	8.278714	48.55
907	A	11	3	78	80	96.58	105	6820.709677	20	0.402339653	10.68646	10.85878	9.088777	8.749652	50.3
907	A	11	3	85	87	96.65	105.07	6837.419355	20	0.37474291	9.874791	10.02251	8.252512	7.912556	50
907	A	11	3	101	103	96.81	105.23	6875.612903	20	0.305537729	7.839345	7.925386	6.155386	5.81353	49.3
907	A	11	3	101	103	96.81	105.23	6875.612903	20	0.30496698	7.822558	7.90809	6.13809	5.796235	49.3
907	A	11	3	117.5	119.5	97	105.42	6894.444444	20	0.443	11.89118	12.1	10.33	9.987208	
907	A	11	3	111	113	96.91	105.33	6899.483871	20	0.40709576	10.82635	11.0029	9.232902	8.889859	49.1
907	A	11	3	111	113	96.91	105.33	6899.483871	20	0.40718481	10.82897	11.0056	9.2356	8.892558	49.1
907	C	11	3	132	134	95.92	105.5	6924.25	20	0.38994681	10.32197	10.48324	8.713237	8.368963	45.7
907	A	11	3	134	136	97.14	105.56	6954.387097	20	0.37637904	9.922913	10.07209	8.302092	7.95632	49.1
907	A	11	4	12	14	97.4	105.82	7004.074074	20	0.43	11.40588	11.6	9.83	9.481757	
907	A	11	4	9	11	97.39	105.81	7014.064516	20	0.35625778	9.331111	9.462357	7.692357	7.343618	49.35
907	C	11	4	12	14	96.22	105.8	7063	20	0.35842956	9.394987	9.528168	7.758168	7.406996	43.15
907	C	11	4	12	14	96.22	105.8	7063	20	0.35645434	9.336892	9.468313	7.698313	7.347141	43.15
907	A	11	4	34	36	97.64	106.06	7073.741935	20	0.39918161	10.59358	10.76308	8.993079	8.641373	50.4
907	C	11	4	42	44	96.52	106.1	7123.047619	20	0.40737765	10.83464	11.01144	9.241444	8.887286	41.5
907	C	11	4	42	44	96.52	106.1	7123.047619	20	0.40337038	10.71678	10.89001	9.120012	8.765854	41.5
907	C	11	4	42	44	96.52	106.1	7123.047619	20	0.40766681	10.84314	11.02021	9.250206	8.896048	41.5
907	A	11	4	58	60	97.88	106.3	7126	20	0.33798536	8.793687	8.908647	7.138647	6.784343	51.45
907	A	11	4	69.5	71.5	98	106.42	7150	20	0.39	10.33824	10.5	8.73	8.374502	
907	C	11	4	72	74	96.82	106.4	7154.47619	20	0.41089438	10.93807	11.11801	9.348012	8.992291	40.8
907	A	11	4	83	85	98.13	106.55	7176	20	0.3224936	8.338047	8.4392	6.6692	6.312409	53.4
907	C	11	4	102	104	97.12	106.7	7185.904762	20	0.33464295	8.695381	8.807362	7.037362	6.680079	41.35
907	A	11	4	107	109	98.37	106.79	7221.2	20	0.38990308	10.32068	10.48191	8.711912	8.352873	55.05
907	C	11	4	132	134	97.42	107	7232.4	20	0.45726516	12.30192	12.52319	10.75319	10.39359	41.7
907	A	11	4	121	123	98.5	106.92	7242	20	0.5	13.63824	13.9	12.13	11.76993	
907	A	11	4	133	135	98.63	107.05	7262.8	20	0.41163165	10.95975	11.14035	9.370353	9.009247	57.5
907	A	11	5	7	9	98.87	107.29	7295.2	20	0.393271204	10.41974	10.58398	8.813976	8.451259	59.85
907	C	11	5	12	14	97.72	107.3	7296.24	20	0.39015459	10.32808	10.48953	8.719533	8.356764	42.95
907	A	11	5	18	20	99	107.42	7304.857143	20	0.52	14.02647	14.3	12.53	12.1668	
907	C	11	5	42	44	98.02	107.6	7311.84	20	0.45474492	12.22779	12.44682	10.67682	10.31327	45.65
907	A	11	5	32	34	99.12	107.54	7313.771429	20	0.38045687	10.04285	10.19566	8.425663	8.062022	63.05
907	C	11	5	72	74	98.32	107.9	7327.44	20	0.43119342	11.5351	11.73313	9.963134	9.598814	48.55
907	A	11	5	57	59	99.37	107.79	7348.47619	20	0.36528008	9.596473	9.73576	7.96576	7.600394	65.85
907	A	11	5	57	59	99.37	107.79	7348.47619	20	0.36637158	9.628576	9.768836	7.998836	7.63347	65.85
907	A	11	5	77	79	99.6	108.02	7382.428571	20	0.61	16.74412	17.1	15.33	14.96295	
907	A	11	5	81	83	99.61	108.03	7383.904762	20	0.294676988	7.519911	7.596272	5.826272	5.459145	69.6
907	C	11	5	102	104	98.62	108.2	7396.6	20	0.37983987	10.0247	10.17697	8.406966	8.039207	52.5
907	C	11	5	102	104	98.62	108.2	7396.6	20	0.3781135	9.973926	10.12465	8.354652	7.986893	52.5
907	A	11	5	106	108	99.86	108.28	7420.809524	20	0.46380427	12.49424	12.72134	10.95134	10.58238	73.05
907	A	11	5	122	124	100	108.42	7441.47619	20	0.56	15.19118	15.5	13.73	13.36001	
907	C	11	5	132	134	98.92	108.5	7443.1	20	0.40170551	10.66781	10.83956	9.069561	8.69949	56
907	A	11	5	130	132	100.1	108.52	7456.238095	20	0.38202853	10.08907	10.24329	8.473289	8.102565	72.15
907	A	11	6	6	8	100.36	108.78	7493.419753	20	0.336388471	8.74672	8.860257	7.090257	6.717684	66
907	C	11	6	12	14	99.22	108.8	7499.673684	20	0.38100102	10.05885	10.21215	8.442152	8.069268	60.9
907	C	11	6	12	14	99.22	108.8	7499.673684	20	0.37845861	9.984077	10.13511	8.365109	7.992226	60.9
907	A	11	6	20	22	100.5	108.92	7513.037037	20	0.58	15.87059	16.2	14.43	14.05645	
907	A	11	6	55	57	100.99	109.41	7562.080247	20	0.329752603	8.551547	8.65917	6.88917	6.513183	
907	C	11	6	42	44	99.52	109.1	7571.357895	20	0.47474287	12.81597	13.05281	11.28281	10.90637	65.3
907	C	11	6	42	44	99.52	109.1	7571.357895	20	0.47523986	12.83058	13.06787	11.29787	10.92143	65.3
907	A	11	6	80	82	101.1	109.52	7597.111111	20	0.312818024	8.053471	8.146001	6.376001	5.998272	53.5
907	A	11	6	77	79	101.1	109.52	7597.111111	20	0.55	14.99706	15.3	13.53	13.15227	
907	A	11	6	104	106	101.34	109.76	7630.740741	20	0.598198776	16.44702	16.7939	15.0239	14.6445	51.45
907	C	11	6	72	74	99.82	109.4	7643.042105	20	0.46320067	12.47649	12.70305	10.93305	10.55304	70.3
907	C	11	6	72	74	99.82	109.4	7643.042105	20	0.45139166	12.12917	12.3452	10.5752	10.19519	70.3
907	A	11	6	128	130	101.58	110	7664.37037	20	0.563000946	15.41179	15.7273	13.9573	13.57623	50.8
907	A	11	6	137	139	101.67	110.09	7676.981481	20	0.39598136	10.49945	10.6661	8.896102	8.514402	50.45
907	A	11	6	137	139	101.67	110.09	7676.981481	20	0.40491613	10.76224	10.93685	9.166852	8.785153	50.45
907	A	11	7	3	5	101.83	110.25	7699.017284	20	0.377486791	9.955494	10.10566	8.33566	7.952865	50.7
907	C	11	6	102	104	100.12	109.7	7703.971014	20	0.48976145	13.25769	13.50792	11.73792	11.35488	70.85
907	C	11	6	102	104	100.12	109.7	7703.971014	20	0.49213151	13.3274	13.57974	11.80974	11.4267	70.85
907	A	11	7	7	9	101.9	110.32	7706.138272	20	0.59	16.25882	16.6	14.83	14.44685	
907	C	11	7	12	14	100.72	110.3	7755.151139	20	0.49059712	13.28227	13.53325	11.76325	11.37766	59.75
907	C	11	7	12	14	100.72	110.3	7755.151139	20	0.49517478	13.41691	13.67196	11.90196	11.51638	59.75
907	B	12	2	147	149	100.67	110.51	7768.497778	20	0.445836616	11.96578	12.17687	10.40687	10.02062	196.3
907	C	11	7	42	44	101.02	110.6	7780.741201	20	0.44389733	11.90875	12.1181	10.3481	9.961242	57.15
907	A	12	1	20	22	102.5	111.59	7835.333333	20	0.45	12.08529	12.3	10.53	10.14043	
907	C	12	1	12	14	101.22	111.33	7843.010352	20	0.41972848	11.1979	11.38571	9.615712	9.225757	54.5
907	B	12	3	95	97	101.65	111.49	7858.222222	20	0.31718904	8.182031	8.278456	6.508456	6.117745	157.75
907	C	12	1	42	44	101.52	111.63	7868.600414	20	0.3422292	8.918506	9.037248	7.267248	6.876022	52.6
907	C	12	1	72	74	101.82	111.93	7894.190476	20	0.45667256	12.28449	12.50523	10.73523	10.34273	50.95
907	A	12	1	77	79	103.1	112.19	7896.37037	20	0.59	16.16176	16.5	14.73	14.33739	
907	C	12	1	102	104	102.12	112.23	7919.780538	20	0.37948792	10.01435	10.1663	8.396301	8.002529	49.55
907	B	12	4	20	22	102.4	112.24	7926.888889	20	0.42560647	11.37078	11.56383	9.793832	9.399707	139.9
907	C	12	1	132	134	102.42	112.53	7945.3706	20	0.38928187	10.30241	10.46309	8.693087	8.298043	49.4
907	A	12	1	127	129	103.6	112.69	7947.234568	20	0.57	15.57941	15.9	14.13	13.73486	
907	B	12	4	43	45	102.63	112.47	7947.946667	20	0.36117977	9.475876	9.611508	7.841508	7.446336	136.3
907	C	12	2	12	14	102.72	112.83	7970.960663	40	0.41629622	11.09695	11.2817	9.511704	9.115387	51.85
907	C	12	2	12	14	102.72	112.83	7970.960663	40	0.51777165	14.08152	14.35672	12.58672	12.1904	51.85
907	B	12	4	69	71	102.89	112.73	7971.751111	40	0.3732013	9.82945	9.975797	8.205797	7.809442	135.4
907	A	12	2	22	24	104	113.09	7987.925926	40	0.49	13.25	13.5	11.73	11.33284	
907	B	12	4	93	95	103.13	112.97	7993.724444	40	0.5261089	14.32673	14.60936	12.83936	12.44191	134.1
907	B	12	4	118	120	103.38	113.22	8016.613333	40	0.46637329	12.5698	12.79919	11.02919	10.6306	136.25
907	C	12	2	72	74	103.32	113.43	8022.140787	40	0.4998326	13.5539	13.81311	12.04311	11.64425	58.25
907	B	12	4	142	144	103.62	113.46	8038.586667	40	0.54511957	14.88587	15.18544	13.41544	13.01576	140.2
907	B	12	4	142	144	103.621	113.461	8038.678222	40	0.51462963	13.98911	14.2615	12.4915	12.09182	140.15
907	C	12	2	102	104	103.62	113.73	8047.730849	40	0.57910771	15.88552	16.21539	14.44539	14.04525	62.7
907	B	12	5	18	20	103.88	113.72	8062.391111	40	0.3036332	7.783329	7.867673	6.097673	5.696811	145.1
907	B	12	5	18	20	103.881	113.721	8062.482667	40	0.2994198	7.659406	7.739994	5.969994	5.569127	145
907	B	12	5	18	20	103.882	113.722	8062.574222	40	0.24075894	5.934086	5.962392	4.192392	3.791521	145
907	C	12	2	132	134	103.92	114.03	8073.320911	40	0.38165984	10.07823	10.23212	8.462116	8.060711	67.8
907	C	12	3	12	14	104.22	114.33	8098.910973	40	0.33504287	8.707143	8.819481	7.049481	6.646803	72.8
907	A	12	2	127	129	105.1	114.19	8099.82716	40	0.58	15.96765	16.3	14.53	14.12728	
907	C	12	3	42	44	104.52	114.63	8132.139535	40	0.46164697	12.43079	12.65597	10.88597	10.48164	78.3
907	C	12	3	42	44	104.52	114.63	8132.139535	40	0.46682912	12.58321	12.813	11.043	10.63867	78.3
907	A	12	3	32	34	105.62	114.71	8152.725926	40	0.32325284	8.360378	8.462207	6.692207	6.286854	108.1
907	C	12	3	72	74	104.82	114.93	8171.209302	40	0.43980309	11.78833	11.99403	10.22403	9.81776	84.6
907	C	12	3	72	74	104.82	114.93	8171.209302	40	0.44247875	11.86702	12.07511	10.30511	9.898841	84.6
907	A	12	3	56	58	105.86	114.95	8173.92	40	0.236450338	5.807363	5.831828	4.061828	3.655421	99.8
907	A	12	3	61	63	105.91	115	8179.52	40	0.429391786	11.48211	11.67854	9.908539	9.501853	97.65
907	A	12	3	81	83	106.11	115.2	8201.92	40	0.28212703	7.150795	7.215971	5.445971	5.038171	90.9
907	C	12	3	102	104	105.12	115.23	8210.27907	40	0.49097604	13.29341	13.54473	11.77473	11.36651	84.65
907	C	12	3	132	134	105.42	115.53	8249.348837	40	0.40503556	10.76575	10.94047	9.170472	8.760314	71.8
907	A	12	3	127	129	106.6	115.69	8262.5	40	0.51	13.73529	14	12.23	11.81919	
907	C	12	4	12	14	105.72	115.83	8271.851852	40	0.43785001	11.73088	11.93485	10.16485	9.753572	62.95
907	A	12	4	5	7	106.85	115.94	8283.333333	40	0.445141066	11.94533	12.15579	10.38579	9.973943	74
907	C	12	4	42	44	106.02	116.13	8294.074074	40	0.40832577	10.86252	11.04017	9.270175	8.857793	58.1
907	C	12	4	72	74	106.32	116.43	8321.762162	40	0.48089361	12.99687	13.2392	11.4692	11.05544	56.8
907	C	12	4	102	104	106.62	116.73	8351.437838	40	0.36706824	9.649066	9.789947	8.019947	7.604713	61.45
907	A	12	4	77	79	107.6	116.69	8367.1	40	0.56	15.19118	15.5	13.73	13.31399	
907	C	12	4	132	134	106.92	117.03	8381.113514	40	0.47931477	12.95043	13.19136	11.42136	11.00465	69.9
907	A	12	4	111.5	113.5	107.9	116.99	8403.7	40	0.545	14.9	15.2	13.43	13.01217	
907	C	12	5	12	14	107.22	117.33	8410.789189	40	0.64924095	17.94826	18.34063	16.57063	16.15245	80.7
907	C	12	5	42	44	107.52	117.63	8440.464865	40	0.52833917	14.39233	14.67694	12.90694	12.48728	92.55
907	C	12	5	42	44	107.52	117.63	8440.464865	40	0.50762605	13.78312	14.04927	12.27927	11.85961	92.55
907	A	12	5	4	6	108.34	117.43	8457.38	40	0.517839533	14.08352	14.35877	12.58877	12.16827	91.45
907	A	12	5	4	6	108.34	117.43	8457.38	40	0.5447342	14.87454	15.17376	13.40376	12.98326	91.45
907	C	12	5	72	74	107.82	117.93	8470.140541	40	0.60979278	16.78802	17.14524	15.37524	14.9541	106.45
907	A	12	5	19	21	108.5	117.59	8476.9	40	0.58	16.06471	16.4	14.63	14.20853	
907	C	12	5	102	104	108.12	118.23	8499.816216	40	0.58963251	16.19507	16.53432	14.76432	14.34171	121.8
907	C	12	5	132	134	108.42	118.53	8529.491892	40	0.58626188	16.09594	16.43218	14.66218	14.23809	136.65
907	A	12	5	82.5	84.5	109.1	118.19	8550.1	40	0.6	16.45294	16.8	15.03	14.60489	
907	C	12	6	12	14	108.72	118.83	8559.167568	40	0.64404088	17.79532	18.18306	16.41306	15.9875	151.75
907	C	12	6	12	14	108.72	118.83	8559.167568	40	0.65296126	18.05768	18.45337	16.68337	16.25781	151.75
907	A	12	5	103	105	109.33	118.42	8578.16	40	0.65194021	18.02765	18.42243	16.65243	16.22592	128.65
907	C	12	6	42	44	109.02	119.13	8588.843243	40	0.60445748	16.6311	16.98356	15.21356	14.78652	167.45
907	A	12	5	123	125	109.5	118.59	8598.9	40	0.7	19.36471	19.8	18.03	17.60246	
907	A	12	5	127	129	109.57	118.66	8607.44	40	0.66117065	18.29914	18.70214	16.93214	16.50418	138.8
907	A	12	5	127	129	109.57	118.66	8607.44	40	0.69639689	19.3352	19.7696	17.9996	17.57164	138.8
907	C	12	6	72	74	109.32	119.43	8618.518919	40	0.57504087	15.76591	16.09215	14.32215	13.89363	183.1
907	C	12	6	132	134	109.92	120.03	8674.509091	40	0.53114364	14.47481	14.76193	12.99193	12.56063	215.85
907	A	12	6	111	113	110.91	120	8685.165714	40	0.641754274	17.72807	18.11377	16.34377	15.91194	125.35
907	A	12	6	130	132	111.1	120.19	8689.4	40	0.66	18.2	18.6	16.83	16.39796	
907	C	12	7	12	14	110.22	120.33	8695.781818	40	0.5302421	14.4483	14.73461	12.96461	12.53225	201.95
907	B	13	2	118	120	109.88	120.39	8713.272727	40	0.58123957	15.94822	16.27999	14.50999	14.07676	158.35
907	C	12	7	42	44	110.52	120.63	8715.559006	40	0.60716022	16.71059	17.06546	15.29546	14.86212	177.2
907	B	13	3	18	20	110.38	120.89	8742.818182	40	0.65114825	18.00436	18.39843	16.62843	16.19374	155.75
907	B	13	3	42	44	110.62	121.13	8757	40	0.65540996	18.1297	18.52757	16.75757	16.32218	151.25
907	C	13	1	12	14	110.72	123.02	8874.536424	40	0.62195132	17.14563	17.51368	15.74368	15.30243	160.85
907	C	13	1	42	44	111.02	123.32	8894.403974	40	0.647883	17.90832	18.29948	16.52948	16.08726	137.45
907	C	13	1	42	44	111.02	123.32	8894.403974	40	0.67754723	18.7808	19.1984	17.4284	16.98617	137.45
907	C	13	1	72	74	111.32	123.62	8914.271523	40	0.68406934	18.97263	19.39604	17.62604	17.18282	115.1
907	C	13	1	102	104	111.62	123.92	8934.139073	40	0.6091095	16.76793	17.12453	15.35453	14.91032	93.35
907	C	13	1	102	104	111.62	123.92	8934.139073	40	0.61021746	16.80051	17.1581	15.3881	14.9439	93.35
907	C	13	1	102	104	111.62	123.92	8934.139073	40	0.59899989	16.47059	16.81818	15.04818	14.60397	93.35
907	C	13	1	132	134	111.92	124.22	8954.006623	40	0.4976421	13.48947	13.74673	11.97673	11.53154	74.5
907	C	13	2	42	44	112.52	124.82	8993.741722	40	0.52196115	14.20474	14.48367	12.71367	12.2665	61.35
907	C	13	2	42	44	112.52	124.82	8993.741722	40	0.52361068	14.25326	14.53366	12.76366	12.31649	61.35
907	C	13	2	72	74	112.82	125.12	9013.609272	40	0.66489688	18.40873	18.81506	17.04506	16.5969	72.4
907	C	13	2	102	104	113.12	125.42	9033.476821	40	0.55443196	15.15976	15.46764	13.69764	13.24849	89.75
907	A	13	1	117	119	112.97	125.53	9035.24911	40	0.53878027	14.69942	14.99334	13.22334	12.77411	95.4
907	A	13	1	130	132	113.1	125.66	9044.501779	40	0.67	18.49118	18.9	17.13	16.68031	
907	C	13	2	132	134	113.42	125.72	9053.344371	40	0.55052536	15.04486	15.34925	13.57925	13.12912	110.3
907	C	13	3	12	14	113.72	126.02	9073.211921	40	0.56368212	15.43183	15.74794	13.97794	13.52682	134.4
907	C	13	3	42	44	114.02	126.32	9093.07947	40	0.53436531	14.56957	14.85955	13.08955	12.63745	159.4
907	C	13	3	42	44	114.02	126.32	9093.07947	40	0.54197402	14.79335	15.09012	13.32012	12.86801	159.4
907	C	13	3	72	74	114.32	126.62	9138.9	40	0.73070531	20.34427	20.80925	19.03925	18.58487	184.85
907	C	13	3	102	104	114.62	126.92	9223.65	40	0.65286217	18.05477	18.45037	16.68037	16.22177	210.5
907	A	13	2	142	144	114.7	127.26	9266.428571	40	0.63	17.32647	17.7	15.93	15.46927	
907	A	13	2	147	149	114.77	127.33	9281.495238	40	0.55582713	15.2008	15.50991	13.73991	13.27844	139.3
907	C	13	3	132	134	114.92	127.22	9308.4	40	0.48908514	13.2378	13.48743	11.71743	11.25461	235.55
907	C	13	4	12	14	115.22	127.52	9348.416667	40	0.52280863	14.22967	14.50935	12.73935	12.27455	243.8
907	C	13	4	132	134	116.42	128.72	9507.516667	40	0.65128952	18.00852	18.40271	16.63271	16.16	300.45
907	C	13	5	12	14	116.72	129.02	9562.766667	40	0.54289587	14.82047	15.11806	13.34806	12.8726	320.3
907	C	13	5	12	14	116.72	129.02	9562.766667	40	0.54319056	14.82913	15.12699	13.35699	12.88153	320.3
907	C	13	5	42	44	117.02	129.32	9618.016667	40	0.62758428	17.3113	17.68437	15.91437	15.43616	339.15
907	C	13	5	42	44	117.02	129.32	9618.016667	40	0.55107881	15.06114	15.36602	13.59602	13.11782	339.15
907	C	13	5	72	74	117.32	129.62	9673.266667	40	0.64433785	17.80405	18.19206	16.42206	15.9411	358.95
907	C	13	5	132	134	117.92	130.22	9707.659414	40	0.69742047	19.36531	19.80062	18.03062	17.54796	399.9
907	C	13	6	12	14	118.22	130.52	9742.65523	40	0.67054345	18.57481	18.98617	17.21617	16.73176	425.2
907	C	13	6	42	44	118.52	130.82	9777.651046	40	0.61679382	16.99394	17.35739	15.58739	15.10124	449.3
907	C	13	6	42	44	118.52	130.82	9777.651046	40	0.62037292	17.0992	17.46585	15.69585	15.2097	449.3
907	A	13	5	64	66	118.44	131	9799.611111	40	0.58170144	15.96181	16.29398	14.52398	14.03675	80.95
907	C	13	6	72	74	118.82	131.12	9812.646862	40	0.72567557	20.19634	20.65684	18.88684	18.39895	476.4
907	C	13	6	102	104	119.12	131.42	9847.642678	40	0.47845394	12.92512	13.16527	11.39527	10.90565	506.7
907	A	13	5	129	131	119.11	131.67	9875.916667	40	0.611899135	16.84997	17.20906	15.43906	14.94803	98.5
907	C	13	6	132	134	119.42	131.72	9882.638494	40	0.57255757	15.69287	16.0169	14.2469	13.75553	536.8
907	C	13	6	132	134	119.42	131.72	9882.638494	40	0.5668967	15.52637	15.84535	14.07535	13.58399	536.8
907	A	13	6	20	22	119.5	132.06	9920.333333	40	0.643	17.71471	18.1	16.33	15.83676	
907	C	13	7	42	44	120.02	132.32	9952.630126	40	0.63339336	17.48216	17.8604	16.0904	15.59556	594.15
907	C	13	7	62	64	120.2	132.5	9973.627615	40	0.68206772	18.91376	19.33539	17.56539	17.0695	585.7
907	C	14	1	12	14	120.22	133.22	10057.61757	40	0.63350384	17.48541	17.86375	16.09375	15.59369	584.4
907	C	14	1	42	44	120.52	133.52	10092.61339	40	0.71094307	19.76303	20.2104	18.4404	17.93859	579.3
907	A	13	7	31.5	33.5	121.1	133.66	10102.55556	40	0.69	19.17059	19.6	17.83	17.3277	
907	C	14	1	72	74	120.82	133.82	10127.60921	40	0.5597638	15.31658	15.62921	13.85921	13.35566	573.95
907	C	14	1	72	74	120.82	133.82	10127.60921	40	0.5726224	15.69478	16.01886	14.24886	13.74532	573.95
907	C	14	1	72	74	120.82	133.82	10127.60921	40	0.57467437	15.75513	16.08104	14.31104	13.8075	573.95
907	C	14	1	102	104	121.12	134.12	10162.60502	40	0.60312933	16.59204	16.94331	15.17331	14.66803	567.1
907	C	14	1	102	104	121.12	134.12	10162.60502	40	0.6056616	16.66652	17.02005	15.25005	14.74476	567.1
907	C	14	1	132	134	121.42	134.42	10197.60084	40	0.65162376	18.01835	18.41284	16.64284	16.13582	559.2
907	C	14	2	12	14	121.72	134.72	10232.59665	40	0.58311807	16.00347	16.33691	14.56691	14.05815	556.8
907	A	14	1	141.5	143.5	122.7	134.9	10243.77778	40	0.65	18.10294	18.5	16.73	16.22068	
907	C	14	2	42	44	122.02	135.02	10267.59247	40	0.5692563	15.59577	15.91686	14.14686	13.63635	554.3
907	C	14	2	72	74	122.32	135.32	10302.58828	40	0.60012857	16.50378	16.85238	15.08238	14.57014	553.65
907	C	14	2	102	104	122.62	135.62	10337.5841	40	0.65376664	18.08137	18.47778	16.70778	16.19379	552.65
907	C	14	2	132	134	122.92	135.92	10372.57992	40	0.62094899	17.11615	17.4833	15.7133	15.19758	550.5
907	C	14	3	12	14	123.22	136.22	10407.57573	40	0.60815959	16.73999	17.09575	15.32575	14.80828	550.3
907	A	14	3	4	6	124.3	136.5	10426	40	0.71	19.75294	20.2	18.43	17.91162	
907	C	14	3	42	44	123.52	136.52	10442.57155	40	0.61202307	16.85362	17.21282	15.44282	14.92362	551.8
907	A	14	3	20	22	124.5	136.7	10448.77778	40	0.538409544	14.68852	14.98211	13.21211	12.69259	419
907	A	14	3	20	22	124.5	136.7	10448.77778	40	0.533566915	14.54609	14.83536	13.06536	12.54585	419
907	C	14	3	72	74	123.82	136.82	10477.56736	40	0.68730734	19.06786	19.49416	17.72416	17.20322	554.35
907	C	14	3	102	104	124.12	137.12	10512.56318	40	0.62116532	17.12251	17.48986	15.71986	15.19717	556.6
907	C	14	3	132	134	124.42	137.42	10547.559	40	0.58885745	16.17228	16.51083	14.74083	14.21641	562.15
907	C	14	4	12	14	124.72	137.72	10582.55481	40	0.51128836	13.89083	14.16025	12.39025	11.86409	570.45
907	A	14	4	10	12	125.9	138.1	10608.22222	40	0.74	20.52941	21	19.23	18.70256	
907	C	14	4	42	44	125.02	138.02	10617.55063	40	0.61548147	16.95534	17.31762	15.54762	15.01972	576.85
907	C	14	4	72	74	125.32	138.32	10652.54644	40	0.50522258	13.71243	13.97644	12.20644	11.6768	543.25
907	C	14	4	72	74	125.32	138.32	10652.54644	40	0.51472458	13.9919	14.26438	12.49438	11.96474	543.25
907	C	14	4	102	104	125.62	138.62	10687.54226	40	0.59128612	16.24371	16.58443	14.81443	14.28304	509.65
907	C	14	4	132	134	125.92	138.92	10722.53808	40	0.48334148	13.06887	13.31338	11.54338	11.01025	474.95
907	C	14	4	132	134	125.92	138.92	10722.53808	40	0.48017601	12.97577	13.21745	11.44745	10.91433	474.95
907	C	14	5	12	14	126.22	139.22	10757.53389	40	0.63394875	17.49849	17.87723	16.10723	15.57237	442.6
907	C	14	5	12	14	126.22	139.22	10757.53389	40	0.61984024	17.08354	17.4497	15.6797	15.14484	442.6
907	A	14	5	20	22	127.5	139.7	10790.44444	40	0.67	18.49118	18.9	17.13	16.5935	
907	C	14	5	72	74	126.82	139.82	10827.52552	40	0.51264569	13.93076	14.20138	12.43138	11.89304	373.65
907	C	14	5	72	74	126.82	139.82	10827.52552	40	0.50776154	13.7871	14.05338	12.28338	11.74504	373.65
907	C	14	5	102	104	127.12	140.12	10862.52134	40	0.65916975	18.24029	18.64151	16.87151	16.33142	340.75
907	C	14	5	132	134	127.42	140.42	10897.51715	40	0.50444353	13.68952	13.95283	12.18283	11.64101	307.25
907	C	14	6	12	14	127.72	140.72	10932.51297	40	0.72011105	20.03268	20.48821	18.71821	18.17465	274.85
907	C	14	6	12	14	127.72	140.72	10932.51297	40	0.65333159	18.06858	18.46459	16.69459	16.15103	274.85
907	C	14	6	42	44	128.02	141.02	10967.50879	40	0.73735485	20.53985	21.01075	19.24075	18.69545	244.2
907	C	14	6	42	44	128.02	141.02	10967.50879	40	0.68764942	19.07792	19.50453	17.73453	17.18922	244.2
907	A	14	6	30	32	129.1	141.3	10972.66667	40	0.71	19.85	20.3	18.53	17.98444	
907	C	14	6	72	74	128.32	141.32	11002.5046	40	0.68680978	19.05323	19.47908	17.70908	17.16204	213.75
907	A	14	6	70	72	129.5	141.7	11018.22222	40	0.708934258	19.70395	20.14952	18.37952	17.8317	139.7
907	C	14	6	102	104	128.62	141.62	11036.74545	40	0.610785	16.81721	17.1753	15.4053	14.85656	183.5
907	A	14	7	1	3	130.3	142.5	11062.375	40	0.65	17.90882	18.3	16.53	15.97998	
907	C	14	6	132	134	128.92	141.92	11079.29091	40	0.67723017	18.77148	19.18879	17.41879	16.86793	153.85
907	C	14	7	12	14	129.22	142.22	11121.83636	40	0.57720431	15.82954	16.15771	14.38771	13.83473	129.3
907	C	14	7	42	44	129.52	142.52	11123.18909	40	0.61372285	16.90361	17.26433	15.49433	14.94128	109.95
907	C	15	1	12	14	129.72	143.92	11141.51636	40	0.56684339	15.52481	15.84374	14.07374	13.51978	100.75
907	C	15	1	42	44	130.02	144.22	11145.44364	40	0.48502607	13.11841	13.36443	11.59443	11.04027	98
907	C	15	1	72	74	130.32	144.52	11149.37091	40	0.64042212	17.68889	18.0734	16.3034	15.74905	89.65
907	C	15	1	102	104	130.62	144.82	11153.29818	40	0.71280976	19.81793	20.26696	18.49696	17.94242	82.35
907	A	15	1	74	76	131.5	145.2	11171	40	0.66	18.2	18.6	16.83	16.27458	
907	C	15	1	132	134	130.92	145.12	11183.04124	40	0.59005373	16.20746	16.54708	14.77708	14.22106	74.05
907	C	15	2	12	14	131.22	145.42	11232.52577	40	0.55156026	15.0753	15.38061	13.61061	13.05213	67.55
907	C	15	2	42	44	131.52	145.72	11282.01031	40	0.59322232	16.30066	16.6431	14.8731	14.31216	62.85
907	A	15	2	38	40	132.7	146.4	11363	40	0.55	15.09412	15.4	13.63	13.06503	
907	C	15	2	102	104	132.12	146.32	11380.97938	40	0.60343464	16.60102	16.95256	15.18256	14.6167	56.45
907	C	15	2	132	134	132.42	146.62	11430.46392	40	0.52520163	14.30005	14.58187	12.81187	12.24354	56.1
907	A	15	2	90	92	133.2	146.9	11443	40	0.571343586	15.65716	15.98011	14.21011	13.64116	56.1
907	C	15	3	12	14	132.72	146.92	11479.94845	40	0.70593838	19.61583	20.05874	18.28874	17.71796	57.25
907	C	15	3	42	44	133.02	147.22	11529.43299	40	0.61024181	16.80123	17.15884	15.38884	14.8156	59.9
907	A	15	3	4	6	133.8	147.5	11539	40	0.75	21.01471	21.5	19.73	19.15628	
907	C	15	3	72	74	133.32	147.52	11563.09302	40	0.60826205	16.743	17.09885	15.32885	14.75393	64.35
907	C	15	3	72	74	133.32	147.52	11563.09302	40	0.73139253	20.36449	20.83008	19.06008	18.48516	64.35
907	C	15	3	102	104	133.62	147.82	11579.83721	40	0.53438339	14.5701	14.8601	13.0901	12.51435	69.95
907	A	15	3	32	34	134.13	147.83	11591.8	40	0.56933802	15.59818	15.91933	14.14933	13.57299	
907	C	15	3	132	134	133.92	148.12	11596.5814	40	0.57185416	15.67218	15.99558	14.22558	13.649	77.6
907	C	15	4	12	14	134.22	148.42	11621.0058	40	0.55898184	15.29358	15.60551	13.83551	13.25771	85
907	C	15	4	42	44	134.52	148.72	11646.74493	40	0.60045243	16.51331	16.86219	15.09219	14.51312	92.55
907	C	15	4	72	74	134.82	149.02	11672.48406	40	0.65284912	18.05439	18.44997	16.67997	16.09962	100.25
907	C	15	4	102	104	135.12	149.32	11698.22319	40	0.63154587	17.42782	17.80442	16.03442	15.45278	102.3
907	A	15	3	102	104	134.83	148.53	11703.8	40	0.628941999	17.35124	17.72552	15.95552	15.3736	
907	C	15	4	132	134	135.42	149.62	11723.96232	40	0.65140963	18.01205	18.40635	16.63635	16.05344	96.4
907	C	15	5	12	14	135.72	149.92	11749.70145	40	0.64520873	17.82967	18.21845	16.44845	15.86425	88.9
907	C	15	5	12	14	135.72	149.92	11749.70145	40	0.65410795	18.09141	18.48812	16.71812	16.13392	88.9
907	C	15	5	42	44	136.02	150.22	11775.44058	40	0.60738029	16.71707	17.07213	15.30213	14.71666	81.9
907	A	15	4	93	95	136.24	149.94	11781.95652	40	0.728462805	20.27832	20.7413	18.9713	18.3855	67.4
907	C	15	5	72	74	136.32	150.52	11801.17971	40	0.68545368	19.01334	19.43799	17.66799	17.08124	75.85
907	C	15	5	102	104	136.62	150.82	11826.91884	40	0.53555616	14.60459	14.89564	13.12564	12.53761	69.1
907	C	15	5	132	134	136.92	151.12	11852.65797	40	0.70934979	19.71617	20.16211	18.39211	17.8028	63.05
907	A	15	5	13	15	136.93	150.63	11861.95652	40	0.73301106	20.41209	20.87912	19.10912	18.51935	59.1
907	C	15	6	12	14	137.22	151.42	11878.3971	40	0.60714458	16.71013	17.06499	15.29499	14.70439	58
907	C	15	6	42	44	137.52	151.72	11904.13623	40	0.60251252	16.5739	16.92462	15.15462	14.56275	54.7
907	A	15	5	74	76	137.5	151.2	11928.04348	40	0.63	17.52059	17.9	16.13	15.53694	
907	C	15	6	72	74	137.82	152.02	11929.87536	40	0.62792299	17.32126	17.69464	15.92464	15.33148	51.85
907	C	15	6	102	104	138.12	152.32	11955.61449	40	0.62824137	17.33063	17.70428	15.93428	15.33985	50.5
907	C	15	6	132	134	138.42	152.62	11981.35362	40	0.67901796	18.82406	19.24297	17.47297	16.87726	51.35
907	C	15	6	132	134	138.42	152.62	11981.35362	40	0.66922086	18.53591	18.94609	17.17609	16.58037	51.35
907	C	15	7	12	14	138.72	152.92	12007.09275	40	0.57076403	15.64012	15.96255	14.19255	13.59555	53.4
907	A	15	5	140	142	138.22	151.92	12011.52174	40	0.625371605	17.24622	17.61732	15.84732	15.25011	56.55
907	A	15	6	1	3	138.31	152.01	12023.08	40	0.59706077	16.41355	16.75942	14.98942	14.39163	57.2
907	C	15	7	42	44	139.02	153.22	12032.83188	40	0.61558531	16.95839	17.32077	15.55077	14.95249	56.75
907	C	15	7	55	57	139.15	153.35	12043.98551	40	0.63975653	17.66931	18.05323	16.28323	15.6844	58.1
907	A	15	6	37	39	138.7	152.4	12067.17391	40	0.67	18.58824	19	17.23	16.63002	
907	C	16	1	12	14	139.22	153.97	12097.17971	40	0.6043132	16.62686	16.97919	15.20919	14.60772	59.05
907	C	16	1	12	14	139.22	153.97	12097.17971	40	0.59052249	16.22125	16.56129	14.79129	14.18982	59.05
907	C	16	1	42	44	139.52	154.27	12122.91884	40	0.68388145	18.9671	19.39035	17.62035	17.0176	63.85
907	A	15	6	92	94	139.3	153	12126.0738	40	0.7	19.55882	20	18.23	17.62709	
907	B	16	3	9	11	138.79	153.29	12129.64137	40	0.60711462	16.70925	17.06408	15.29408	14.69099	225.15
907	B	16	3	28	30	138.98	153.48	12132.9222	40	0.68513041	19.00384	19.42819	17.65819	17.05495	223
907	C	16	1	72	74	139.82	154.57	12148.65797	40	0.60024645	16.50725	16.85595	15.08595	14.48192	69.4
907	B	16	4	0	2	140.2	154.7	12153.98861	40	0.67767571	18.78458	19.20229	17.43229	16.828	219.9
907	A	16	1	17	19	140.5	154.11	12163.34686	40	0.82	23.05294	23.6	21.83	21.22524	
907	C	16	1	102	104	140.12	154.87	12174.3971	40	0.7230918	20.12035	20.57854	18.80854	18.20323	71.6
907	C	16	1	132	134	140.42	155.17	12200.13623	40	0.62354583	17.19252	17.56199	15.79199	15.1854	67.3
907	C	16	2	12	14	140.72	155.47	12213.0878	40	0.62009713	17.09109	17.45749	15.68749	15.08025	64.4
907	C	16	2	42	44	141.02	155.77	12228.30732	40	0.77288047	21.58472	22.08729	20.31729	19.7093	61.55
907	A	16	2	65	67	142.45	156.06	12241.66667	40	0.61344326	16.89539	17.25586	15.48586	14.8772	61.8
907	C	16	2	72	74	141.32	156.07	12243.52683	40	0.69606112	19.32533	19.75943	17.98943	17.38068	59.45
907	A	16	2	91.5	93.5	142.7	156.31	12255	40	0.8	22.56765	23.1	21.33	20.72068	
907	A	16	2	94	96	142.74	156.35	12257.13333	40	0.677320449	18.77413	19.19153	17.42153	16.8121	63.35
907	C	16	2	102	104	141.62	156.37	12258.74634	40	0.67138893	18.59967	19.01179	17.24179	16.63228	59.35
907	C	16	2	132	134	141.92	156.67	12273.96585	40	0.68362062	18.95943	19.38244	17.61244	17.00218	61
907	C	16	3	12	14	142.22	156.97	12289.18537	40	0.65231176	18.03858	18.43369	16.66369	16.05267	63.25
907	C	16	3	42	44	142.52	157.27	12304.40488	40	0.72577271	20.1992	20.65978	18.88978	18.278	66.05
907	A	16	3	42.5	44.5	143.7	157.31	12308.33333	40	0.5	13.54118	13.8	12.03	11.41803	
907	A	16	3	80	82	144.1	157.71	12329.66667	40	0.62287391	17.17276	17.54163	15.77163	15.1586	82.1
907	A	16	3	80	82	144.1	157.71	12329.66667	40	0.65160342	18.01775	18.41222	16.64222	16.02919	82.1
907	A	16	3	80	82	144.1	157.71	12329.66667	40	0.66381239	18.37684	18.78219	17.01219	16.39916	82.1
907	C	16	3	102	104	143.12	157.87	12334.8439	40	0.63811316	17.62098	18.00343	16.23343	15.62014	75.15
907	C	16	3	132	134	143.42	158.17	12350.06341	40	0.70422138	19.56533	20.00671	18.23671	17.62266	80.6
907	C	16	4	12	14	143.72	158.47	12365.28293	40	0.62387058	17.20208	17.57184	15.80184	15.18703	86.9
907	C	16	4	12	14	143.72	158.47	12365.28293	40	0.61687136	16.99622	17.35974	15.58974	14.97494	86.9
907	C	16	4	42	44	144.02	158.77	12380.50244	40	0.65308881	18.06144	18.45724	16.68724	16.07168	93.55
907	A	16	4	92	94	145.7	159.31	12415	40	0.69	18.97647	19.4	17.63	17.01273	
907	A	16	4	102	104	145.82	159.43	12419.41912	40	0.57210724	15.67962	16.00325	14.23325	13.61576	86.65
907	C	16	5	12	14	145.22	159.97	12433.98663	40	0.64210508	17.73838	18.1244	16.3544	15.73618	112.25
907	C	16	5	42	44	145.52	160.27	12444.94046	40	0.62876135	17.34592	17.72004	15.95004	15.33128	106.55
907	C	16	5	72	74	145.82	160.57	12455.89429	40	0.68152681	18.89785	19.31899	17.54899	16.92969	102.8
907	C	16	5	102	104	146.12	160.87	12466.84812	40	0.65621402	18.15335	18.55194	16.78194	16.16209	98.8
907	C	16	5	132	134	146.42	161.17	12477.80194	40	0.67337544	18.6581	19.07198	17.30198	16.68159	96.05
907	C	16	6	12	14	146.72	161.47	12488.75577	40	0.71545891	19.89585	20.34724	18.57724	17.9563	92.55
907	A	16	5	143	145	147.73	161.34	12489.75674	40	0.698538955	19.3982	19.83451	18.06451	17.44352	80.3
907	A	16	6	20	22	148	161.61	12499.69975	40	0.7	19.46176	19.9	18.13	17.50851	
907	C	16	6	42	44	147.02	161.77	12499.7096	40	0.66772845	18.49201	18.90086	17.13086	16.50938	89.75
907	C	16	6	72	74	147.32	162.07	12510.66343	40	0.63021257	17.38861	17.76402	15.99402	15.37199	87.35
907	C	16	6	102	104	147.62	162.37	12521.61725	40	0.6349797	17.52881	17.90848	16.13848	15.5159	86.75
907	C	16	6	132	134	147.92	162.67	12532.57108	40	0.70378802	19.55259	19.99358	18.22358	17.60046	86.75
907	C	16	6	132	134	147.92	162.67	12532.57108	40	0.69997573	19.44046	19.87805	18.10805	17.48493	86.75
907	C	16	7	12	14	148.22	162.97	12543.52491	40	0.71061732	19.75345	20.20052	18.43052	17.80686	88.8
907	C	16	7	12	14	148.22	162.97	12543.52491	40	0.71716679	19.94608	20.39899	18.62899	18.00533	88.8
907	C	17	1	12	14	149.54	164.44	12597.19866	40	0.71912464	20.00367	20.45832	18.68832	18.06199	105.5
907	C	17	1	42	44	149.84	164.74	12608.15249	40	0.71158003	19.78177	20.2297	18.4597	17.83282	110.1
907	C	17	1	42	44	149.84	164.74	12608.15249	40	0.71879284	19.99391	20.44827	18.67827	18.05139	110.1
907	C	17	1	72	74	150.14	165.04	12619.10632	40	0.73291745	20.40934	20.87629	19.10629	18.47886	111.35
907	A	17	1	136	138	151.16	165.45	12641.11152	40	0.692973926	19.23453	19.66588	17.89588	17.26736	
907	A	17	2	76	78	152.06	166.35	12674.2549	40	0.7468677	20.81964	21.29902	19.52902	18.89886	107
907	A	17	4	60	62	154.9	169.19	12778.84069	40	0.73	20.43235	20.9	19.13	18.49464	
907	A	17	4	144	146	155.74	170.03	12809.77451	40	0.72575201	20.19859	20.65915	18.88915	18.25225	
907	A	17	5	126	128	157.06	171.35	12858.3848	40	0.835417605	23.42405	23.98235	22.21235	21.57303	105
907	A	18	4	68	70	164.5	178.79	13132.3701	40	0.772095123	21.56162	22.06349	20.29349	19.64055	
907	A	18	5	2	4	165.34	181.37	13605.4	40	0.762208342	21.27083	21.76389	19.99389	19.31743	97.25
907	A	18	5	61	63	165.93	181.96	13617.2	40	0.75240855	20.9826	21.46693	19.69693	19.01988	88.3
907	A	18	5	121	123	166.5	182.53	13628.6	40	0.72	20.14118	20.6	18.83	18.15239	
907	A	18	6	97	99	167.8	183.83	13654.6	40	0.68	18.78235	19.2	17.43	16.75109	
907	A	19	1	0	2	168.81	186.06	13699.2	40	0.74963571	20.90105	21.3829	19.6129	18.93178	
907	A	19	1	34	36	169.1	186.35	13705	40	0.718	19.94706	20.4	18.63	17.94859	
907	A	19	3	77	79	172.58	189.83	13777.68263	40	0.839101548	23.5324	24.09399	22.32399	21.63896	
907	A	19	4	138	140	174.7	191.95	13823.38323	40	0.84	23.55882	24.12121	22.35121	21.66391	
907	A	19	4	138	140	174.7	191.95	13823.38323	40	0.84	23.44118	24	22.23	21.5427	
