# Late Miocene to Present Global Ocean Alkenone and SST Reconstruction Data
#-----------------------------------------------------------------------
#               World Data Service for Paleoclimatology, Boulder
#                                   and
#                      NOAA Paleoclimatology Program
#-----------------------------------------------------------------------
# Template Version 3.0
# Encoding: UTF-8
# NOTE: Please cite original publication, online resource and date accessed when using this data.
# If there is no publication information, please cite Investigator, title, online resource and date accessed.
#
# Description/Documentation lines begin with #
# Data lines have no #
#
# Online_Resource: https://www.ncdc.noaa.gov/paleo/study/25390
#      Description: NOAA Landing Page
# Online_Resource: http://www1.ncdc.noaa.gov/pub/data/paleo/contributions_by_author/herbert2016/herbert2016-odp722.txt
#      Description: NOAA location of the template
#
# Archive: Paleoceanography
#
# Dataset_DOI:
#
# Parameter_Keywords: biomarkers
#---------------------------------------
# Contribution_Date
#    Date: 2018-10-10
#---------------------------------------
# File_Last_Modified_Date
#    Date: 2018-10-10
#---------------------------------------
# Title
#    Study_Name: Late Miocene to Present Global Ocean Alkenone and SST Reconstruction Data
#---------------------------------------
# Investigators
#      Investigators: Herbert, T.D.; Lawrence, K.T.; Tzanova, A.; Peterson, L.C.; Caballero-Gill, R.; Kelly, C.S.
#---------------------------------------
# Description_Notes_and_Keywords
#        Description: Note: age models for Sites 907 and 982 refined following publication of Herbert et al., 2016 NGS
#         Provided Keywords: Global ocean cooling, mid-Miocene to Present
#---------------------------------------
# Publication
# Authors: Herbert, T.D., K.T. Lawrence, A. Tzanova, L.C. Peterson, R. Caballero-Gill, and C.S. Kelly
# Published_Date_or_Year: 2016
# Published_Title: Late Miocene Global Cooling and the Rise of Modern Ecosystems
# Journal_Name: Nature Geoscience
# Volume: 9
# Edition: 
# Issue: 
# Pages: 843-847
# Report_Number: 
# DOI: 10.1038/ngeo2813
# Online_Resource: 
# Full_Citation: 
# Abstract: During the late Miocene epoch, about seven million years ago, large areas of the continents experienced drying, enhanced seasonality, and a restructuring of terrestrial plant and animal communities. These changes are seen throughout the subtropics, but have typically been attributed to regional tectonic forcing. Here we present a set of globally distributed sea surface temperature records spanning the past 12 million years based on the alkenone unsaturation method. We find that a sustained late Miocene cooling occurred synchronously in both hemispheres, and culminated with ocean temperatures dipping to near-modern values between about 7 and 5.4 million years ago. The period of maximum cooling coincides with evidence for transient glaciations in the Northern Hemisphere and with a steepening of the pole-to-equator temperature gradient, as well. We thus infer that late Miocene aridity and terrestrial ecosystem changes occurred in a global context of increasing meridional temperature gradients. We conclude that a global forcing mechanism, such as the previously hypothesized decline in atmospheric CO2 levels between eight and six million years ago, is required to explain the late Miocene changes in temperature, climate and ecosystems. 
#---------------------------------------
# Publication
# Authors: Herbert, T.D., L.C. Peterson, K.T. Lawrence, and Z. Liu
# Published_Date_or_Year: 2010
# Published_Title: Tropical ocean temperatures over the past 3.5 million years
# Journal_Name: Science
# Volume: 328
# Edition: 
# Issue: 
# Pages: 1540-1534
# Report_Number: 
# DOI: 10.1126/science.1185435
# Online_Resource: 
# Full_Citation: 
# Abstract: Determining the timing and amplitude of tropical sea surface temperature (SST) change is an important part of solving the puzzle of the Plio-Pleistocene ice ages. Alkenone-based tropical SST records from the major ocean basins show coherent glacial-interglacial temperature changes of 1 degrees to 3 degrees C that align with (but slightly lead) global changes in ice volume and deep ocean temperature over the past 3.5 million years. Tropical temperatures became tightly coupled with benthic d18O and orbital forcing after 2.7 million years. We interpret the similarity of tropical SST changes, in dynamically dissimilar regions, to reflect "top-down" forcing through the atmosphere. The inception of a strong carbon dioxide-greenhouse gas feedback and amplification of orbital forcing at ~2.7 million years ago connected the fate of Northern Hemisphere ice sheets with global ocean temperatures since that time. 
#---------------------------------------
# Publication
# Authors: Huang, Y., S.C. Clemens, W. Liu, Y. Wang, and W.L. Prell 
# Published_Date_or_Year: 2007
# Published_Title: Large-scale hydrological change drove the late Miocene C4 plant expansion in the Himalayan foreland and Arabian Peninsula
# Journal_Name: Geology
# Volume: 35
# Edition: 
# Issue: 
# Pages: 531-534
# Report_Number: 
# DOI: 10.1130/G23666A.1
# Online_Resource: 
# Full_Citation: 
# Abstract: Carbon isotope changes in paleosols from Siwalik, Pakistan, and marine sediments from the Bengal Fan indicate a major C4 plant expansion in the Himalayan foreland during the late Miocene. However, the timing and mechanisms behind the C4 plant expansion remain enigmatic. Here we present high-resolution (∼60 k.y.) biomarker and compound-specific isotope data spanning the past 11 m.y. from Ocean Drilling Program Site 722 in the Arabian Sea. An ∼5‰–6‰ increase in leaf wax δ13 C values indicates a marked rise of C4 plants from 10 to 5.5 Ma, with accelerated expansion from 7.9 to 5.5 Ma. A concurrent ∼50‰ rise in leaf wax δD values is attributed to a combined effect of changes in precipitation amount and evaporation, indicating that source regions for the plant waxes became progressively drier from 10 to 5.5 Ma. In contrast to earlier reports, our isotope records, biomarker abundances, alkenone UK′37, and Globigerina bulloides abundance data do not suggest enhanced summer monsoon circulation during this time interval. Rather, our results suggest that large-scale hydrological changes drove the late Miocene expansion of C4 plants in the Himalayan foreland and Arabian Peninsula.
#---------------------------------------
# Publication
# Authors: Cleaveland, L.C. and T.D. Herbert
# Published_Date_or_Year: 2007
# Published_Title: Coherent obliquity band and heterogeneous precession band responses in early Pleistocene tropical sea surface temperatures
# Journal_Name: Paleoceanography
# Volume: 22
# Edition: 
# Issue: 
# Pages: 
# Report_Number: 
# DOI: 10.1029/2006PA001370
# Online_Resource: 
# Full_Citation: 
# Abstract: The nature of the connection between high- and low-latitude climates during the early Pleistocene "41 kyr world" has important implications for our understanding of the feedbacks involved in translating insolation changes into global climate states. Here we focus on the tropical marine record, presenting alkenone-derived sea surface temperature (SST) and productivity records from the eastern equatorial Atlantic, eastern equatorial Pacific, the Arabian Sea, and the South China Sea for a time interval covering the heart of the 41 kyr world (1.2-2.0 Ma). All four SST records are dominated by variance in the obliquity band, suggesting that high- latitude dynamics and low-latitude climate were tightly coupled in the 41 kyr world, despite smaller ice volume variability during this interval as compared to the late Pleistocene. At the 41 kyr period, SST varied coherently and nearly synchronously between the four study regions, suggesting a tropic-wide feedback to high-latitude processes. Productivity variations at our equatorial Atlantic and Pacific sites were also coherent in the obliquity band, implying tropical trade wind variability at this frequency during the early Pleistocene. In contrast, we observe heterogeneous SST and productivity responses in the precession band between each of the tropical locations. Local atmospheric circulation patterns, rather than a globally coordinated response to precessional insolation forcing, apparently determined SSTs and productivity in the tropics at precessional frequencies during the early Pleistocene. 
#---------------------------------------
# Funding_Agency
#    Funding_Agency_Name: National Science Foundation Ocean Sciences
#    Grant: 9986760, 0351599, 0623487, 0623310, 1304366, 1459280, 1545859
#---------------------------------------
# Funding_Agency
#    Funding_Agency_Name: Evolving Earth Foundation
#    Grant: 
#---------------------------------------
# Site_Information
# Site_Name: ODP 722
# Location: Indian Ocean
# Country: 
# Northernmost_Latitude: 16.622
# Southernmost_Latitude: 16.622
# Easternmost_Longitude: 59.796
# Westernmost_Longitude: 59.796
# Elevation: -2028
#---------------------------------------
# Data_Collection
#   Collection_Name: ODP722-2016alkenones Herbert
#   First_Year: 10353600
#   Last_Year: 7100
#   Time_Unit: cal yr BP
#   Core_Length: 
#   Notes: alkenone data of Huang et al. offset by 
#---------------------------------------
# Chronology_Information 
# Chronology: 
# chronology follows Herbert et al., 2016
# Event	Age_(ka)	Uncertainty_(ka)	Depth_(mcd)	
# from Herbert et al. 2010	2611	20	82.72	
# from Herbert et al. 2010	3403	10	101.34	
# C2An.3n base	3597	50	108.91	
# C3n.4n base	5235	50	156.96	
# C3An.1n	6030	50	187.06	
# C3Bn	7100	50	225.56	
# FO D Quinqueramus	8120	100	275.96	
# FO N_acostaensis	8600	250	293.01	
# LO D hamatus	9530	100	310.81	
# LAD C. japonica	10100	100	336.56	
# LO G mayeri	10460	250	340.31	
# FO G nepenthes	11630	250	350.06	
# LO G fohsi	11790	300	370.81	
# FO D kugleri	11900	100	384.16	
# LO S heteromorphus	13530	150	388.56	
# LO G peripheronda	13800	250	398.36	
# 
#---------------------------------------
# Variables
# Data variables follow that are preceded by "##" in columns one and two.
# Variables list, one per line, shortname-tab-longname components (9 components: what, material, error, units, seasonality, archive, detail, method, C or N for Character or Numeric data)
## sitename	sample identification,,,,,paleoceanography,,,C,Site
## Hole	notes,,,,,paleoceanography,,,C,hole name
## core	notes,,,,,paleoceanography,,,C,core
## section	notes,,,,,paleoceanography,,,C,section
## cm_top	depth at sample end,,,centimeter,,paleoceanography,,,N,
## cm_base	depth at sample start,,,centimeter,,paleoceanography,,,N,
## depth_mbsf	depth,,,meter,,paleoceanography,,,N,shipboard meters below sea floor
## depth_mcd	depth,,,meter,,paleoceanography,,,N,composite depth 
## age_kaBP	age,,,calendar kiloyear before present,,paleoceanography,,,N,
## age_uncert_ka	age,,90% confidence interval margin of error,calendar kiloyear before present,,paleoceanography,,,N,
## Uk'37	alkenone unsaturation index,sediment,,dimensionless,,paleoceanography,,gas chromatography - flame ionization detection,N,GC-FID
## SST_P	sea surface temperature,alkenone unsaturation index,,degree Celsius,,climate reconstructions,,,N,SST calibration following F.G. Prahl et al., 1988; estimated
## SST_M	sea surface temperature,alkenone unsaturation index,,degree Celsius,,climate reconstructions,,,N,SST calibration following P.J. Muller et al. 1998; estimated
## SST_corr	sea surface temperature,alkenone unsaturation index,,degree Celsius,,climate reconstructions,,,,SST following Muller et al, corrected for interlab offset Huang-Herbert; estimated
## SST_anom-M	sea surface temperature,alkenone unsaturation index,,degree Celsius,,climate reconstructions,anomalized,,N,SST anomaly relative to modern; Muller calibration
## SST_anom_back	sea surface temperature,alkenone unsaturation index,,degree Celsius,,climate reconstructions,anomalized,,N,SST anomaly relative to modern; backtraced for paleolatitude/longitude
#------------------------
# Data:
# Data lines follow (have no #)
# Data line format - tab-delimited text, variable short name as header
# Missing_Values: NaN
sitename	Hole	core	section	cm_top	cm_base	depth_mbsf	depth_mcd	age_kaBP	age_uncert_ka	Uk'37	SST_P	SST_M	SST_corr	SST_anom-M	SST_anom_back	
722	B	1	1	3	5	0.04	0.04	7.1	5.0	0.9383	26.45	27.10	27.10	0.3	0.3	
722	B	1	1	9	11	0.10	0.1	7.7	5.0	0.93626	26.39	27.04	27.04	0.2	0.2	
722	B	1	1	13	15	0.14	0.14	8.0	5.0	0.94	26.50	27.15	27.15	0.4	0.4	
722	B	1	1	33	35	0.34	0.34	9.9	5.0	0.91008	25.62	26.24	26.24	-0.6	-0.6	
722	B	1	1	38	40	0.39	0.39	10.4	5.0	0.91008	25.62	26.24	26.24	-0.6	-0.6	
722	B	1	1	45	47	0.46	0.46	11.0	5.0	0.92538	26.07	26.71	26.71	-0.1	-0.1	
722	B	1	1	51	53	0.52	0.52	11.6	5.0	0.89682	25.23	25.84	25.84	-1.0	-1.0	
722	B	1	1	57	59	0.58	0.58	12.1	5.0	0.88152	24.78	25.38	25.38	-1.4	-1.4	
722	B	1	1	63	65	0.64	0.64	12.7	5.0	0.85432	23.98	24.56	24.56	-2.2	-2.2	
722	B	1	1	69	71	0.70	0.7	13.2	5.0	0.85194	23.91	24.48	24.48	-2.3	-2.3	
722	B	1	1	75	77	0.76	0.76	13.8	5.0	0.85738	24.07	24.65	24.65	-2.2	-2.2	
722	B	1	1	81	83	0.82	0.82	14.3	5.0	0.8567	24.05	24.63	24.63	-2.2	-2.2	
722	B	1	1	87	89	0.88	0.88	14.9	5.0	0.86316	24.24	24.82	24.82	-2.0	-2.0	
722	B	1	1	93	95	0.94	0.94	15.5	5.0	0.86078	24.17	24.75	24.75	-2.0	-2.0	
722	B	1	1	98	100	0.99	0.99	15.9	5.0	0.85908	24.12	24.70	24.70	-2.1	-2.1	
722	B	1	1	105	107	1.06	1.06	16.6	5.0	0.86894	24.41	25.00	25.00	-1.8	-1.8	
722	B	1	1	112	114	1.13	1.13	17.2	5.0	0.87812	24.68	25.28	25.28	-1.5	-1.5	
722	B	1	1	118	120	1.19	1.19	17.8	5.0	0.87336	24.54	25.13	25.13	-1.7	-1.7	
722	B	1	1	123	125	1.24	1.24	18.2	5.0	0.86452	24.28	24.86	24.86	-1.9	-1.9	
722	B	1	1	129	131	1.30	1.3	18.8	5.0	0.87098	24.47	25.06	25.06	-1.7	-1.7	
722	B	1	1	135	137	1.36	1.36	20.3	5.0	0.86282	24.23	24.81	24.81	-2.0	-2.0	
722	B	1	1	141	143	1.42	1.42	21.9	5.0	0.86452	24.28	24.86	24.86	-1.9	-1.9	
722	B	1	2	3	5	1.54	1.54	25.0	5.0	0.8669	24.35	24.94	24.94	-1.9	-1.9	
722	B	1	2	9	11	1.60	1.6	26.5	5.0	0.87778	24.67	25.27	25.27	-1.5	-1.5	
722	B	1	2	15	17	1.66	1.66	27.6	5.0	0.88934	25.01	25.62	25.62	-1.2	-1.2	
722	B	1	2	21	23	1.72	1.72	28.6	5.0	0.89172	25.08	25.69	25.69	-1.1	-1.1	
722	B	1	2	27	29	1.78	1.78	29.6	5.0	0.8907	25.05	25.66	25.66	-1.1	-1.1	
722	B	1	2	33	35	1.84	1.84	30.7	5.0	0.88934	25.01	25.62	25.62	-1.2	-1.2	
722	B	1	2	39	41	1.90	1.9	31.7	5.0	0.88662	24.93	25.53	25.53	-1.3	-1.3	
722	B	1	2	45	47	1.96	1.96	32.7	5.0	0.8686	24.40	24.99	24.99	-1.8	-1.8	
722	B	1	2	51	53	2.02	2.02	33.7	5.0	0.87506	24.59	25.18	25.18	-1.6	-1.6	
722	B	1	2	57	59	2.08	2.08	34.6	5.0	0.86894	24.41	25.00	25.00	-1.8	-1.8	
722	B	1	2	63	65	2.14	2.14	35.5	5.0	0.86316	24.24	24.82	24.82	-2.0	-2.0	
722	B	1	2	69	71	2.20	2.2	36.4	5.0	0.86282	24.23	24.81	24.81	-2.0	-2.0	
722	B	1	2	75	77	2.26	2.26	37.4	5.0	0.86078	24.17	24.75	24.75	-2.0	-2.0	
722	B	1	2	81	83	2.32	2.32	38.5	5.0	0.84922	23.83	24.40	24.40	-2.4	-2.4	
722	B	1	2	87	89	2.38	2.38	39.6	5.0	0.84378	23.67	24.24	24.24	-2.6	-2.6	
722	B	1	2	93	95	2.44	2.44	40.9	5.0	0.82338	23.07	23.62	23.62	-3.2	-3.2	
722	B	1	2	99	101	2.50	2.5	42.4	5.0	0.8414	23.60	24.16	24.16	-2.6	-2.6	
722	B	1	2	105	107	2.56	2.56	43.9	5.0	0.85398	23.97	24.54	24.54	-2.3	-2.3	
722	B	1	2	111	113	2.62	2.62	45.5	5.0	0.85908	24.12	24.70	24.70	-2.1	-2.1	
722	B	1	2	117	119	2.68	2.68	47.1	5.0	0.86384	24.26	24.84	24.84	-2.0	-2.0	
722	B	1	2	123	125	2.74	2.74	48.7	5.0	0.85976	24.14	24.72	24.72	-2.1	-2.1	
722	B	1	2	129	131	2.80	2.8	50.3	5.0	0.8567	24.05	24.63	24.63	-2.2	-2.2	
722	B	1	2	135	137	2.86	2.86	51.9	5.0	0.86044	24.16	24.74	24.74	-2.1	-2.1	
722	B	1	2	141	143	2.92	2.92	53.4	5.0	0.86248	24.22	24.80	24.80	-2.0	-2.0	
722	B	1	3	3	5	3.04	3.04	56.4	5.0	0.855	24.00	24.58	24.58	-2.2	-2.2	
722	B	1	3	9	11	3.10	3.1	57.9	5.0	0.85636	24.04	24.62	24.62	-2.2	-2.2	
722	B	1	3	15	17	3.16	3.16	59.5	5.0	0.85194	23.91	24.48	24.48	-2.3	-2.3	
722	B	1	3	24	26	3.25	3.25	62.0	5.0	0.85262	23.93	24.50	24.50	-2.3	-2.3	
722	B	1	3	27	29	3.28	3.28	62.9	5.0	0.86214	24.21	24.79	24.79	-2.0	-2.0	
722	B	1	3	33	35	3.34	3.34	64.7	5.0	0.85228	23.92	24.49	24.49	-2.3	-2.3	
722	B	1	3	39	41	3.40	3.4	66.5	5.0	0.86894	24.41	25.00	25.00	-1.8	-1.8	
722	B	1	3	45	47	3.46	3.46	68.4	5.0	0.88594	24.91	25.51	25.51	-1.3	-1.3	
722	B	1	3	51	53	3.52	3.52	70.4	5.0	0.90328	25.42	26.04	26.04	-0.8	-0.8	
722	B	1	3	57	59	3.58	3.58	72.3	5.0	0.9111	25.65	26.28	26.28	-0.5	-0.5	
722	B	1	3	63	65	3.64	3.64	74.4	5.0	0.9145	25.75	26.38	26.38	-0.4	-0.4	
722	B	1	3	69	71	3.70	3.7	76.7	5.0	0.9128	25.70	26.33	26.33	-0.5	-0.5	
722	B	1	3	75	77	3.76	3.76	78.9	5.0	0.93286	26.29	26.94	26.94	0.1	0.1	
722	B	1	3	82	84	3.82	3.82	81.2	5.0	0.93626	26.39	27.04	27.04	0.2	0.2	
722	B	1	3	87	89	3.88	3.88	83.7	5.0	0.92266	25.99	26.63	26.63	-0.2	-0.2	
722	B	1	3	93	95	3.94	3.94	86.2	5.0	0.94136	26.54	27.19	27.19	0.4	0.4	
722	B	1	3	98	100	3.99	3.99	88.3	5.0	0.94204	26.56	27.21	27.21	0.4	0.4	
722	B	1	3	107	109	4.08	4.08	91.9	5.0	0.94408	26.62	27.28	27.28	0.5	0.5	
722	B	1	3	111	113	4.12	4.12	93.4	5.0	0.93694	26.41	27.06	27.06	0.3	0.3	
722	B	1	3	117	119	4.18	4.18	95.8	5.0	0.94374	26.61	27.26	27.26	0.5	0.5	
722	B	1	3	123	125	4.24	4.24	98.8	5.0	0.9451	26.65	27.31	27.31	0.5	0.5	
722	B	1	3	128	130	4.29	4.29	101.7	5.0	0.9553	26.95	27.62	27.62	0.8	0.8	
722	B	1	3	135	137	4.36	4.36	105.8	5.0	0.93422	26.33	26.98	26.98	0.2	0.2	
722	B	1	3	141	143	4.42	4.42	109.2	5.0	0.94918	26.77	27.43	27.43	0.6	0.6	
722	B	1	4	3	5	4.54	4.54	115.5	5.0	0.95088	26.82	27.48	27.48	0.7	0.7	
722	B	1	4	7	9	4.58	4.58	117.6	5.0	0.9638	27.20	27.87	27.87	1.1	1.1	
722	B	1	4	15	17	4.66	4.66	121.1	5.0	0.9774	27.60	28.28	28.28	1.5	1.5	
722	B	1	4	21	23	4.72	4.72	123.4	5.0	0.98114	27.71	28.40	28.40	1.6	1.6	
722	B	1	4	27	29	4.78	4.78	125.7	5.0	0.98046	27.69	28.38	28.38	1.6	1.6	
722	B	1	4	33	35	4.84	4.84	127.5	5.0	0.97808	27.62	28.31	28.31	1.5	1.5	
722	B	1	4	39	41	4.90	4.9	128.7	5.0	0.9791	27.65	28.34	28.34	1.5	1.5	
722	B	1	4	44	46	4.95	4.95	129.7	5.0	0.95938	27.07	27.74	27.74	0.9	0.9	
722	B	1	4	51	53	5.02	5.02	131.0	5.0	0.93898	26.47	27.12	27.12	0.3	0.3	
722	B	1	4	57	59	5.08	5.08	132.2	5.0	0.93184	26.26	26.90	26.90	0.1	0.1	
722	B	1	4	63	65	5.14	5.14	133.4	5.0	0.93558	26.37	27.02	27.02	0.2	0.2	
722	B	1	4	67	69	5.18	5.18	134.2	5.0	0.91926	25.89	26.52	26.52	-0.3	-0.3	
722	B	1	4	72	74	5.23	5.23	135.2	5.0	0.90906	25.59	26.21	26.21	-0.6	-0.6	
722	B	1	4	77	79	5.28	5.28	136.3	5.0	0.90872	25.58	26.20	26.20	-0.6	-0.6	
722	B	2	1	3	5	5.54	5.54	141.9	5.0	0.93116	26.24	26.88	26.88	0.1	0.1	
722	B	2	1	9	11	5.60	5.6	143.2	5.0	0.92198	25.97	26.61	26.61	-0.2	-0.2	
722	B	2	1	15	17	5.66	5.66	144.5	5.0	0.92708	26.12	26.76	26.76	0.0	0.0	
722	B	2	1	22	24	5.73	5.73	146.0	5.0	0.92504	26.06	26.70	26.70	-0.1	-0.1	
722	B	2	1	27	29	5.78	5.78	147.1	5.0	0.92368	26.02	26.66	26.66	-0.1	-0.1	
722	B	2	1	33	35	5.84	5.84	148.4	5.0	0.91178	25.67	26.30	26.30	-0.5	-0.5	
722	B	2	1	39	41	5.90	5.9	149.7	5.0	0.91314	25.71	26.34	26.34	-0.5	-0.5	
722	B	2	1	45	47	5.96	5.96	151.0	5.0	0.93116	26.24	26.88	26.88	0.1	0.1	
722	B	2	1	51	53	6.02	6.02	152.3	5.0	0.91518	25.77	26.40	26.40	-0.4	-0.4	
722	B	2	1	57	59	6.08	6.08	153.6	5.0	0.91484	25.76	26.39	26.39	-0.4	-0.4	
722	B	2	1	63	65	6.14	6.14	155.0	5.0	0.91314	25.71	26.34	26.34	-0.5	-0.5	
722	B	2	1	69	71	6.20	6.2	156.4	5.0	0.8907	25.05	25.66	25.66	-1.1	-1.1	
722	B	2	1	75	77	6.26	6.26	157.8	5.0	0.88662	24.93	25.53	25.53	-1.3	-1.3	
722	B	2	1	81	83	6.32	6.32	159.2	5.0	0.88662	24.93	25.53	25.53	-1.3	-1.3	
722	B	2	1	87	89	6.38	6.38	160.6	5.0	0.88186	24.79	25.39	25.39	-1.4	-1.4	
722	B	2	1	93	95	6.44	6.44	162.1	5.0	0.88526	24.89	25.49	25.49	-1.3	-1.3	
722	B	2	1	97	99	6.48	6.48	163.0	5.0	0.89886	25.29	25.90	25.90	-0.9	-0.9	
722	B	2	1	105	107	6.56	6.56	164.9	5.0	0.90192	25.38	26.00	26.00	-0.8	-0.8	
722	B	2	1	111	113	6.62	6.62	166.2	5.0	0.9128	25.70	26.33	26.33	-0.5	-0.5	
722	B	2	1	117	119	6.68	6.68	167.6	5.0	0.92674	26.11	26.75	26.75	-0.1	-0.1	
722	B	2	1	123	125	6.74	6.74	168.9	5.0	0.9179	25.85	26.48	26.48	-0.3	-0.3	
722	B	2	1	129	131	6.80	6.8	170.2	5.0	0.91926	25.89	26.52	26.52	-0.3	-0.3	
722	B	2	1	135	137	6.86	6.86	171.5	5.0	0.93388	26.32	26.97	26.97	0.2	0.2	
722	B	2	1	141	143	6.92	6.92	172.8	5.0	0.91518	25.77	26.40	26.40	-0.4	-0.4	
722	B	2	1	147	149	6.98	6.98	174.1	5.0	0.90974	25.61	26.23	26.23	-0.6	-0.6	
722	B	2	2	3	5	7.04	7.04	175.4	5.0	0.91246	25.69	26.32	26.32	-0.5	-0.5	
722	B	2	2	9	11	7.10	7.1	176.7	5.0	0.91552	25.78	26.41	26.41	-0.4	-0.4	
722	B	2	2	15	17	7.16	7.16	178.0	5.0	0.91722	25.83	26.46	26.46	-0.3	-0.3	
722	B	2	2	21	23	7.22	7.22	179.2	5.0	0.91756	25.84	26.47	26.47	-0.3	-0.3	
722	B	2	2	27	29	7.28	7.28	180.5	5.0	0.91824	25.86	26.49	26.49	-0.3	-0.3	
722	B	2	2	33	35	7.34	7.34	181.7	5.0	0.91858	25.87	26.50	26.50	-0.3	-0.3	
722	B	2	2	39	41	7.40	7.4	183.0	5.0	0.92028	25.92	26.55	26.55	-0.2	-0.2	
722	B	2	2	45	47	7.46	7.46	184.3	5.0	0.93354	26.31	26.96	26.96	0.2	0.2	
722	B	2	2	51	53	7.52	7.52	185.5	5.0	0.90736	25.54	26.16	26.16	-0.6	-0.6	
722	B	2	2	57	59	7.58	7.58	186.7	5.0	0.92368	26.02	26.66	26.66	-0.1	-0.1	
722	B	2	2	63	65	7.64	7.64	187.9	5.0	0.92096	25.94	26.57	26.57	-0.2	-0.2	
722	B	2	2	68	70	7.69	7.69	188.9	5.0	0.91688	25.82	26.45	26.45	-0.3	-0.3	
722	B	2	2	75	77	7.76	7.76	190.3	5.0	0.93116	26.24	26.88	26.88	0.1	0.1	
722	B	2	2	81	83	7.82	7.82	191.5	5.0	0.93456	26.34	26.99	26.99	0.2	0.2	
722	B	2	2	87	89	7.88	7.88	192.7	5.0	0.93898	26.47	27.12	27.12	0.3	0.3	
722	B	2	2	93	95	7.94	7.94	193.9	5.0	0.9536	26.90	27.56	27.56	0.8	0.8	
722	B	2	2	99	101	8.00	8	195.1	5.0	0.957	27.00	27.67	27.67	0.9	0.9	
722	B	2	2	105	107	8.06	8.06	196.3	5.0	0.96176	27.14	27.81	27.81	1.0	1.0	
722	B	2	2	112	114	8.13	8.13	197.7	5.0	0.96584	27.26	27.93	27.93	1.1	1.1	
722	B	2	2	117	119	8.18	8.18	198.7	5.0	0.96142	27.13	27.80	27.80	1.0	1.0	
722	B	2	2	123	125	8.24	8.24	199.8	5.0	0.94	26.50	27.15	27.15	0.4	0.4	
722	B	2	2	128	130	8.29	8.29	200.8	5.0	0.95156	26.84	27.50	27.50	0.7	0.7	
722	B	2	2	135	137	8.36	8.36	202.2	5.0	0.95632	26.98	27.65	27.65	0.8	0.8	
722	B	2	2	141	143	8.42	8.42	203.3	5.0	0.95258	26.87	27.53	27.53	0.7	0.7	
722	B	2	2	147	149	8.48	8.48	204.5	5.0	0.94272	26.58	27.23	27.23	0.4	0.4	
722	B	2	3	3	5	8.54	8.54	205.7	5.0	0.93116	26.24	26.88	26.88	0.1	0.1	
722	B	2	3	9	11	8.60	8.6	206.8	5.0	0.93898	26.47	27.12	27.12	0.3	0.3	
722	B	2	3	15	17	8.66	8.66	207.9	5.0	0.93524	26.36	27.01	27.01	0.2	0.2	
722	B	2	3	22	24	8.73	8.73	209.1	5.0	0.93184	26.26	26.90	26.90	0.1	0.1	
722	B	2	3	27	29	8.78	8.78	209.8	5.0	0.93184	26.26	26.90	26.90	0.1	0.1	
722	B	2	3	33	35	8.84	8.84	210.6	5.0	0.93694	26.41	27.06	27.06	0.3	0.3	
722	B	2	3	39	41	8.90	8.9	211.5	5.0	0.93626	26.39	27.04	27.04	0.2	0.2	
722	B	2	3	45	47	8.96	8.96	213.1	5.0	0.93422	26.33	26.98	26.98	0.2	0.2	
722	B	2	3	51	53	9.02	9.02	214.9	5.0	0.93558	26.37	27.02	27.02	0.2	0.2	
722	B	2	3	57	59	9.08	9.08	216.7	5.0	0.92504	26.06	26.70	26.70	-0.1	-0.1	
722	B	2	3	63	65	9.14	9.14	218.6	5.0	0.87404	24.56	25.15	25.15	-1.6	-1.6	
722	B	2	3	69	71	9.20	9.2	220.4	5.0	0.8958	25.20	25.81	25.81	-1.0	-1.0	
722	B	2	3	75	77	9.26	9.26	222.2	5.0	0.85874	24.11	24.69	24.69	-2.1	-2.1	
722	B	2	3	81	83	9.32	9.32	224.3	5.0	0.85704	24.06	24.64	24.64	-2.2	-2.2	
722	B	2	3	87	89	9.38	9.38	226.7	5.0	0.8839	24.85	25.45	25.45	-1.3	-1.3	
722	B	2	3	93	95	9.44	9.44	229.2	5.0	0.88356	24.84	25.44	25.44	-1.4	-1.4	
722	B	2	3	99	101	9.50	9.5	231.6	5.0	0.91212	25.68	26.31	26.31	-0.5	-0.5	
722	B	2	3	105	107	9.56	9.56	234.0	5.0	0.92436	26.04	26.68	26.68	-0.1	-0.1	
722	B	2	3	111	113	9.62	9.62	236.5	5.0	0.93558	26.37	27.02	27.02	0.2	0.2	
722	B	2	3	117	119	9.68	9.68	238.9	5.0	0.95122	26.83	27.49	27.49	0.7	0.7	
722	B	2	3	123	125	9.74	9.74	241.3	5.0	0.95394	26.91	27.57	27.57	0.8	0.8	
722	B	2	3	129	131	9.80	9.8	243.7	5.0	0.95428	26.92	27.58	27.58	0.8	0.8	
722	B	2	3	135	137	9.86	9.86	246.2	5.0	0.95632	26.98	27.65	27.65	0.8	0.8	
722	B	2	3	141	143	9.92	9.92	248.6	5.0	0.95632	26.98	27.65	27.65	0.8	0.8	
722	B	2	3	147	149	9.98	9.98	251.0	5.0	0.96346	27.19	27.86	27.86	1.1	1.1	
722	B	2	4	3	5	10.04	10.04	253.4	5.0	0.96584	27.26	27.93	27.93	1.1	1.1	
722	B	2	4	9	11	10.10	10.1	255.9	5.0	0.93558	26.37	27.02	27.02	0.2	0.2	
722	B	2	4	15	17	10.16	10.16	258.3	5.0	0.92912	26.18	26.82	26.82	0.0	0.0	
722	B	2	4	21	23	10.22	10.22	260.7	5.0	0.92266	25.99	26.63	26.63	-0.2	-0.2	
722	B	2	4	27	29	10.28	10.28	263.2	5.0	0.93252	26.28	26.92	26.92	0.1	0.1	
722	B	2	4	33	35	10.34	10.34	265.6	5.0	0.89002	25.03	25.64	25.64	-1.2	-1.2	
722	B	2	4	39	41	10.40	10.4	267.4	5.0	0.87268	24.52	25.11	25.11	-1.7	-1.7	
722	B	2	4	45	47	10.46	10.46	268.6	5.0	0.87336	24.54	25.13	25.13	-1.7	-1.7	
722	B	2	4	53	55	10.54	10.54	270.3	5.0	0.8669	24.35	24.94	24.94	-1.9	-1.9	
722	B	2	4	57	59	10.58	10.58	271.1	5.0	0.8601	24.15	24.73	24.73	-2.1	-2.1	
722	B	2	4	63	65	10.64	10.64	272.3	5.0	0.85874	24.11	24.69	24.69	-2.1	-2.1	
722	B	2	4	69	71	10.70	10.7	273.6	5.0	0.85296	23.94	24.51	24.51	-2.3	-2.3	
722	B	2	4	75	77	10.76	10.76	274.8	5.0	0.86146	24.19	24.77	24.77	-2.0	-2.0	
722	B	2	4	81	83	10.82	10.82	276.0	5.0	0.86792	24.38	24.97	24.97	-1.8	-1.8	
722	B	2	4	87	89	10.88	10.88	277.3	5.0	0.86894	24.41	25.00	25.00	-1.8	-1.8	
722	B	2	4	93	95	10.94	10.94	278.5	5.0	0.87404	24.56	25.15	25.15	-1.6	-1.6	
722	B	2	4	99	101	11.00	11	279.7	5.0	0.8822	24.80	25.40	25.40	-1.4	-1.4	
722	B	2	4	105	107	11.06	11.06	281.0	5.0	0.87608	24.62	25.21	25.21	-1.6	-1.6	
722	B	2	4	111	113	11.12	11.12	282.2	5.0	0.85432	23.98	24.56	24.56	-2.2	-2.2	
722	B	2	4	117	119	11.18	11.18	283.4	5.0	0.86588	24.32	24.91	24.91	-1.9	-1.9	
722	B	2	4	123	125	11.24	11.24	284.7	5.0	0.85738	24.07	24.65	24.65	-2.2	-2.2	
722	B	2	4	129	131	11.30	11.3	285.9	5.0	0.83188	23.32	23.88	23.88	-2.9	-2.9	
722	B	2	4	135	137	11.36	11.36	287.8	5.0	0.85126	23.89	24.46	24.46	-2.3	-2.3	
722	B	2	4	141	143	11.42	11.42	289.7	5.0	0.84276	23.64	24.20	24.20	-2.6	-2.6	
722	B	2	4	147	149	11.48	11.48	291.6	5.0	0.85466	23.99	24.57	24.57	-2.2	-2.2	
722	B	2	5	3	5	11.54	11.54	293.4	5.0	0.84684	23.76	24.33	24.33	-2.5	-2.5	
722	B	2	5	9	11	11.60	11.6	295.3	5.0	0.8652	24.30	24.88	24.88	-1.9	-1.9	
722	B	2	5	15	17	11.66	11.66	297.2	5.0	0.85772	24.08	24.66	24.66	-2.1	-2.1	
722	B	2	5	21	23	11.72	11.72	299.0	5.0	0.86146	24.19	24.77	24.77	-2.0	-2.0	
722	B	2	5	27	29	11.78	11.78	300.4	5.0	0.85874	24.11	24.69	24.69	-2.1	-2.1	
722	B	2	5	33	35	11.84	11.84	301.7	5.0	0.86826	24.39	24.98	24.98	-1.8	-1.8	
722	B	2	5	39	41	11.90	11.9	303.1	5.0	0.89614	25.21	25.82	25.82	-1.0	-1.0	
722	B	2	5	45	47	11.96	11.96	304.4	5.0	0.91144	25.66	26.29	26.29	-0.5	-0.5	
722	B	2	5	51	53	12.02	12.02	305.7	5.0	0.91654	25.81	26.44	26.44	-0.4	-0.4	
722	B	2	5	57	59	12.08	12.08	307.0	5.0	0.93048	26.22	26.86	26.86	0.1	0.1	
722	B	2	5	63	65	12.14	12.14	308.2	5.0	0.93218	26.27	26.91	26.91	0.1	0.1	
722	B	2	5	69	71	12.20	12.2	309.2	5.0	0.88832	24.98	25.59	25.59	-1.2	-1.2	
722	B	2	5	75	77	12.26	12.26	310.2	5.0	0.89206	25.09	25.70	25.70	-1.1	-1.1	
722	B	2	5	81	83	12.32	12.32	311.2	5.0	0.89852	25.28	25.89	25.89	-0.9	-0.9	
722	B	2	5	87	89	12.38	12.38	312.1	5.0	0.8822	24.80	25.40	25.40	-1.4	-1.4	
722	B	2	5	93	95	12.44	12.44	313.0	5.0	0.88594	24.91	25.51	25.51	-1.3	-1.3	
722	B	2	5	99	101	12.50	12.5	313.9	5.0	0.9094	25.60	26.22	26.22	-0.6	-0.6	
722	B	2	5	105	107	12.56	12.56	314.8	5.0	0.90294	25.41	26.03	26.03	-0.8	-0.8	
722	B	2	5	111	113	12.62	12.62	315.7	5.0	0.91552	25.78	26.41	26.41	-0.4	-0.4	
722	B	2	5	117	119	12.68	12.68	316.6	5.0	0.9315	26.25	26.89	26.89	0.1	0.1	
722	B	2	5	123	125	12.74	12.74	317.5	5.0	0.90974	25.61	26.23	26.23	-0.6	-0.6	
722	B	2	5	129	131	12.80	12.8	318.4	5.0	0.91892	25.88	26.51	26.51	-0.3	-0.3	
722	B	2	5	135	137	12.86	12.86	319.3	5.0	0.92674	26.11	26.75	26.75	-0.1	-0.1	
722	B	2	5	141	143	12.92	12.92	320.3	5.0	0.9366	26.40	27.05	27.05	0.2	0.2	
722	B	2	5	147	149	12.98	12.98	321.2	5.0	0.9468	26.70	27.36	27.36	0.6	0.6	
722	B	2	6	3	5	13.04	13.04	322.1	5.0	0.94578	26.67	27.33	27.33	0.5	0.5	
722	B	2	6	9	11	13.10	13.1	323.0	5.0	0.93558	26.37	27.02	27.02	0.2	0.2	
722	B	2	6	15	17	13.16	13.16	323.9	5.0	0.94816	26.74	27.40	27.40	0.6	0.6	
722	B	2	6	21	23	13.22	13.22	324.8	5.0	0.94884	26.76	27.42	27.42	0.6	0.6	
722	B	2	6	27	29	13.28	13.28	325.7	5.0	0.95462	26.93	27.59	27.59	0.8	0.8	
722	B	2	6	33	35	13.34	13.34	326.7	5.0	0.96244	27.16	27.83	27.83	1.0	1.0	
722	B	2	6	39	41	13.40	13.4	327.6	5.0	0.96788	27.32	28.00	28.00	1.2	1.2	
722	B	2	6	45	47	13.46	13.46	328.6	5.0	0.97298	27.47	28.15	28.15	1.4	1.4	
722	B	2	6	51	53	13.52	13.52	329.6	5.0	0.95122	26.83	27.49	27.49	0.7	0.7	
722	B	2	6	57	59	13.58	13.58	330.6	5.0	0.94374	26.61	27.26	27.26	0.5	0.5	
722	B	2	6	63	65	13.64	13.64	331.6	5.0	0.92912	26.18	26.82	26.82	0.0	0.0	
722	B	2	6	69	71	13.70	13.7	332.6	5.0	0.91212	25.68	26.31	26.31	-0.5	-0.5	
722	B	2	6	75	77	13.76	13.76	333.6	5.0	0.89784	25.26	25.87	25.87	-0.9	-0.9	
722	B	2	6	81	83	13.82	13.82	334.6	5.0	0.89138	25.07	25.68	25.68	-1.1	-1.1	
722	B	2	6	87	89	13.88	13.88	335.6	5.0	0.88594	24.91	25.51	25.51	-1.3	-1.3	
722	B	2	6	93	95	13.94	13.94	336.7	5.0	0.88152	24.78	25.38	25.38	-1.4	-1.4	
722	B	2	6	99	101	14.00	14	337.9	5.0	0.89886	25.29	25.90	25.90	-0.9	-0.9	
722	B	2	6	105	107	14.06	14.06	339.2	5.0	0.87234	24.51	25.10	25.10	-1.7	-1.7	
722	B	2	6	112	114	14.13	14.13	340.6	5.0	0.90566	25.49	26.11	26.11	-0.7	-0.7	
722	B	2	6	117	119	14.18	14.18	341.6	5.0	0.88458	24.87	25.47	25.47	-1.3	-1.3	
722	B	2	6	123	125	14.24	14.24	342.9	5.0	0.88662	24.93	25.53	25.53	-1.3	-1.3	
722	B	2	6	129	131	14.30	14.3	344.1	5.0	0.88662	24.93	25.53	25.53	-1.3	-1.3	
722	B	2	6	135	137	14.36	14.36	345.4	5.0	0.8856	24.90	25.50	25.50	-1.3	-1.3	
722	B	2	6	141	143	14.42	14.42	346.7	5.0	0.89104	25.06	25.67	25.67	-1.1	-1.1	
722	B	2	6	147	149	14.48	14.48	348.0	5.0	0.88832	24.98	25.59	25.59	-1.2	-1.2	
722	B	2	7	3	5	14.54	14.54	349.4	5.0	0.88968	25.02	25.63	25.63	-1.2	-1.2	
722	B	2	7	9	11	14.60	14.6	350.9	5.0	0.8924	25.10	25.71	25.71	-1.1	-1.1	
722	B	2	7	15	17	14.66	14.66	352.3	5.0	0.87336	24.54	25.13	25.13	-1.7	-1.7	
722	B	2	7	21	23	14.72	14.72	353.8	5.0	0.85806	24.09	24.67	24.67	-2.1	-2.1	
722	B	2	7	27	29	14.78	14.78	355.5	5.0	0.86248	24.22	24.80	24.80	-2.0	-2.0	
722	B	2	7	33	35	14.84	14.84	357.1	5.0	0.85092	23.88	24.45	24.45	-2.3	-2.3	
722	B	3	1	3	5	15.14	15.24	368.6	5.0	0.872	24.50	25.09	25.09	-1.7	-1.7	
722	B	3	1	9	11	15.20	15.3	370.7	5.0	0.87302	24.53	25.12	25.12	-1.7	-1.7	
722	B	3	1	15	17	15.26	15.36	372.8	5.0	0.87574	24.61	25.20	25.20	-1.6	-1.6	
722	B	3	1	21	23	15.32	15.42	374.9	5.0	0.8805	24.75	25.35	25.35	-1.5	-1.5	
722	B	3	1	27	29	15.38	15.48	376.8	5.0	0.87268	24.52	25.11	25.11	-1.7	-1.7	
722	B	3	1	33	35	15.44	15.54	378.7	5.0	0.88186	24.79	25.39	25.39	-1.4	-1.4	
722	B	3	1	39	41	15.50	15.6	380.6	5.0	0.906	25.50	26.12	26.12	-0.7	-0.7	
722	B	3	1	45	47	15.56	15.66	382.4	5.0	0.89478	25.17	25.78	25.78	-1.0	-1.0	
722	B	3	1	51	53	15.62	15.72	384.1	5.0	0.89682	25.23	25.84	25.84	-1.0	-1.0	
722	B	3	1	57	59	15.68	15.78	385.8	5.0	0.91858	25.87	26.50	26.50	-0.3	-0.3	
722	B	3	1	63	65	15.74	15.84	387.6	5.0	0.93184	26.26	26.90	26.90	0.1	0.1	
722	B	3	1	69	71	15.80	15.9	389.5	5.0	0.9383	26.45	27.10	27.10	0.3	0.3	
722	B	3	1	75	77	15.86	15.96	391.4	5.0	0.94782	26.73	27.39	27.39	0.6	0.6	
722	B	3	1	81	83	15.92	16.02	393.3	5.0	0.93898	26.47	27.12	27.12	0.3	0.3	
722	B	3	1	87	89	15.98	16.08	395.2	5.0	0.94986	26.79	27.45	27.45	0.7	0.7	
722	B	3	1	93	95	16.04	16.14	397.1	5.0	0.94578	26.67	27.33	27.33	0.5	0.5	
722	B	3	1	99	101	16.10	16.2	399.0	5.0	0.92028	25.92	26.55	26.55	-0.2	-0.2	
722	B	3	1	105	107	16.16	16.26	400.9	5.0	0.91926	25.89	26.52	26.52	-0.3	-0.3	
722	B	3	1	111	113	16.22	16.32	402.7	5.0	0.94544	26.66	27.32	27.32	0.5	0.5	
722	B	3	1	117	119	16.28	16.38	404.6	5.0	0.95598	26.97	27.64	27.64	0.8	0.8	
722	B	3	1	123	125	16.34	16.44	406.3	5.0	0.96516	27.24	27.91	27.91	1.1	1.1	
722	B	3	1	129	131	16.40	16.5	408.0	5.0	0.95326	26.89	27.55	27.55	0.8	0.8	
722	B	3	1	135	137	16.46	16.56	409.6	5.0	0.97264	27.46	28.14	28.14	1.3	1.3	
722	B	3	1	141	143	16.52	16.62	411.2	5.0	0.97128	27.42	28.10	28.10	1.3	1.3	
722	B	3	1	145	147	16.56	16.66	412.1	5.0	0.9621	27.15	27.82	27.82	1.0	1.0	
722	B	3	2	3	5	16.64	16.74	413.8	5.0	0.96142	27.13	27.80	27.80	1.0	1.0	
722	B	3	2	9	11	16.70	16.8	415.1	5.0	0.95292	26.88	27.54	27.54	0.7	0.7	
722	B	3	2	15	17	16.76	16.86	416.3	5.0	0.94782	26.73	27.39	27.39	0.6	0.6	
722	B	3	2	21	23	16.82	16.92	417.4	5.0	0.94884	26.76	27.42	27.42	0.6	0.6	
722	B	3	2	27	29	16.88	16.98	418.5	5.0	0.9451	26.65	27.31	27.31	0.5	0.5	
722	B	3	2	33	35	16.94	17.04	419.8	5.0	0.87302	24.53	25.12	25.12	-1.7	-1.7	
722	B	3	2	39	41	17.00	17.1	421.1	5.0	0.87608	24.62	25.21	25.21	-1.6	-1.6	
722	B	3	2	45	47	17.06	17.16	422.4	5.0	0.87846	24.69	25.29	25.29	-1.5	-1.5	
722	B	3	2	51	53	17.12	17.22	423.7	5.0	0.8686	24.40	24.99	24.99	-1.8	-1.8	
722	B	3	2	57	59	17.18	17.28	425.0	5.0	0.86044	24.16	24.74	24.74	-2.1	-2.1	
722	B	3	2	63	65	17.24	17.34	426.4	5.0	0.8567	24.05	24.63	24.63	-2.2	-2.2	
722	B	3	2	69	71	17.30	17.4	427.7	5.0	0.85942	24.13	24.71	24.71	-2.1	-2.1	
722	B	3	2	75	77	17.36	17.46	429.2	5.0	0.8703	24.45	25.04	25.04	-1.8	-1.8	
722	B	3	2	81	83	17.42	17.52	430.7	5.0	0.8482	23.80	24.37	24.37	-2.4	-2.4	
722	B	3	2	87	89	17.48	17.58	432.2	5.0	0.86146	24.19	24.77	24.77	-2.0	-2.0	
722	B	3	2	93	95	17.54	17.64	433.7	5.0	0.87744	24.66	25.26	25.26	-1.5	-1.5	
722	B	3	2	99	101	17.60	17.7	435.1	5.0	0.87982	24.73	25.33	25.33	-1.5	-1.5	
722	B	3	2	105	107	17.66	17.76	436.5	5.0	0.87132	24.48	25.07	25.07	-1.7	-1.7	
722	B	3	2	113	115	17.74	17.84	438.3	5.0	0.86792	24.38	24.97	24.97	-1.8	-1.8	
722	B	3	2	117	119	17.78	17.88	439.2	5.0	0.87608	24.62	25.21	25.21	-1.6	-1.6	
722	B	3	2	123	125	17.84	17.94	440.6	5.0	0.85772	24.08	24.66	24.66	-2.1	-2.1	
722	B	3	2	129	131	17.90	18	442.0	5.0	0.8652	24.30	24.88	24.88	-1.9	-1.9	
722	B	3	2	135	137	17.96	18.06	443.4	5.0	0.86384	24.26	24.84	24.84	-2.0	-2.0	
722	B	3	2	141	143	18.02	18.12	444.8	5.0	0.85738	24.07	24.65	24.65	-2.2	-2.2	
722	B	3	2	147	149	18.08	18.18	446.2	5.0	0.86316	24.24	24.82	24.82	-2.0	-2.0	
722	B	3	3	3	5	18.14	18.24	447.6	5.0	0.86418	24.27	24.85	24.85	-1.9	-1.9	
722	B	3	3	9	11	18.20	18.3	449.1	5.0	0.87642	24.63	25.22	25.22	-1.6	-1.6	
722	B	3	3	15	17	18.26	18.36	450.6	5.0	0.89444	25.16	25.77	25.77	-1.0	-1.0	
722	B	3	3	21	23	18.32	18.42	452.0	5.0	0.90634	25.51	26.13	26.13	-0.7	-0.7	
722	B	3	3	27	29	18.38	18.48	453.1	5.0	0.8924	25.10	25.71	25.71	-1.1	-1.1	
722	B	3	3	33	35	18.44	18.54	454.1	5.0	0.89002	25.03	25.64	25.64	-1.2	-1.2	
722	B	3	3	39	41	18.50	18.6	455.2	5.0	0.87166	24.49	25.08	25.08	-1.7	-1.7	
722	B	3	3	45	47	18.56	18.66	456.2	5.0	0.89478	25.17	25.78	25.78	-1.0	-1.0	
722	B	3	3	51	53	18.62	18.72	457.2	5.0	0.90362	25.43	26.05	26.05	-0.8	-0.8	
722	B	3	3	57	59	18.68	18.78	458.2	5.0	0.90872	25.58	26.20	26.20	-0.6	-0.6	
722	B	3	3	63	65	18.74	18.84	459.2	5.0	0.88934	25.01	25.62	25.62	-1.2	-1.2	
722	B	3	3	69	71	18.80	18.9	460.2	5.0	0.86656	24.34	24.93	24.93	-1.9	-1.9	
722	B	3	3	75	77	18.86	18.96	461.2	5.0	0.87642	24.63	25.22	25.22	-1.6	-1.6	
722	B	3	3	82	84	18.93	19.03	462.3	5.0	0.88594	24.91	25.51	25.51	-1.3	-1.3	
722	B	3	3	87	89	18.98	19.08	463.1	5.0	0.88322	24.83	25.43	25.43	-1.4	-1.4	
722	B	3	3	93	95	19.04	19.14	464.0	5.0	0.8975	25.25	25.86	25.86	-0.9	-0.9	
722	B	3	3	99	101	19.10	19.2	464.9	5.0	0.91246	25.69	26.32	26.32	-0.5	-0.5	
722	B	3	3	105	107	19.16	19.26	465.9	5.0	0.8805	24.75	25.35	25.35	-1.5	-1.5	
722	B	3	3	111	113	19.22	19.32	466.8	5.0	0.8618	24.20	24.78	24.78	-2.0	-2.0	
722	B	3	3	123	125	19.34	19.44	468.7	5.0	0.87846	24.69	25.29	25.29	-1.5	-1.5	
722	B	3	3	129	131	19.40	19.5	469.9	5.0	0.88254	24.81	25.41	25.41	-1.4	-1.4	
722	B	3	3	135	137	19.46	19.56	471.0	5.0	0.89954	25.31	25.93	25.93	-0.9	-0.9	
722	B	3	3	141	143	19.52	19.62	472.3	5.0	0.9162	25.80	26.43	26.43	-0.4	-0.4	
722	B	3	3	147	149	19.58	19.68	473.8	5.0	0.9094	25.60	26.22	26.22	-0.6	-0.6	
722	B	3	4	3	5	19.64	19.74	475.3	5.0	0.89036	25.04	25.65	25.65	-1.2	-1.2	
722	B	3	4	9	11	19.70	19.8	476.8	5.0	0.87268	24.52	25.11	25.11	-1.7	-1.7	
722	B	3	4	15	17	19.76	19.86	478.4	5.0	0.88968	25.02	25.63	25.63	-1.2	-1.2	
722	B	3	4	21	23	19.82	19.92	480.0	5.0	0.90804	25.56	26.18	26.18	-0.6	-0.6	
722	B	3	4	27	29	19.88	19.98	481.6	5.0	0.91348	25.72	26.35	26.35	-0.5	-0.5	
722	B	3	4	33	35	19.94	20.04	483.5	5.0	0.93524	26.36	27.01	27.01	0.2	0.2	
722	B	3	4	39	41	20.00	20.1	485.7	5.0	0.94612	26.68	27.34	27.34	0.5	0.5	
722	B	3	4	45	47	20.06	20.16	487.8	5.0	0.9451	26.65	27.31	27.31	0.5	0.5	
722	B	3	4	51	53	20.12	20.22	490.0	5.0	0.95156	26.84	27.50	27.50	0.7	0.7	
722	B	3	4	57	59	20.18	20.28	492.3	5.0	0.9519	26.85	27.51	27.51	0.7	0.7	
722	B	3	4	63	65	20.24	20.34	494.7	5.0	0.95768	27.02	27.69	27.69	0.9	0.9	
722	B	3	4	69	71	20.30	20.4	497.0	5.0	0.94578	26.67	27.33	27.33	0.5	0.5	
722	B	3	4	75	77	20.36	20.46	499.7	5.0	0.94374	26.61	27.26	27.26	0.5	0.5	
722	B	3	4	81	83	20.42	20.52	502.4	5.0	0.94102	26.53	27.18	27.18	0.4	0.4	
722	B	3	4	87	89	20.48	20.58	505.1	5.0	0.9332	26.30	26.95	26.95	0.1	0.1	
722	B	3	4	93	95	20.54	20.64	507.6	5.0	0.93048	26.22	26.86	26.86	0.1	0.1	
722	B	3	4	99	101	20.60	20.7	510.0	5.0	0.92504	26.06	26.70	26.70	-0.1	-0.1	
722	B	3	4	105	107	20.66	20.76	512.4	5.0	0.9264	26.10	26.74	26.74	-0.1	-0.1	
722	B	3	4	111	113	20.72	20.82	514.9	5.0	0.92232	25.98	26.62	26.62	-0.2	-0.2	
722	B	3	4	117	119	20.78	20.88	517.3	5.0	0.92844	26.16	26.80	26.80	0.0	0.0	
722	B	3	4	123	125	20.84	20.94	519.7	5.0	0.92606	26.09	26.73	26.73	-0.1	-0.1	
722	B	3	4	129	131	20.90	21	525.1	5.0	0.91008	25.62	26.24	26.24	-0.6	-0.6	
722	B	3	4	135	137	20.96	21.06	531.1	5.0	0.90566	25.49	26.11	26.11	-0.7	-0.7	
722	B	3	4	141	143	21.02	21.12	537.0	5.0	0.89274	25.11	25.72	25.72	-1.1	-1.1	
722	B	3	4	147	149	21.08	21.18	543.0	5.0	0.90702	25.53	26.15	26.15	-0.6	-0.6	
722	B	3	5	3	5	21.14	21.24	548.6	5.0	0.90702	25.53	26.15	26.15	-0.6	-0.6	
722	B	3	5	9	11	21.20	21.3	553.7	5.0	0.92266	25.99	26.63	26.63	-0.2	-0.2	
722	B	3	5	15	17	21.26	21.36	558.8	5.0	0.92878	26.17	26.81	26.81	0.0	0.0	
722	B	3	5	21	23	21.32	21.42	563.6	5.0	0.94646	26.69	27.35	27.35	0.5	0.5	
722	B	3	5	27	29	21.38	21.48	566.5	5.0	0.94102	26.53	27.18	27.18	0.4	0.4	
722	B	3	5	33	35	21.44	21.54	569.5	5.0	0.95938	27.07	27.74	27.74	0.9	0.9	
722	B	3	5	39	41	21.50	21.6	572.4	5.0	0.93184	26.26	26.90	26.90	0.1	0.1	
722	B	3	5	45	47	21.56	21.66	574.4	5.0	0.93388	26.32	26.97	26.97	0.2	0.2	
722	B	3	5	51	53	21.62	21.72	576.1	5.0	0.93898	26.47	27.12	27.12	0.3	0.3	
722	B	3	5	57	59	21.68	21.78	577.9	5.0	0.94816	26.74	27.40	27.40	0.6	0.6	
722	B	3	5	65	67	21.76	21.86	580.7	5.0	0.95394	26.91	27.57	27.57	0.8	0.8	
722	B	3	5	69	71	21.80	21.9	582.1	5.0	0.93184	26.26	26.90	26.90	0.1	0.1	
722	B	3	5	75	77	21.86	21.96	584.4	5.0	0.9213	25.95	26.58	26.58	-0.2	-0.2	
722	B	3	5	82	84	21.93	22.03	587.1	5.0	0.92708	26.12	26.76	26.76	0.0	0.0	
722	B	3	5	87	89	21.98	22.08	589.4	5.0	0.94102	26.53	27.18	27.18	0.4	0.4	
722	B	3	5	93	95	22.04	22.14	592.2	5.0	0.93728	26.42	27.07	27.07	0.3	0.3	
722	B	3	5	99	101	22.10	22.2	594.9	5.0	0.93966	26.49	27.14	27.14	0.3	0.3	
722	B	3	5	105	107	22.16	22.26	597.5	5.0	0.95224	26.86	27.52	27.52	0.7	0.7	
722	B	3	5	111	113	22.22	22.32	600.0	5.0	0.96516	27.24	27.91	27.91	1.1	1.1	
722	B	3	5	117	119	22.28	22.38	602.5	5.0	0.94918	26.77	27.43	27.43	0.6	0.6	
722	B	3	5	123	125	22.34	22.44	604.8	5.0	0.96142	27.13	27.80	27.80	1.0	1.0	
722	B	3	5	129	131	22.40	22.5	606.8	5.0	0.95802	27.03	27.70	27.70	0.9	0.9	
722	B	3	5	135	137	22.46	22.56	608.8	5.0	0.9536	26.90	27.56	27.56	0.8	0.8	
722	B	3	5	141	143	22.52	22.62	610.7	5.0	0.957	27.00	27.67	27.67	0.9	0.9	
722	B	3	5	147	149	22.58	22.68	612.6	5.0	0.96346	27.19	27.86	27.86	1.1	1.1	
722	B	3	6	3	5	22.64	22.74	614.4	5.0	0.96278	27.17	27.84	27.84	1.0	1.0	
722	B	3	6	9	11	22.70	22.8	616.3	5.0	0.96958	27.37	28.05	28.05	1.2	1.2	
722	B	3	6	15	17	22.76	22.86	618.0	5.0	0.91552	25.78	26.41	26.41	-0.4	-0.4	
722	B	3	6	21	23	22.82	22.92	619.6	5.0	0.91246	25.69	26.32	26.32	-0.5	-0.5	
722	B	3	6	27	29	22.88	22.98	621.3	5.0	0.90294	25.41	26.03	26.03	-0.8	-0.8	
722	B	3	6	33	35	22.94	23.04	622.8	5.0	0.88322	24.83	25.43	25.43	-1.4	-1.4	
722	B	3	6	39	41	23.00	23.1	624.2	5.0	0.88934	25.01	25.62	25.62	-1.2	-1.2	
722	B	3	6	45	47	23.06	23.16	625.6	5.0	0.89716	25.24	25.85	25.85	-0.9	-0.9	
722	B	3	6	51	53	23.12	23.22	626.9	5.0	0.90328	25.42	26.04	26.04	-0.8	-0.8	
722	B	3	6	57	59	23.18	23.28	628.3	5.0	0.91382	25.73	26.36	26.36	-0.4	-0.4	
722	B	3	6	63	65	23.24	23.34	629.7	5.0	0.89648	25.22	25.83	25.83	-1.0	-1.0	
722	B	3	6	69	71	23.30	23.4	631.1	5.0	0.90362	25.43	26.05	26.05	-0.8	-0.8	
722	B	3	6	75	77	23.36	23.46	632.5	5.0	0.90974	25.61	26.23	26.23	-0.6	-0.6	
722	B	3	6	81	83	23.42	23.52	633.8	5.0	0.90736	25.54	26.16	26.16	-0.6	-0.6	
722	B	3	6	87	89	23.48	23.58	635.2	5.0	0.9179	25.85	26.48	26.48	-0.3	-0.3	
722	B	3	6	93	95	23.54	23.64	636.7	5.0	0.91586	25.79	26.42	26.42	-0.4	-0.4	
722	B	3	6	99	101	23.60	23.7	638.2	5.0	0.92266	25.99	26.63	26.63	-0.2	-0.2	
722	B	3	6	105	107	23.66	23.76	639.8	5.0	0.9298	26.20	26.84	26.84	0.0	0.0	
722	B	3	6	112	114	23.73	23.83	641.6	5.0	0.92096	25.94	26.57	26.57	-0.2	-0.2	
722	B	3	6	117	119	23.78	23.88	643.0	5.0	0.92674	26.11	26.75	26.75	-0.1	-0.1	
722	B	3	6	123	125	23.84	23.94	644.6	5.0	0.92028	25.92	26.55	26.55	-0.2	-0.2	
722	B	3	6	129	131	23.90	24	646.2	5.0	0.92572	26.08	26.72	26.72	-0.1	-0.1	
722	B	3	6	135	137	23.96	24.06	647.8	5.0	0.92232	25.98	26.62	26.62	-0.2	-0.2	
722	B	3	6	141	143	24.02	24.12	649.3	5.0	0.91076	25.64	26.27	26.27	-0.5	-0.5	
722	B	3	6	147	149	24.08	24.18	650.8	5.0	0.92266	25.99	26.63	26.63	-0.2	-0.2	
722	B	3	7	3	5	24.14	24.24	652.4	5.0	0.92504	26.06	26.70	26.70	-0.1	-0.1	
722	B	3	7	9	11	24.20	24.3	653.9	5.0	0.92334	26.01	26.65	26.65	-0.2	-0.2	
722	B	3	7	15	17	24.26	24.36	655.4	5.0	0.92368	26.02	26.66	26.66	-0.1	-0.1	
722	B	3	7	21	23	24.32	24.42	656.8	5.0	0.93626	26.39	27.04	27.04	0.2	0.2	
722	B	3	7	27	29	24.38	24.48	657.9	5.0	0.90396	25.44	26.06	26.06	-0.7	-0.7	
722	B	3	7	33	35	24.44	24.54	659.1	5.0	0.91484	25.76	26.39	26.39	-0.4	-0.4	
722	B	3	7	39	41	24.50	24.6	660.2	5.0	0.9264	26.10	26.74	26.74	-0.1	-0.1	
722	B	3	7	45	47	24.56	24.66	661.3	5.0	0.93218	26.27	26.91	26.91	0.1	0.1	
722	B	3	7	51	53	24.62	24.72	662.4	5.0	0.9383	26.45	27.10	27.10	0.3	0.3	
722	B	3	7	57	59	24.68	24.78	663.5	5.0	0.93966	26.49	27.14	27.14	0.3	0.3	
722	B	3	7	63	65	24.74	24.84	664.7	5.0	0.93354	26.31	26.96	26.96	0.2	0.2	
722	B	3	7	69	71	24.80	24.9	666.2	5.0	0.91688	25.82	26.45	26.45	-0.3	-0.3	
722	B	4	1	3	5	24.74	24.99	668.6	5.0	0.9298	26.20	26.84	26.84	0.0	0.0	
722	B	4	1	9	11	24.80	25.05	670.6	5.0	0.94544	26.66	27.32	27.32	0.5	0.5	
722	B	4	1	15	17	24.86	25.11	672.6	5.0	0.94374	26.61	27.26	27.26	0.5	0.5	
722	B	4	1	21	23	24.92	25.17	675.0	5.0	0.94476	26.64	27.30	27.30	0.5	0.5	
722	B	4	1	27	29	24.98	25.23	679.2	5.0	0.95734	27.01	27.68	27.68	0.9	0.9	
722	B	4	1	33	35	25.04	25.29	683.4	5.0	0.95326	26.89	27.55	27.55	0.8	0.8	
722	B	4	1	39	41	25.10	25.35	687.6	5.0	0.95292	26.88	27.54	27.54	0.7	0.7	
722	B	4	1	45	47	25.16	25.41	692.5	5.0	0.9553	26.95	27.62	27.62	0.8	0.8	
722	B	4	1	51	53	25.22	25.47	697.4	5.0	0.9553	26.95	27.62	27.62	0.8	0.8	
722	B	4	1	57	59	25.28	25.53	702.4	5.0	0.95564	26.96	27.63	27.63	0.8	0.8	
722	B	4	1	63	65	25.34	25.59	706.1	5.0	0.95598	26.97	27.64	27.64	0.8	0.8	
722	B	4	1	68	70	25.39	25.65	708.4	5.0	0.95666	26.99	27.66	27.66	0.9	0.9	
722	B	4	1	75	77	25.46	25.71	710.7	5.0	0.96108	27.12	27.79	27.79	1.0	1.0	
722	B	4	1	81	83	25.52	25.77	712.8	5.0	0.9638	27.20	27.87	27.87	1.1	1.1	
722	B	4	1	87	89	25.58	25.83	713.9	5.0	0.95632	26.98	27.65	27.65	0.8	0.8	
722	B	4	1	93	95	25.64	25.89	715.1	5.0	0.90328	25.42	26.04	26.04	-0.8	-0.8	
722	B	4	1	99	101	25.70	25.95	716.2	5.0	0.89376	25.14	25.75	25.75	-1.0	-1.0	
722	B	4	1	105	107	25.76	26.01	717.2	5.0	0.88764	24.96	25.56	25.56	-1.2	-1.2	
722	B	4	1	111	113	25.82	26.08	718.4	5.0	0.88764	24.96	25.56	25.56	-1.2	-1.2	
722	B	4	1	117	119	25.88	26.13	719.2	5.0	0.88016	24.74	25.34	25.34	-1.5	-1.5	
722	B	4	1	123	125	25.94	26.19	720.2	5.0	0.89002	25.03	25.64	25.64	-1.2	-1.2	
722	B	4	1	129	131	26.00	26.25	721.2	5.0	0.8975	25.25	25.86	25.86	-0.9	-0.9	
722	B	4	1	135	137	26.06	26.31	722.2	5.0	0.92368	26.02	26.66	26.66	-0.1	-0.1	
722	B	4	1	141	143	26.12	26.37	723.4	5.0	0.93048	26.22	26.86	26.86	0.1	0.1	
722	B	4	1	147	149	26.18	26.43	725.5	5.0	0.9264	26.10	26.74	26.74	-0.1	-0.1	
722	B	4	2	4	6	26.25	26.49	727.6	5.0	0.92096	25.94	26.57	26.57	-0.2	-0.2	
722	B	4	2	9	11	26.30	26.55	729.7	5.0	0.91552	25.78	26.41	26.41	-0.4	-0.4	
722	B	4	2	15	17	26.36	26.61	732.3	5.0	0.9264	26.10	26.74	26.74	-0.1	-0.1	
722	B	4	2	21	23	26.42	26.67	734.8	5.0	0.9264	26.10	26.74	26.74	-0.1	-0.1	
722	B	4	2	27	29	26.48	26.73	737.4	5.0	0.93082	26.23	26.87	26.87	0.1	0.1	
722	B	4	2	33	35	26.54	26.79	739.8	5.0	0.91824	25.86	26.49	26.49	-0.3	-0.3	
722	B	4	2	39	41	26.60	26.85	741.9	5.0	0.93116	26.24	26.88	26.88	0.1	0.1	
722	B	4	2	45	47	26.66	26.91	744.0	5.0	0.92708	26.12	26.76	26.76	0.0	0.0	
722	B	4	2	51	53	26.72	26.97	745.9	5.0	0.93218	26.27	26.91	26.91	0.1	0.1	
722	B	4	2	57	59	26.78	27.03	747.2	5.0	0.92742	26.13	26.77	26.77	0.0	0.0	
722	B	4	2	63	65	26.84	27.09	748.5	5.0	0.9196	25.90	26.53	26.53	-0.3	-0.3	
722	B	4	2	69	71	26.90	27.14	749.6	5.0	0.89172	25.08	25.69	25.69	-1.1	-1.1	
722	B	4	2	75	77	26.96	27.21	751.0	5.0	0.88492	24.88	25.48	25.48	-1.3	-1.3	
722	B	4	2	81	83	27.02	27.27	752.2	5.0	0.88696	24.94	25.54	25.54	-1.3	-1.3	
722	B	4	2	87	89	27.08	27.33	753.4	5.0	0.88322	24.83	25.43	25.43	-1.4	-1.4	
722	B	4	2	93	95	27.14	27.39	755.0	5.0	0.86928	24.42	25.01	25.01	-1.8	-1.8	
722	B	4	2	98	100	27.19	27.45	756.8	5.0	0.86962	24.43	25.02	25.02	-1.8	-1.8	
722	B	4	2	105	107	27.26	27.51	758.7	5.0	0.87642	24.63	25.22	25.22	-1.6	-1.6	
722	B	4	2	111	113	27.32	27.57	760.5	5.0	0.9026	25.40	26.02	26.02	-0.8	-0.8	
722	B	4	2	117	119	27.38	27.63	762.4	5.0	0.92232	25.98	26.62	26.62	-0.2	-0.2	
722	B	4	2	123	125	27.44	27.69	764.2	5.0	0.93014	26.21	26.85	26.85	0.1	0.1	
722	B	4	2	129	131	27.50	27.75	766.1	5.0	0.93524	26.36	27.01	27.01	0.2	0.2	
722	B	4	2	135	137	27.56	27.81	767.9	5.0	0.9434	26.60	27.25	27.25	0.5	0.5	
722	B	4	2	141	143	27.62	27.87	769.3	5.0	0.92606	26.09	26.73	26.73	-0.1	-0.1	
722	B	4	2	147	149	27.68	27.93	770.8	5.0	0.93388	26.32	26.97	26.97	0.2	0.2	
722	B	4	3	3	5	27.74	28	772.5	5.0	0.94612	26.68	27.34	27.34	0.5	0.5	
722	B	4	3	9	11	27.80	28.05	773.7	5.0	0.9638	27.20	27.87	27.87	1.1	1.1	
722	B	4	3	15	17	27.86	28.11	775.1	5.0	0.95122	26.83	27.49	27.49	0.7	0.7	
722	B	4	3	21	23	27.92	28.17	776.6	5.0	0.94646	26.69	27.35	27.35	0.5	0.5	
722	B	4	3	27	29	27.98	28.23	778.2	5.0	0.94986	26.79	27.45	27.45	0.7	0.7	
722	B	4	3	33	35	28.04	28.29	779.8	5.0	0.95972	27.08	27.75	27.75	0.9	0.9	
722	B	4	3	39	41	28.10	28.35	781.4	5.0	0.96074	27.11	27.78	27.78	1.0	1.0	
722	B	4	3	45	47	28.16	28.41	782.9	5.0	0.95394	26.91	27.57	27.57	0.8	0.8	
722	B	4	3	51	53	28.22	28.47	784.4	5.0	0.92368	26.02	26.66	26.66	-0.1	-0.1	
722	B	4	3	57	59	28.28	28.53	785.9	5.0	0.89478	25.17	25.78	25.78	-1.0	-1.0	
722	B	4	3	63	65	28.34	28.59	787.5	5.0	0.88832	24.98	25.59	25.59	-1.2	-1.2	
722	B	4	3	69	71	28.40	28.65	789.0	5.0	0.87404	24.56	25.15	25.15	-1.6	-1.6	
722	B	4	3	75	77	28.46	28.71	790.5	5.0	0.86962	24.43	25.02	25.02	-1.8	-1.8	
722	B	4	3	81	83	28.52	28.77	792.0	5.0	0.87982	24.73	25.33	25.33	-1.5	-1.5	
722	B	4	3	87	89	28.58	28.83	793.8	5.0	0.85262	23.93	24.50	24.50	-2.3	-2.3	
722	B	4	3	93	95	28.64	28.89	795.7	5.0	0.855	24.00	24.58	24.58	-2.2	-2.2	
722	B	4	3	99	101	28.70	28.94	797.2	5.0	0.86418	24.27	24.85	24.85	-1.9	-1.9	
722	B	4	3	105	107	28.76	29.01	799.9	5.0	0.8635	24.25	24.83	24.83	-2.0	-2.0	
722	B	4	3	111	113	28.82	29.07	802.4	5.0	0.85398	23.97	24.54	24.54	-2.3	-2.3	
722	B	4	3	117	119	28.88	29.13	804.9	5.0	0.8771	24.65	25.25	25.25	-1.6	-1.6	
722	B	4	3	123	125	28.94	29.19	807.3	5.0	0.87404	24.56	25.15	25.15	-1.6	-1.6	
722	B	4	3	129	131	29.00	29.25	809.5	5.0	0.87472	24.58	25.17	25.17	-1.6	-1.6	
722	B	4	3	135	137	29.06	29.31	811.8	5.0	0.91178	25.67	26.30	26.30	-0.5	-0.5	
722	B	4	3	141	143	29.12	29.37	813.9	5.0	0.92198	25.97	26.61	26.61	-0.2	-0.2	
722	B	4	3	147	149	29.18	29.43	815.4	5.0	0.93422	26.33	26.98	26.98	0.2	0.2	
722	B	4	4	3	5	29.24	29.49	817.0	5.0	0.93524	26.36	27.01	27.01	0.2	0.2	
722	B	4	4	9	11	29.30	29.55	818.5	5.0	0.9349	26.35	27.00	27.00	0.2	0.2	
722	B	4	4	15	17	29.36	29.61	820.2	5.0	0.94306	26.59	27.24	27.24	0.4	0.4	
722	B	4	4	22	24	29.43	29.67	821.9	5.0	0.95088	26.82	27.48	27.48	0.7	0.7	
722	B	4	4	27	29	29.48	29.73	823.6	5.0	0.95598	26.97	27.64	27.64	0.8	0.8	
722	B	4	4	33	35	29.54	29.79	825.4	5.0	0.95156	26.84	27.50	27.50	0.7	0.7	
722	B	4	4	39	41	29.60	29.85	827.3	5.0	0.95462	26.93	27.59	27.59	0.8	0.8	
722	B	4	4	45	47	29.66	29.91	829.2	5.0	0.93184	26.26	26.90	26.90	0.1	0.1	
722	B	4	4	51	53	29.72	29.97	831.1	5.0	0.93864	26.46	27.11	27.11	0.3	0.3	
722	B	4	4	57	59	29.78	30.03	832.9	5.0	0.93796	26.44	27.09	27.09	0.3	0.3	
722	B	4	4	63	65	29.84	30.09	834.7	5.0	0.91824	25.86	26.49	26.49	-0.3	-0.3	
722	B	4	4	69	71	29.90	30.15	836.5	5.0	0.91688	25.82	26.45	26.45	-0.3	-0.3	
722	B	4	4	75	77	29.96	30.21	838.1	5.0	0.92504	26.06	26.70	26.70	-0.1	-0.1	
722	B	4	4	81	83	30.02	30.27	839.6	5.0	0.9332	26.30	26.95	26.95	0.1	0.1	
722	B	4	4	87	89	30.08	30.33	841.1	5.0	0.9196	25.90	26.53	26.53	-0.3	-0.3	
722	B	4	4	93	95	30.14	30.39	842.7	5.0	0.9434	26.60	27.25	27.25	0.5	0.5	
722	B	4	4	99	101	30.20	30.45	844.2	5.0	0.96074	27.11	27.78	27.78	1.0	1.0	
722	B	4	4	105	107	30.26	30.51	846.5	5.0	0.9655	27.25	27.92	27.92	1.1	1.1	
722	B	4	4	111	113	30.32	30.57	848.8	5.0	0.94374	26.61	27.26	27.26	0.5	0.5	
722	B	4	4	117	119	30.38	30.63	851.2	5.0	0.94	26.50	27.15	27.15	0.4	0.4	
722	B	4	4	123	125	30.44	30.69	853.5	5.0	0.94034	26.51	27.16	27.16	0.4	0.4	
722	B	4	4	129	131	30.50	30.75	855.8	5.0	0.9587	27.05	27.72	27.72	0.9	0.9	
722	B	4	4	135	137	30.56	30.81	857.8	5.0	0.96278	27.17	27.84	27.84	1.0	1.0	
722	B	4	4	141	143	30.62	30.87	859.7	5.0	0.96924	27.36	28.04	28.04	1.2	1.2	
722	B	4	4	147	149	30.68	30.93	861.6	5.0	0.96278	27.17	27.84	27.84	1.0	1.0	
722	B	4	5	3	5	30.74	30.99	863.3	5.0	0.95564	26.96	27.63	27.63	0.8	0.8	
722	B	4	5	9	11	30.80	31.05	865.0	5.0	0.91994	25.91	26.54	26.54	-0.3	-0.3	
722	B	4	5	15	17	30.86	31.11	866.7	5.0	0.89172	25.08	25.69	25.69	-1.1	-1.1	
722	B	4	5	21	23	30.92	31.17	868.4	5.0	0.8822	24.80	25.40	25.40	-1.4	-1.4	
722	B	4	5	27	29	30.98	31.23	869.9	5.0	0.87438	24.57	25.16	25.16	-1.6	-1.6	
722	B	4	5	33	35	31.04	31.29	871.4	5.0	0.85602	24.03	24.61	24.61	-2.2	-2.2	
722	B	4	5	39	41	31.10	31.35	872.9	5.0	0.8635	24.25	24.83	24.83	-2.0	-2.0	
722	B	4	5	45	47	31.16	31.41	874.3	5.0	0.8754	24.60	25.19	25.19	-1.6	-1.6	
722	B	4	5	52	54	31.23	31.47	875.8	5.0	0.86282	24.23	24.81	24.81	-2.0	-2.0	
722	B	4	5	57	59	31.28	31.53	877.3	5.0	0.86962	24.43	25.02	25.02	-1.8	-1.8	
722	B	4	5	63	65	31.34	31.59	878.7	5.0	0.86588	24.32	24.91	24.91	-1.9	-1.9	
722	B	4	5	69	71	31.40	31.65	880.1	5.0	0.86588	24.32	24.91	24.91	-1.9	-1.9	
722	B	4	5	75	77	31.46	31.71	881.5	5.0	0.8652	24.30	24.88	24.88	-1.9	-1.9	
722	B	4	5	81	83	31.52	31.77	882.9	5.0	0.8652	24.30	24.88	24.88	-1.9	-1.9	
722	B	4	5	87	89	31.58	31.83	884.2	5.0	0.86214	24.21	24.79	24.79	-2.0	-2.0	
722	B	4	5	93	95	31.64	31.89	885.5	5.0	0.85568	24.02	24.60	24.60	-2.2	-2.2	
722	B	4	5	99	101	31.70	31.95	886.8	5.0	0.8635	24.25	24.83	24.83	-2.0	-2.0	
722	B	4	5	105	107	31.76	32.01	888.1	5.0	0.8261	23.15	23.70	23.70	-3.1	-3.1	
722	B	4	5	111	113	31.82	32.07	889.3	5.0	0.84514	23.71	24.28	24.28	-2.5	-2.5	
722	B	4	5	117	119	31.88	32.13	890.6	5.0	0.82882	23.23	23.78	23.78	-3.0	-3.0	
722	B	4	5	123	125	31.94	32.19	891.9	5.0	0.8329	23.35	23.91	23.91	-2.9	-2.9	
722	B	4	5	129	131	32.00	32.25	893.2	5.0	0.8431	23.65	24.22	24.22	-2.6	-2.6	
722	B	4	5	135	137	32.06	32.31	894.5	5.0	0.85738	24.07	24.65	24.65	-2.2	-2.2	
722	B	4	5	141	143	32.12	32.37	895.8	5.0	0.85738	24.07	24.65	24.65	-2.2	-2.2	
722	B	4	5	147	149	32.18	32.43	897.2	5.0	0.8652	24.30	24.88	24.88	-1.9	-1.9	
722	B	4	6	4	6	32.25	32.49	898.7	5.0	0.88458	24.87	25.47	25.47	-1.3	-1.3	
722	B	4	6	9	11	32.30	32.55	900.1	5.0	0.8873	24.95	25.55	25.55	-1.2	-1.2	
722	B	4	6	15	17	32.36	32.61	901.5	5.0	0.8992	25.30	25.92	25.92	-0.9	-0.9	
722	B	4	6	21	23	32.42	32.67	903.0	5.0	0.90974	25.61	26.23	26.23	-0.6	-0.6	
722	B	4	6	27	29	32.48	32.73	904.5	5.0	0.9162	25.80	26.43	26.43	-0.4	-0.4	
722	B	4	6	33	35	32.54	32.79	905.9	5.0	0.9128	25.70	26.33	26.33	-0.5	-0.5	
722	B	4	6	39	41	32.60	32.85	907.4	5.0	0.9077	25.55	26.17	26.17	-0.6	-0.6	
722	B	4	6	45	47	32.66	32.91	908.9	5.0	0.90396	25.44	26.06	26.06	-0.7	-0.7	
722	B	4	6	51	53	32.72	32.98	910.6	5.0	0.91654	25.81	26.44	26.44	-0.4	-0.4	
722	B	4	6	57	59	32.78	33.03	911.7	5.0	0.91654	25.81	26.44	26.44	-0.4	-0.4	
722	B	4	6	63	65	32.84	33.09	913.0	5.0	0.91654	25.81	26.44	26.44	-0.4	-0.4	
722	B	4	6	69	71	32.90	33.15	914.4	5.0	0.91348	25.72	26.35	26.35	-0.5	-0.5	
722	B	4	6	15	17	32.36	33.21	915.6	5.0	0.838	23.50	24.06	24.06	-2.7	-2.7	
722	B	4	6	21	23	32.42	33.27	916.7	5.0	0.81726	22.89	23.43	23.43	-3.4	-3.4	
722	B	4	6	27	29	32.48	33.33	917.8	5.0	0.83766	23.49	24.05	24.05	-2.7	-2.7	
722	B	4	6	33	35	32.54	33.39	918.9	5.0	0.82304	23.06	23.61	23.61	-3.2	-3.2	
722	B	4	6	39	41	32.60	33.45	919.8	5.0	0.85398	23.97	24.54	24.54	-2.3	-2.3	
722	B	4	6	45	47	32.66	33.51	920.7	5.0	0.85602	24.03	24.61	24.61	-2.2	-2.2	
722	B	4	6	51	53	32.72	33.57	921.6	5.0	0.86112	24.18	24.76	24.76	-2.0	-2.0	
722	B	4	6	57	59	32.78	33.63	922.5	5.0	0.8839	24.85	25.45	25.45	-1.3	-1.3	
722	B	4	6	63	65	32.84	33.69	923.4	5.0	0.88322	24.83	25.43	25.43	-1.4	-1.4	
722	B	4	6	69	71	32.90	33.75	924.3	5.0	0.89512	25.18	25.79	25.79	-1.0	-1.0	
722	B	4	6	75	77	32.96	33.81	925.2	5.0	0.91076	25.64	26.27	26.27	-0.5	-0.5	
722	B	4	6	81	83	33.02	33.87	926.1	5.0	0.92946	26.19	26.83	26.83	0.0	0.0	
722	B	4	6	87	89	33.08	33.93	927.0	5.0	0.90872	25.58	26.20	26.20	-0.6	-0.6	
722	B	4	7	93	95	34.64	33.99	928.2	5.0	0.90294	25.41	26.03	26.03	-0.8	-0.8	
722	B	4	7	98	100	34.69	34.05	929.5	5.0	0.9128	25.70	26.33	26.33	-0.5	-0.5	
722	B	4	7	105	107	34.76	34.11	930.9	5.0	0.90668	25.52	26.14	26.14	-0.7	-0.7	
722	B	4	7	111	113	34.82	34.17	932.4	5.0	0.90328	25.42	26.04	26.04	-0.8	-0.8	
722	B	4	7	117	119	34.88	34.23	934.5	5.0	0.91416	25.74	26.37	26.37	-0.4	-0.4	
722	B	4	7	123	125	34.94	34.29	936.6	5.0	0.91076	25.64	26.27	26.27	-0.5	-0.5	
722	B	4	7	129	131	35.00	34.35	938.7	5.0	0.91552	25.78	26.41	26.41	-0.4	-0.4	
722	B	4	7	135	137	35.06	34.41	941.6	5.0	0.92164	25.96	26.60	26.60	-0.2	-0.2	
722	B	4	7	141	143	35.12	34.47	944.7	5.0	0.91892	25.88	26.51	26.51	-0.3	-0.3	
722	B	4	7	147	149	35.18	34.53	947.7	5.0	0.93796	26.44	27.09	27.09	0.3	0.3	
722	B	4	7	3	5	33.74	34.59	950.5	5.0	0.9502	26.80	27.46	27.46	0.7	0.7	
722	B	4	7	9	11	33.80	34.65	953.0	5.0	0.95156	26.84	27.50	27.50	0.7	0.7	
722	B	5	1	15	17	34.46	34.71	955.6	5.0	0.94034	26.51	27.16	27.16	0.4	0.4	
722	B	5	1	21	23	34.52	34.77	957.9	5.0	0.94306	26.59	27.24	27.24	0.4	0.4	
722	B	5	1	27	29	34.58	34.83	958.8	5.0	0.97502	27.53	28.21	28.21	1.4	1.4	
722	B	5	1	33	35	34.64	34.89	959.8	5.0	0.97264	27.46	28.14	28.14	1.3	1.3	
722	B	5	1	39	41	34.70	34.95	960.7	5.0	0.92232	25.98	26.62	26.62	-0.2	-0.2	
722	B	5	1	45	47	34.76	35.01	961.6	5.0	0.93796	26.44	27.09	27.09	0.3	0.3	
722	B	5	1	51	53	34.82	35.07	962.4	5.0	0.9077	25.55	26.17	26.17	-0.6	-0.6	
722	B	5	1	57	59	34.88	35.13	963.3	5.0	0.89614	25.21	25.82	25.82	-1.0	-1.0	
722	B	5	1	63	65	34.94	35.19	964.1	5.0	0.89172	25.08	25.69	25.69	-1.1	-1.1	
722	B	5	1	68	70	34.99	35.25	964.9	5.0	0.91008	25.62	26.24	26.24	-0.6	-0.6	
722	B	5	1	75	77	35.06	35.31	965.7	5.0	0.91892	25.88	26.51	26.51	-0.3	-0.3	
722	B	5	1	81	83	35.12	35.37	966.5	5.0	0.9247	26.05	26.69	26.69	-0.1	-0.1	
722	B	5	1	87	89	35.18	35.43	967.4	5.0	0.9315	26.25	26.89	26.89	0.1	0.1	
722	B	5	1	93	95	35.24	35.49	968.3	5.0	0.93048	26.22	26.86	26.86	0.1	0.1	
722	B	5	1	99	101	35.30	35.54	969.0	5.0	0.93388	26.32	26.97	26.97	0.2	0.2	
722	B	5	1	105	107	35.36	35.61	970.3	5.0	0.93422	26.33	26.98	26.98	0.2	0.2	
722	B	5	1	111	113	35.42	35.67	971.5	5.0	0.93388	26.32	26.97	26.97	0.2	0.2	
722	B	5	1	117	119	35.48	35.73	972.7	5.0	0.92368	26.02	26.66	26.66	-0.1	-0.1	
722	B	5	1	123	125	35.54	35.79	974.1	5.0	0.93694	26.41	27.06	27.06	0.3	0.3	
722	B	5	1	128	130	35.59	35.85	975.6	5.0	0.95836	27.04	27.71	27.71	0.9	0.9	
722	B	5	1	135	137	35.66	35.91	977.1	5.0	0.95326	26.89	27.55	27.55	0.8	0.8	
722	B	5	1	141	143	35.72	35.97	978.7	5.0	0.9502	26.80	27.46	27.46	0.7	0.7	
722	B	5	1	147	149	35.78	36.03	980.3	5.0	0.92844	26.16	26.80	26.80	0.0	0.0	
722	B	5	2	3	5	35.84	36.09	982.0	5.0	0.91926	25.89	26.52	26.52	-0.3	-0.3	
722	B	5	2	9	11	35.90	36.15	983.6	5.0	0.9213	25.95	26.58	26.58	-0.2	-0.2	
722	B	5	2	15	17	35.96	36.21	985.3	5.0	0.9281	26.15	26.79	26.79	0.0	0.0	
722	B	5	2	21	23	36.02	36.27	986.9	5.0	0.89308	25.12	25.73	25.73	-1.1	-1.1	
722	B	5	2	27	29	36.08	36.33	988.5	5.0	0.9145	25.75	26.38	26.38	-0.4	-0.4	
722	B	5	2	33	35	36.14	36.39	990.1	5.0	0.91552	25.78	26.41	26.41	-0.4	-0.4	
722	B	5	2	39	41	36.20	36.45	991.7	5.0	0.91042	25.63	26.26	26.26	-0.5	-0.5	
722	B	5	2	45	47	36.26	36.51	993.3	5.0	0.90974	25.61	26.23	26.23	-0.6	-0.6	
722	B	5	2	51	53	36.32	36.57	994.8	5.0	0.91144	25.66	26.29	26.29	-0.5	-0.5	
722	B	5	2	57	59	36.38	36.63	996.3	5.0	0.92266	25.99	26.63	26.63	-0.2	-0.2	
722	B	5	2	63	65	36.44	36.69	997.8	5.0	0.93524	26.36	27.01	27.01	0.2	0.2	
722	B	5	2	69	71	36.50	36.74	999.0	5.0	0.94408	26.62	27.28	27.28	0.5	0.5	
722	B	5	2	75	77	36.56	36.81	1000.6	5.0	0.95054	26.81	27.47	27.47	0.7	0.7	
722	B	5	2	81	83	36.62	36.87	1001.8	5.0	0.94544	26.66	27.32	27.32	0.5	0.5	
722	B	5	2	87	89	36.68	36.93	1003.1	5.0	0.94068	26.52	27.17	27.17	0.4	0.4	
722	B	5	2	93	95	36.74	36.99	1004.3	5.0	0.92878	26.17	26.81	26.81	0.0	0.0	
722	B	5	2	99	101	36.80	37.05	1005.6	5.0	0.9162	25.80	26.43	26.43	-0.4	-0.4	
722	B	5	2	105	107	36.86	37.11	1006.9	5.0	0.91042	25.63	26.26	26.26	-0.5	-0.5	
722	B	5	2	111	113	36.92	37.17	1008.1	5.0	0.90974	25.61	26.23	26.23	-0.6	-0.6	
722	B	5	2	117	119	36.98	37.23	1009.5	5.0	0.9128	25.70	26.33	26.33	-0.5	-0.5	
722	B	5	2	123	125	37.04	37.29	1010.8	5.0	0.92334	26.01	26.65	26.65	-0.2	-0.2	
722	B	5	2	129	131	37.10	37.34	1012.0	5.0	0.9196	25.90	26.53	26.53	-0.3	-0.3	
722	B	5	2	135	137	37.16	37.41	1013.7	5.0	0.92776	26.14	26.78	26.78	0.0	0.0	
722	B	5	2	141	143	37.22	37.47	1015.3	5.0	0.94034	26.51	27.16	27.16	0.4	0.4	
722	B	5	2	147	149	37.28	37.53	1016.8	5.0	0.93048	26.22	26.86	26.86	0.1	0.1	
722	B	5	3	3	5	37.34	37.59	1018.6	5.0	0.93082	26.23	26.87	26.87	0.1	0.1	
722	B	5	3	9	11	37.40	37.65	1020.7	5.0	0.92844	26.16	26.80	26.80	0.0	0.0	
722	B	5	3	15	17	37.46	37.71	1022.8	5.0	0.94578	26.67	27.33	27.33	0.5	0.5	
722	B	5	3	21	23	37.52	37.77	1024.8	5.0	0.94578	26.67	27.33	27.33	0.5	0.5	
722	B	5	3	27	29	37.58	37.83	1026.8	5.0	0.94952	26.78	27.44	27.44	0.6	0.6	
722	B	5	3	33	35	37.64	37.89	1028.9	5.0	0.94986	26.79	27.45	27.45	0.7	0.7	
722	B	5	3	39	41	37.70	37.95	1030.9	5.0	0.93796	26.44	27.09	27.09	0.3	0.3	
722	B	5	3	45	47	37.76	38.01	1032.6	5.0	0.92368	26.02	26.66	26.66	-0.1	-0.1	
722	B	5	3	51	53	37.82	38.07	1034.3	5.0	0.92198	25.97	26.61	26.61	-0.2	-0.2	
722	B	5	3	57	59	37.88	38.13	1036.0	5.0	0.91892	25.88	26.51	26.51	-0.3	-0.3	
722	B	5	3	63	65	37.94	38.19	1037.7	5.0	0.91382	25.73	26.36	26.36	-0.4	-0.4	
722	B	5	3	69	71	38.00	38.25	1039.5	5.0	0.91484	25.76	26.39	26.39	-0.4	-0.4	
722	B	5	3	75	77	38.06	38.31	1041.4	5.0	0.92028	25.92	26.55	26.55	-0.2	-0.2	
722	B	5	3	81	83	38.12	38.37	1043.2	5.0	0.91926	25.89	26.52	26.52	-0.3	-0.3	
722	B	5	3	87	89	38.18	38.43	1045.0	5.0	0.91484	25.76	26.39	26.39	-0.4	-0.4	
722	B	5	3	93	95	38.24	38.49	1046.7	5.0	0.89988	25.32	25.94	25.94	-0.9	-0.9	
722	B	5	3	99	101	38.30	38.55	1048.5	5.0	0.90226	25.39	26.01	26.01	-0.8	-0.8	
722	B	5	3	105	107	38.36	38.61	1050.3	5.0	0.8941	25.15	25.76	25.76	-1.0	-1.0	
722	B	5	3	111	113	38.42	38.67	1052.1	5.0	0.88866	24.99	25.60	25.60	-1.2	-1.2	
722	B	5	3	117	119	38.48	38.73	1053.9	5.0	0.90192	25.38	26.00	26.00	-0.8	-0.8	
722	B	5	3	129	131	38.60	38.79	1055.7	5.0	0.89546	25.19	25.80	25.80	-1.0	-1.0	
722	B	5	3	135	137	38.66	38.85	1057.6	5.0	0.9026	25.40	26.02	26.02	-0.8	-0.8	
722	B	5	3	141	143	38.72	38.91	1059.5	5.0	0.91518	25.77	26.40	26.40	-0.4	-0.4	
722	B	5	3	147	149	38.78	38.97	1061.3	5.0	0.93286	26.29	26.94	26.94	0.1	0.1	
722	B	5	3	3	5	37.34	39.03	1062.9	5.0	0.94136	26.54	27.19	27.19	0.4	0.4	
722	B	5	4	9	11	38.90	39.09	1064.6	5.0	0.94986	26.79	27.45	27.45	0.7	0.7	
722	B	5	4	15	17	38.96	39.15	1066.2	5.0	0.9502	26.80	27.46	27.46	0.7	0.7	
722	B	5	4	21	23	39.02	39.21	1068.5	5.0	0.95258	26.87	27.53	27.53	0.7	0.7	
722	B	5	4	27	29	39.08	39.27	1070.9	5.0	0.97026	27.39	28.07	28.07	1.3	1.3	
722	B	5	4	33	35	39.14	39.33	1073.3	5.0	0.97094	27.41	28.09	28.09	1.3	1.3	
722	B	5	4	39	41	39.20	39.39	1075.8	5.0	0.9587	27.05	27.72	27.72	0.9	0.9	
722	B	5	4	45	47	39.26	39.45	1078.3	5.0	0.9485	26.75	27.41	27.41	0.6	0.6	
722	B	5	4	51	53	39.32	39.51	1080.9	5.0	0.94646	26.69	27.35	27.35	0.5	0.5	
722	B	5	4	57	59	39.38	39.57	1083.4	5.0	0.94952	26.78	27.44	27.44	0.6	0.6	
722	B	5	4	63	65	39.44	39.63	1086.0	5.0	0.9468	26.70	27.36	27.36	0.6	0.6	
722	B	5	4	69	71	39.50	39.69	1088.6	5.0	0.94612	26.68	27.34	27.34	0.5	0.5	
722	B	5	4	75	77	39.56	39.75	1091.2	5.0	0.94204	26.56	27.21	27.21	0.4	0.4	
722	B	5	4	81	83	39.62	39.81	1093.4	5.0	0.93116	26.24	26.88	26.88	0.1	0.1	
722	B	5	4	87	89	39.68	39.87	1095.5	5.0	0.93014	26.21	26.85	26.85	0.1	0.1	
722	B	5	4	93	95	39.74	39.93	1097.6	5.0	0.92844	26.16	26.80	26.80	0.0	0.0	
722	B	5	4	99	101	39.80	39.99	1099.4	5.0	0.92402	26.03	26.67	26.67	-0.1	-0.1	
722	B	5	4	105	107	39.86	40.05	1101.1	5.0	0.94442	26.63	27.29	27.29	0.5	0.5	
722	B	5	4	111	113	39.92	40.11	1102.7	5.0	0.94374	26.61	27.26	27.26	0.5	0.5	
722	B	5	4	117	119	39.98	40.17	1104.4	5.0	0.9519	26.85	27.51	27.51	0.7	0.7	
722	B	5	4	123	125	40.04	40.23	1106.0	5.0	0.96244	27.16	27.83	27.83	1.0	1.0	
722	B	5	4	129	131	40.10	40.35	1109.3	5.0	0.95938	27.07	27.74	27.74	0.9	0.9	
722	B	5	4	135	137	40.16	40.41	1111.0	5.0	0.95666	26.99	27.66	27.66	0.9	0.9	
722	B	5	4	142	144	40.23	40.47	1112.6	5.0	0.93388	26.32	26.97	26.97	0.2	0.2	
722	B	5	4	147	149	40.28	40.53	1114.3	5.0	0.93082	26.23	26.87	26.87	0.1	0.1	
722	B	5	5	3	5	40.34	40.59	1115.9	5.0	0.91756	25.84	26.47	26.47	-0.3	-0.3	
722	B	5	5	9	11	40.40	40.65	1117.6	5.0	0.91586	25.79	26.42	26.42	-0.4	-0.4	
722	B	5	5	15	17	40.46	40.71	1119.2	5.0	0.89206	25.09	25.70	25.70	-1.1	-1.1	
722	B	5	5	21	23	40.52	40.77	1120.9	5.0	0.88628	24.92	25.52	25.52	-1.3	-1.3	
722	B	5	5	27	29	40.58	40.83	1122.5	5.0	0.8839	24.85	25.45	25.45	-1.3	-1.3	
722	B	5	5	33	35	40.64	40.89	1128.0	5.0	0.92164	25.96	26.60	26.60	-0.2	-0.2	
722	B	5	5	39	41	40.70	40.95	1133.5	5.0	0.90362	25.43	26.05	26.05	-0.8	-0.8	
722	B	5	5	45	47	40.76	41.01	1137.4	5.0	0.92096	25.94	26.57	26.57	-0.2	-0.2	
722	B	5	5	51	53	40.82	41.07	1141.1	5.0	0.9281	26.15	26.79	26.79	0.0	0.0	
722	B	5	5	57	59	40.88	41.13	1144.8	5.0	0.94714	26.71	27.37	27.37	0.6	0.6	
722	B	5	5	63	65	40.94	41.19	1148.5	5.0	0.95734	27.01	27.68	27.68	0.9	0.9	
722	B	5	5	69	71	41.00	41.25	1152.2	5.0	0.94408	26.62	27.28	27.28	0.5	0.5	
722	B	5	5	75	77	41.06	41.31	1155.8	5.0	0.9383	26.45	27.10	27.10	0.3	0.3	
722	B	5	5	81	83	41.12	41.37	1159.4	5.0	0.94884	26.76	27.42	27.42	0.6	0.6	
722	B	5	5	87	89	41.18	41.43	1162.2	5.0	0.94952	26.78	27.44	27.44	0.6	0.6	
722	B	5	5	93	95	41.24	41.49	1164.9	5.0	0.93592	26.38	27.03	27.03	0.2	0.2	
722	B	5	5	99	101	41.30	41.55	1167.7	5.0	0.95734	27.01	27.68	27.68	0.9	0.9	
722	B	5	5	105	107	41.36	41.61	1170.0	5.0	0.95938	27.07	27.74	27.74	0.9	0.9	
722	B	5	5	111	113	41.42	41.67	1172.1	5.0	0.957	27.00	27.67	27.67	0.9	0.9	
722	B	5	5	117	119	41.48	41.73	1174.2	5.0	0.95156	26.84	27.50	27.50	0.7	0.7	
722	B	5	5	123	125	41.54	41.79	1176.0	5.0	0.95428	26.92	27.58	27.58	0.8	0.8	
722	B	5	5	129	131	41.60	41.85	1177.5	5.0	0.95428	26.92	27.58	27.58	0.8	0.8	
722	B	5	5	135	137	41.66	41.91	1179.1	5.0	0.96074	27.11	27.78	27.78	1.0	1.0	
722	B	5	5	141	143	41.72	41.97	1180.6	5.0	0.97196	27.44	28.12	28.12	1.3	1.3	
722	B	5	5	147	149	41.78	42.03	1182.0	5.0	0.97366	27.49	28.17	28.17	1.4	1.4	
722	B	5	6	3	5	41.84	42.09	1183.5	5.0	0.974	27.50	28.18	28.18	1.4	1.4	
722	B	5	6	9	11	41.90	42.15	1184.9	5.0	0.96652	27.28	27.96	27.96	1.2	1.2	
722	B	5	6	15	17	41.96	42.21	1186.3	5.0	0.96584	27.26	27.93	27.93	1.1	1.1	
722	B	5	6	21	23	42.02	42.27	1187.7	5.0	0.96686	27.29	27.97	27.97	1.2	1.2	
722	B	5	6	146	148	43.27	42.33	1189.1	5.0	0.96516	27.24	27.91	27.91	1.1	1.1	
722	B	5	6	2	4	41.83	42.39	1190.3	5.0	0.96142	27.13	27.80	27.80	1.0	1.0	
722	B	5	6	8	10	41.89	42.45	1191.2	5.0	0.95564	26.96	27.63	27.63	0.8	0.8	
722	B	5	6	14	16	41.95	42.51	1192.2	5.0	0.95938	27.07	27.74	27.74	0.9	0.9	
722	B	5	6	20	22	42.01	42.57	1193.1	5.0	0.96754	27.31	27.99	27.99	1.2	1.2	
722	B	5	6	26	28	42.07	42.63	1194.0	5.0	0.96856	27.34	28.02	28.02	1.2	1.2	
722	B	5	6	32	34	42.13	42.69	1195.0	5.0	0.94748	26.72	27.38	27.38	0.6	0.6	
722	B	5	6	38	40	42.19	42.75	1195.9	5.0	0.94884	26.76	27.42	27.42	0.6	0.6	
722	B	5	6	44	46	42.25	42.81	1196.9	5.0	0.9451	26.65	27.31	27.31	0.5	0.5	
722	B	5	6	50	52	42.31	42.87	1197.8	5.0	0.92538	26.07	26.71	26.71	-0.1	-0.1	
722	B	5	6	56	58	42.37	42.93	1198.8	5.0	0.92402	26.03	26.67	26.67	-0.1	-0.1	
722	B	5	6	62	64	42.43	42.99	1199.7	5.0	0.92368	26.02	26.66	26.66	-0.1	-0.1	
722	B	5	6	68	70	42.49	43.05	1200.5	5.0	0.92776	26.14	26.78	26.78	0.0	0.0	
722	B	5	6	74	76	42.55	43.11	1201.4	5.0	0.93048	26.22	26.86	26.86	0.1	0.1	
722	B	5	6	80	82	42.61	43.17	1202.2	5.0	0.93762	26.43	27.08	27.08	0.3	0.3	
722	B	5	6	86	88	42.67	43.23	1203.0	5.0	0.92742	26.13	26.77	26.77	0.0	0.0	
722	B	5	6	92	94	42.73	43.29	1203.9	5.0	0.9298	26.20	26.84	26.84	0.0	0.0	
722	B	5	6	98	100	42.79	43.35	1204.7	5.0	0.92776	26.14	26.78	26.78	0.0	0.0	
722	B	5	6	104	106	42.85	43.41	1205.5	5.0	0.92436	26.04	26.68	26.68	-0.1	-0.1	
722	B	5	6	110	112	42.91	43.47	1206.4	5.0	0.9434	26.60	27.25	27.25	0.5	0.5	
722	B	5	6	116	118	42.97	43.53	1207.2	5.0	0.9519	26.85	27.51	27.51	0.7	0.7	
722	B	5	7	122	124	44.53	43.59	1208.7	5.0	0.94986	26.79	27.45	27.45	0.7	0.7	
722	B	5	7	128	130	44.59	43.65	1210.4	5.0	0.93456	26.34	26.99	26.99	0.2	0.2	
722	B	5	7	134	136	44.65	43.71	1212.2	5.0	0.93422	26.33	26.98	26.98	0.2	0.2	
722	B	5	7	140	142	44.71	43.77	1214.0	5.0	0.92708	26.12	26.76	26.76	0.0	0.0	
721	B	5	2	146	148	41.47	43.82	1215.4	5.0	0.92912	26.18	26.82	26.82	0.0	0.0	
721	B	5	3	2	4	41.53	43.88	1217.8	5.0	0.92742	26.13	26.77	26.77	0.0	0.0	
721	B	5	3	8	10	41.59	43.94	1221.5	5.0	0.93014	26.21	26.85	26.85	0.1	0.1	
721	B	5	3	14	16	41.65	44	1225.2	5.0	0.93694	26.41	27.06	27.06	0.3	0.3	
721	B	5	3	20	22	41.71	44.06	1227.1	5.0	0.95598	26.97	27.64	27.64	0.8	0.8	
721	B	5	3	26	28	41.77	44.12	1228.9	5.0	0.96856	27.34	28.02	28.02	1.2	1.2	
721	B	5	3	32	34	41.83	44.18	1230.8	5.0	0.98114	27.71	28.40	28.40	1.6	1.6	
721	B	5	3	38	40	41.89	44.24	1232.6	5.0	0.98012	27.68	28.37	28.37	1.6	1.6	
721	B	5	3	44	46	41.95	44.3	1234.5	5.0	0.97978	27.67	28.36	28.36	1.6	1.6	
721	B	5	3	50	52	42.01	44.36	1236.3	5.0	0.98012	27.68	28.37	28.37	1.6	1.6	
721	B	5	3	56	58	42.07	44.42	1238.2	5.0	0.98216	27.74	28.43	28.43	1.6	1.6	
721	B	5	3	62	64	42.13	44.48	1240.0	5.0	0.98352	27.78	28.47	28.47	1.7	1.7	
721	B	5	3	99	101	42.50	44.54	1241.3	5.0	0.98318	27.77	28.46	28.46	1.7	1.7	
721	B	5	3	105	107	42.56	44.6	1242.5	5.0	0.97706	27.59	28.27	28.27	1.5	1.5	
721	B	5	3	111	113	42.62	44.66	1243.8	5.0	0.94782	26.73	27.39	27.39	0.6	0.6	
721	B	5	3	117	119	42.68	44.72	1245.1	5.0	0.91552	25.78	26.41	26.41	-0.4	-0.4	
721	B	5	3	123	125	42.74	44.78	1246.3	5.0	0.8975	25.25	25.86	25.86	-0.9	-0.9	
721	B	5	3	129	131	42.80	44.84	1247.6	5.0	0.88764	24.96	25.56	25.56	-1.2	-1.2	
721	B	5	3	135	137	42.86	44.9	1248.8	5.0	0.89002	25.03	25.64	25.64	-1.2	-1.2	
721	B	5	3	141	143	42.92	44.96	1250.1	5.0	0.89614	25.21	25.82	25.82	-1.0	-1.0	
721	B	5	3	147	149	42.98	45.02	1251.4	5.0	0.89648	25.22	25.83	25.83	-1.0	-1.0	
721	B	5	3	3	5	41.54	45.08	1253.2	5.0	0.88016	24.74	25.34	25.34	-1.5	-1.5	
721	B	5	3	9	11	41.60	45.14	1255.5	5.0	0.91756	25.84	26.47	26.47	-0.3	-0.3	
721	B	5	3	15	17	41.66	45.2	1257.9	5.0	0.91348	25.72	26.35	26.35	-0.5	-0.5	
721	B	5	3	21	23	41.72	45.26	1260.2	5.0	0.89206	25.09	25.70	25.70	-1.1	-1.1	
721	B	5	3	27	29	41.78	45.32	1262.5	5.0	0.9094	25.60	26.22	26.22	-0.6	-0.6	
721	B	5	4	33	35	43.34	45.38	1264.9	5.0	0.92266	25.99	26.63	26.63	-0.2	-0.2	
721	B	5	4	39	41	43.40	45.44	1267.2	5.0	0.9111	25.65	26.28	26.28	-0.5	-0.5	
721	B	5	4	45	47	43.46	45.5	1269.6	5.0	0.91076	25.64	26.27	26.27	-0.5	-0.5	
721	B	5	4	51	53	43.52	45.56	1271.9	5.0	0.93286	26.29	26.94	26.94	0.1	0.1	
721	B	5	4	57	59	43.58	45.62	1274.3	5.0	0.94408	26.62	27.28	27.28	0.5	0.5	
721	B	5	4	63	65	43.64	45.68	1276.6	5.0	0.93286	26.29	26.94	26.94	0.1	0.1	
721	B	5	4	68	70	43.69	45.74	1279.0	5.0	0.92572	26.08	26.72	26.72	-0.1	-0.1	
721	B	5	4	75	77	43.76	45.8	1281.3	5.0	0.92912	26.18	26.82	26.82	0.0	0.0	
721	B	5	4	81	83	43.82	45.86	1283.6	5.0	0.93592	26.38	27.03	27.03	0.2	0.2	
721	B	5	4	87	89	43.88	45.92	1286.0	5.0	0.94068	26.52	27.17	27.17	0.4	0.4	
721	B	5	4	93	95	43.94	45.98	1288.3	5.0	0.95292	26.88	27.54	27.54	0.7	0.7	
722	B	6	1	99	101	44.90	46	1289.1	5.0	0.94408	26.62	27.28	27.28	0.5	0.5	
722	B	6	1	105	107	44.96	46.06	1290.4	5.0	0.9366	26.40	27.05	27.05	0.2	0.2	
722	B	6	1	111	113	45.02	46.12	1291.8	5.0	0.93252	26.28	26.92	26.92	0.1	0.1	
722	B	6	1	117	119	45.08	46.18	1293.1	5.0	0.92368	26.02	26.66	26.66	-0.1	-0.1	
722	B	6	1	123	125	45.14	46.24	1294.4	5.0	0.93286	26.29	26.94	26.94	0.1	0.1	
722	B	6	1	129	131	45.20	46.3	1295.7	5.0	0.91994	25.91	26.54	26.54	-0.3	-0.3	
722	B	6	1	135	137	45.26	46.36	1297.1	5.0	0.92164	25.96	26.60	26.60	-0.2	-0.2	
722	B	6	1	141	143	45.32	46.42	1298.4	5.0	0.94034	26.51	27.16	27.16	0.4	0.4	
722	B	6	1	146	148	45.37	46.48	1299.7	5.0	0.9349	26.35	27.00	27.00	0.2	0.2	
722	B	6	2	3	5	45.44	46.54	1301.0	5.0	0.93592	26.38	27.03	27.03	0.2	0.2	
722	B	6	2	9	11	45.50	46.6	1302.4	5.0	0.9332	26.30	26.95	26.95	0.1	0.1	
722	B	6	2	15	17	45.56	46.66	1303.7	5.0	0.94272	26.58	27.23	27.23	0.4	0.4	
722	B	6	2	21	23	45.62	46.72	1305.0	5.0	0.94714	26.71	27.37	27.37	0.6	0.6	
722	B	6	2	27	29	45.68	46.78	1306.3	5.0	0.94612	26.68	27.34	27.34	0.5	0.5	
722	B	6	2	39	41	45.80	46.84	1307.5	5.0	0.94238	26.57	27.22	27.22	0.4	0.4	
722	B	6	2	45	47	45.86	46.9	1308.5	5.0	0.95224	26.86	27.52	27.52	0.7	0.7	
722	B	6	2	51	53	45.92	46.96	1309.4	5.0	0.95666	26.99	27.66	27.66	0.9	0.9	
722	B	6	2	57	59	45.98	47.02	1310.4	5.0	0.94782	26.73	27.39	27.39	0.6	0.6	
722	B	6	2	57	59	45.98	47.08	1311.4	5.0	0.94952	26.78	27.44	27.44	0.6	0.6	
722	B	6	2	63	65	46.04	47.14	1312.3	5.0	0.95768	27.02	27.69	27.69	0.9	0.9	
722	B	6	2	69	71	46.10	47.19	1313.1	5.0	0.96244	27.16	27.83	27.83	1.0	1.0	
722	B	6	2	75	77	46.16	47.26	1314.3	5.0	0.96414	27.21	27.88	27.88	1.1	1.1	
722	B	6	2	81	83	46.22	47.32	1315.2	5.0	0.96244	27.16	27.83	27.83	1.0	1.0	
722	B	6	2	87	89	46.28	47.38	1316.2	5.0	0.9621	27.15	27.82	27.82	1.0	1.0	
722	B	6	2	93	95	46.34	47.44	1317.2	5.0	0.9536	26.90	27.56	27.56	0.8	0.8	
722	B	6	2	99	101	46.40	47.5	1318.1	5.0	0.94646	26.69	27.35	27.35	0.5	0.5	
722	B	6	2	105	107	46.46	47.56	1319.1	5.0	0.94034	26.51	27.16	27.16	0.4	0.4	
722	B	6	2	111	113	46.52	47.62	1320.1	5.0	0.94102	26.53	27.18	27.18	0.4	0.4	
722	B	6	2	117	119	46.58	47.68	1321.0	5.0	0.94	26.50	27.15	27.15	0.4	0.4	
722	B	6	2	123	125	46.64	47.74	1322.0	5.0	0.93184	26.26	26.90	26.90	0.1	0.1	
722	B	6	2	129	131	46.70	47.8	1324.7	5.0	0.93082	26.23	26.87	26.87	0.1	0.1	
722	B	6	2	135	137	46.76	47.86	1327.3	5.0	0.93116	26.24	26.88	26.88	0.1	0.1	
722	B	6	2	141	143	46.82	47.92	1330.0	5.0	0.92096	25.94	26.57	26.57	-0.2	-0.2	
722	B	6	2	147	149	46.88	47.98	1332.7	5.0	0.9179	25.85	26.48	26.48	-0.3	-0.3	
722	B	6	3	3	5	46.94	48.04	1335.3	5.0	0.91892	25.88	26.51	26.51	-0.3	-0.3	
722	B	6	3	9	11	47.00	48.1	1338.0	5.0	0.9179	25.85	26.48	26.48	-0.3	-0.3	
722	B	6	3	15	17	47.06	48.16	1340.7	5.0	0.91756	25.84	26.47	26.47	-0.3	-0.3	
722	B	6	3	21	23	47.12	48.22	1343.5	5.0	0.92538	26.07	26.71	26.71	-0.1	-0.1	
722	B	6	3	27	29	47.18	48.28	1346.5	5.0	0.95904	27.06	27.73	27.73	0.9	0.9	
722	B	6	3	33	35	47.24	48.34	1349.5	5.0	0.96312	27.18	27.85	27.85	1.1	1.1	
722	B	6	3	39	41	47.30	48.4	1352.5	5.0	0.97264	27.46	28.14	28.14	1.3	1.3	
722	B	6	3	45	47	47.36	48.46	1355.5	5.0	0.96822	27.33	28.01	28.01	1.2	1.2	
722	B	6	3	51	53	47.42	48.52	1358.3	5.0	0.97978	27.67	28.36	28.36	1.6	1.6	
722	B	6	3	57	59	47.48	48.58	1360.1	5.0	0.97332	27.48	28.16	28.16	1.4	1.4	
722	B	6	3	63	65	47.54	48.64	1361.9	5.0	0.97434	27.51	28.19	28.19	1.4	1.4	
722	B	6	3	69	71	47.60	48.7	1363.7	5.0	0.97468	27.52	28.20	28.20	1.4	1.4	
722	B	6	3	75	77	47.66	48.76	1365.5	5.0	0.97298	27.47	28.15	28.15	1.4	1.4	
722	B	6	3	81	83	47.72	48.82	1367.3	5.0	0.97094	27.41	28.09	28.09	1.3	1.3	
722	B	6	3	87	89	47.78	48.88	1369.1	5.0	0.94782	26.73	27.39	27.39	0.6	0.6	
722	B	6	3	93	95	47.84	48.94	1370.9	5.0	0.93116	26.24	26.88	26.88	0.1	0.1	
722	B	6	3	99	101	47.90	49	1372.7	5.0	0.9264	26.10	26.74	26.74	-0.1	-0.1	
722	B	6	3	105	107	47.96	49.06	1374.5	5.0	0.91314	25.71	26.34	26.34	-0.5	-0.5	
722	B	6	3	111	113	48.02	49.12	1376.3	5.0	0.9128	25.70	26.33	26.33	-0.5	-0.5	
722	B	6	3	117	119	48.08	49.18	1378.1	5.0	0.89478	25.17	25.78	25.78	-1.0	-1.0	
722	B	6	3	123	125	48.14	49.24	1379.9	5.0	0.90668	25.52	26.14	26.14	-0.7	-0.7	
722	B	6	3	129	131	48.20	49.3	1381.7	5.0	0.91824	25.86	26.49	26.49	-0.3	-0.3	
722	B	6	3	135	137	48.26	49.36	1383.5	5.0	0.94	26.50	27.15	27.15	0.4	0.4	
722	B	6	3	141	143	48.32	49.42	1385.4	5.0	0.9434	26.60	27.25	27.25	0.5	0.5	
722	B	6	3	146	148	48.37	49.48	1387.7	5.0	0.92878	26.17	26.81	26.81	0.0	0.0	
722	B	6	4	3	5	48.44	49.54	1390.0	5.0	0.94578	26.67	27.33	27.33	0.5	0.5	
722	B	6	4	9	11	48.50	49.6	1392.3	5.0	0.95394	26.91	27.57	27.57	0.8	0.8	
722	B	6	4	15	17	48.56	49.66	1394.6	5.0	0.95904	27.06	27.73	27.73	0.9	0.9	
722	B	6	4	21	23	48.62	49.72	1396.9	5.0	0.95938	27.07	27.74	27.74	0.9	0.9	
722	B	6	4	27	29	48.68	49.78	1399.2	5.0	0.95972	27.08	27.75	27.75	0.9	0.9	
722	B	6	4	33	35	48.74	49.84	1401.5	5.0	0.95054	26.81	27.47	27.47	0.7	0.7	
722	B	6	4	39	41	48.80	49.9	1405.1	5.0	0.94544	26.66	27.32	27.32	0.5	0.5	
722	B	6	4	45	47	48.86	49.96	1408.7	5.0	0.94034	26.51	27.16	27.16	0.4	0.4	
722	B	6	4	51	53	48.92	50.02	1412.3	5.0	0.9332	26.30	26.95	26.95	0.1	0.1	
722	B	6	4	57	59	48.98	50.08	1413.7	5.0	0.93354	26.31	26.96	26.96	0.2	0.2	
722	B	6	4	63	65	49.04	50.14	1415.1	5.0	0.94136	26.54	27.19	27.19	0.4	0.4	
722	B	6	4	69	71	49.10	50.2	1416.5	5.0	0.9485	26.75	27.41	27.41	0.6	0.6	
722	B	6	4	75	77	49.16	50.26	1417.9	5.0	0.94136	26.54	27.19	27.19	0.4	0.4	
722	B	6	4	81	83	49.22	50.32	1420.5	5.0	0.94034	26.51	27.16	27.16	0.4	0.4	
722	B	6	4	87	89	49.28	50.38	1423.0	5.0	0.9451	26.65	27.31	27.31	0.5	0.5	
722	B	6	4	93	95	49.34	50.44	1425.5	5.0	0.9638	27.20	27.87	27.87	1.1	1.1	
722	B	6	4	99	101	49.40	50.5	1428.0	5.0	0.9774	27.60	28.28	28.28	1.5	1.5	
722	B	6	4	105	107	49.46	50.56	1429.8	5.0	0.98454	27.81	28.50	28.50	1.7	1.7	
722	B	6	4	111	113	49.52	50.62	1431.6	5.0	0.97944	27.66	28.35	28.35	1.5	1.5	
722	B	6	4	117	119	49.58	50.68	1433.5	5.0	0.97536	27.54	28.22	28.22	1.4	1.4	
722	B	6	4	123	125	49.64	50.74	1435.3	5.0	0.97298	27.47	28.15	28.15	1.4	1.4	
722	B	6	4	129	131	49.70	50.8	1437.1	5.0	0.97808	27.62	28.31	28.31	1.5	1.5	
722	B	6	4	135	137	49.76	50.86	1438.9	5.0	0.98012	27.68	28.37	28.37	1.6	1.6	
722	B	6	4	141	143	49.82	50.92	1440.7	5.0	0.9791	27.65	28.34	28.34	1.5	1.5	
722	B	6	4	147	149	49.88	50.98	1442.6	5.0	0.96414	27.21	27.88	27.88	1.1	1.1	
722	B	6	5	3	5	49.94	51.04	1444.9	5.0	0.97842	27.63	28.32	28.32	1.5	1.5	
722	B	6	5	9	11	50.00	51.1	1446.6	5.0	0.96108	27.12	27.79	27.79	1.0	1.0	
722	B	6	5	15	17	50.06	51.16	1448.4	5.0	0.94884	26.76	27.42	27.42	0.6	0.6	
722	B	6	5	21	23	50.12	51.22	1450.2	5.0	0.94408	26.62	27.28	27.28	0.5	0.5	
722	B	6	5	27	29	50.18	51.28	1451.8	5.0	0.93388	26.32	26.97	26.97	0.2	0.2	
722	B	6	5	33	35	50.24	51.34	1453.4	5.0	0.93966	26.49	27.14	27.14	0.3	0.3	
722	B	6	5	39	41	50.30	51.4	1455.0	5.0	0.94102	26.53	27.18	27.18	0.4	0.4	
722	B	6	5	45	47	50.36	51.46	1457.1	5.0	0.94816	26.74	27.40	27.40	0.6	0.6	
722	B	6	5	51	53	50.42	51.52	1459.4	5.0	0.95462	26.93	27.59	27.59	0.8	0.8	
722	B	6	5	57	59	50.48	51.58	1461.6	5.0	0.96584	27.26	27.93	27.93	1.1	1.1	
722	B	6	5	63	65	50.54	51.64	1464.1	5.0	0.9638	27.20	27.87	27.87	1.1	1.1	
722	B	6	5	69	71	50.60	51.7	1466.9	5.0	0.96108	27.12	27.79	27.79	1.0	1.0	
722	B	6	5	75	77	50.66	51.76	1469.7	5.0	0.96754	27.31	27.99	27.99	1.2	1.2	
722	B	6	5	81	83	50.72	51.82	1472.6	5.0	0.97944	27.66	28.35	28.35	1.5	1.5	
722	B	6	5	87	89	50.78	51.88	1475.6	5.0	0.96958	27.37	28.05	28.05	1.2	1.2	
722	B	6	5	93	95	50.84	51.94	1478.7	5.0	0.96924	27.36	28.04	28.04	1.2	1.2	
722	B	6	5	99	101	50.90	52	1481.8	5.0	0.97536	27.54	28.22	28.22	1.4	1.4	
722	B	6	5	105	107	50.96	52.06	1485.0	5.0	0.974	27.50	28.18	28.18	1.4	1.4	
722	B	6	5	111	113	51.02	52.12	1488.2	5.0	0.97128	27.42	28.10	28.10	1.3	1.3	
722	B	6	5	117	119	51.08	52.18	1491.5	5.0	0.96278	27.17	27.84	27.84	1.0	1.0	
722	B	6	5	123	125	51.14	52.24	1494.6	5.0	0.95598	26.97	27.64	27.64	0.8	0.8	
722	B	6	5	129	131	51.20	52.3	1497.5	5.0	0.95666	26.99	27.66	27.66	0.9	0.9	
722	B	6	5	135	137	51.26	52.36	1500.4	5.0	0.95802	27.03	27.70	27.70	0.9	0.9	
722	B	6	5	141	143	51.32	52.42	1503.4	5.0	0.94068	26.52	27.17	27.17	0.4	0.4	
722	B	6	5	146	148	51.37	52.48	1506.5	5.0	0.94272	26.58	27.23	27.23	0.4	0.4	
722	B	6	6	3	5	51.44	52.54	1509.7	5.0	0.95122	26.83	27.49	27.49	0.7	0.7	
722	B	6	6	9	11	51.50	52.6	1512.8	5.0	0.95802	27.03	27.70	27.70	0.9	0.9	
722	B	6	6	15	17	51.56	52.66	1516.2	5.0	0.96244	27.16	27.83	27.83	1.0	1.0	
722	B	6	6	21	23	51.62	52.72	1519.7	5.0	0.94238	26.57	27.22	27.22	0.4	0.4	
722	B	6	6	27	29	51.68	52.78	1523.2	5.0	0.9434	26.60	27.25	27.25	0.5	0.5	
722	B	6	6	33	35	51.74	52.84	1526.4	5.0	0.9366	26.40	27.05	27.05	0.2	0.2	
722	B	6	6	39	41	51.80	52.9	1529.4	5.0	0.92334	26.01	26.65	26.65	-0.2	-0.2	
722	B	6	6	45	47	51.86	52.96	1532.3	5.0	0.92028	25.92	26.55	26.55	-0.2	-0.2	
722	B	6	6	51	53	51.92	53.02	1535.2	5.0	0.92096	25.94	26.57	26.57	-0.2	-0.2	
722	B	6	6	57	59	51.98	53.08	1538.0	5.0	0.92232	25.98	26.62	26.62	-0.2	-0.2	
722	B	6	6	63	65	52.04	53.14	1540.8	5.0	0.92266	25.99	26.63	26.63	-0.2	-0.2	
722	B	6	6	75	77	52.16	53.2	1543.7	5.0	0.92096	25.94	26.57	26.57	-0.2	-0.2	
722	B	6	6	81	83	52.22	53.26	1547.0	5.0	0.93286	26.29	26.94	26.94	0.1	0.1	
722	B	6	6	87	89	52.28	53.32	1550.4	5.0	0.94714	26.71	27.37	27.37	0.6	0.6	
722	B	6	6	93	95	52.34	53.38	1553.9	5.0	0.95292	26.88	27.54	27.54	0.7	0.7	
722	B	6	6	99	101	52.40	53.44	1557.3	5.0	0.95564	26.96	27.63	27.63	0.8	0.8	
722	B	6	6	105	107	52.46	53.5	1560.9	5.0	0.957	27.00	27.67	27.67	0.9	0.9	
722	B	6	6	111	113	52.52	53.56	1564.4	5.0	0.95088	26.82	27.48	27.48	0.7	0.7	
722	B	6	6	117	119	52.58	53.62	1567.8	5.0	0.94986	26.79	27.45	27.45	0.7	0.7	
722	B	6	6	123	125	52.64	53.68	1570.7	5.0	0.9485	26.75	27.41	27.41	0.6	0.6	
722	B	6	6	129	131	52.70	53.74	1573.7	5.0	0.94034	26.51	27.16	27.16	0.4	0.4	
722	B	6	6	135	137	52.76	53.8	1576.6	5.0	0.94068	26.52	27.17	27.17	0.4	0.4	
722	B	6	6	141	143	52.82	53.86	1579.3	5.0	0.93728	26.42	27.07	27.07	0.3	0.3	
722	B	6	6	147	149	52.88	53.92	1581.9	5.0	0.94238	26.57	27.22	27.22	0.4	0.4	
722	B	6	6	3	5	51.44	53.98	1584.6	5.0	0.96652	27.28	27.96	27.96	1.2	1.2	
722	B	6	7	9	11	53.00	54.04	1586.7	5.0	0.96686	27.29	27.97	27.97	1.2	1.2	
722	B	6	7	15	17	53.06	54.1	1588.4	5.0	0.9536	26.90	27.56	27.56	0.8	0.8	
722	B	6	7	21	23	53.12	54.16	1590.0	5.0	0.9383	26.45	27.10	27.10	0.3	0.3	
722	B	6	7	27	29	53.18	54.22	1591.6	5.0	0.923	26.00	26.64	26.64	-0.2	-0.2	
722	B	6	7	33	35	53.24	54.28	1593.3	5.0	0.9332	26.30	26.95	26.95	0.1	0.1	
722	B	6	7	39	41	53.30	54.34	1594.9	5.0	0.94068	26.52	27.17	27.17	0.4	0.4	
722	B	6	7	45	47	53.36	54.4	1596.5	5.0	0.94408	26.62	27.28	27.28	0.5	0.5	
722	B	6	7	51	53	53.42	54.47	1598.4	5.0	0.93694	26.41	27.06	27.06	0.3	0.3	
722	B	6	7	57	59	53.48	54.53	1600.1	5.0	0.9298	26.20	26.84	26.84	0.0	0.0	
722	B	6	7	63	65	53.54	54.59	1601.7	5.0	0.92912	26.18	26.82	26.82	0.0	0.0	
722	B	6	7	69	71	53.60	54.65	1603.6	5.0	0.92946	26.19	26.83	26.83	0.0	0.0	
721	B	6	3	75	77	51.86	54.71	1605.7	5.0	0.93388	26.32	26.97	26.97	0.2	0.2	
721	B	6	3	81	83	51.92	54.77	1607.8	5.0	0.94306	26.59	27.24	27.24	0.4	0.4	
721	B	6	3	87	89	51.98	54.83	1609.9	5.0	0.9502	26.80	27.46	27.46	0.7	0.7	
721	B	6	3	93	95	52.04	54.89	1612.0	5.0	0.95088	26.82	27.48	27.48	0.7	0.7	
721	B	6	3	33	35	51.44	54.95	1614.1	5.0	0.95598	26.97	27.64	27.64	0.8	0.8	
721	B	6	3	39	41	51.50	55.01	1616.2	5.0	0.95394	26.91	27.57	27.57	0.8	0.8	
721	B	6	3	45	47	51.56	55.07	1618.3	5.0	0.94068	26.52	27.17	27.17	0.4	0.4	
721	B	6	3	51	53	51.62	55.13	1620.4	5.0	0.9434	26.60	27.25	27.25	0.5	0.5	
721	B	6	3	57	59	51.68	55.19	1622.5	5.0	0.9366	26.40	27.05	27.05	0.2	0.2	
721	B	6	3	63	65	51.74	55.25	1624.6	5.0	0.9298	26.20	26.84	26.84	0.0	0.0	
721	B	6	3	69	71	51.80	55.31	1626.7	5.0	0.93252	26.28	26.92	26.92	0.1	0.1	
721	B	6	3	75	77	51.86	55.37	1628.8	5.0	0.94034	26.51	27.16	27.16	0.4	0.4	
721	B	6	3	81	83	51.92	55.43	1630.9	5.0	0.9417	26.55	27.20	27.20	0.4	0.4	
721	B	6	4	87	89	53.48	55.49	1634.4	5.0	0.93558	26.37	27.02	27.02	0.2	0.2	
721	B	6	4	93	95	53.54	55.55	1638.2	5.0	0.9196	25.90	26.53	26.53	-0.3	-0.3	
721	B	6	4	99	101	53.60	55.61	1642.1	5.0	0.8992	25.30	25.92	25.92	-0.9	-0.9	
721	B	6	4	105	107	53.66	55.67	1645.9	5.0	0.88118	24.77	25.37	25.37	-1.4	-1.4	
721	B	6	4	111	113	53.72	55.73	1649.8	5.0	0.87438	24.57	25.16	25.16	-1.6	-1.6	
721	B	6	4	117	119	53.78	55.79	1653.6	5.0	0.87132	24.48	25.07	25.07	-1.7	-1.7	
721	B	6	4	123	125	53.84	55.85	1657.1	5.0	0.87234	24.51	25.10	25.10	-1.7	-1.7	
721	B	6	4	129	131	53.90	55.91	1660.6	5.0	0.87642	24.63	25.22	25.22	-1.6	-1.6	
721	B	6	4	135	137	53.96	55.97	1664.1	5.0	0.872	24.50	25.09	25.09	-1.7	-1.7	
721	B	6	4	141	143	54.02	56.03	1667.7	5.0	0.90124	25.36	25.98	25.98	-0.8	-0.8	
721	B	6	4	147	149	54.08	56.09	1671.2	5.0	0.89342	25.13	25.74	25.74	-1.1	-1.1	
721	B	6	4	3	5	52.64	56.15	1674.7	5.0	0.90566	25.49	26.11	26.11	-0.7	-0.7	
721	B	6	4	9	11	52.70	56.21	1678.2	5.0	0.93184	26.26	26.90	26.90	0.1	0.1	
721	B	6	4	15	17	52.76	56.27	1681.7	5.0	0.9485	26.75	27.41	27.41	0.6	0.6	
721	B	6	4	21	23	52.82	56.33	1685.2	5.0	0.94612	26.68	27.34	27.34	0.5	0.5	
721	B	6	4	27	29	52.88	56.39	1688.7	5.0	0.96686	27.29	27.97	27.97	1.2	1.2	
722	B	7	1	33	35	53.54	56.54	1696.6	5.0	0.96516	27.24	27.91	27.91	1.1	1.1	
722	B	7	1	39	41	53.60	56.6	1699.7	5.0	0.94952	26.78	27.44	27.44	0.6	0.6	
722	B	7	1	45	47	53.66	56.66	1702.7	5.0	0.9485	26.75	27.41	27.41	0.6	0.6	
722	B	7	1	51	53	53.72	56.72	1705.8	5.0	0.9485	26.75	27.41	27.41	0.6	0.6	
722	B	7	1	57	59	53.78	56.78	1708.9	5.0	0.94068	26.52	27.17	27.17	0.4	0.4	
722	B	7	1	63	65	53.84	56.84	1712.0	5.0	0.9094	25.60	26.22	26.22	-0.6	-0.6	
722	B	7	1	69	71	53.90	56.9	1715.1	5.0	0.91008	25.62	26.24	26.24	-0.6	-0.6	
722	B	7	1	75	77	53.96	56.96	1718.1	5.0	0.91178	25.67	26.30	26.30	-0.5	-0.5	
722	B	7	1	81	83	54.02	57.02	1721.0	5.0	0.91722	25.83	26.46	26.46	-0.3	-0.3	
722	B	7	1	87	89	54.08	57.08	1723.3	5.0	0.91212	25.68	26.31	26.31	-0.5	-0.5	
722	B	7	1	93	95	54.14	57.14	1725.6	5.0	0.91518	25.77	26.40	26.40	-0.4	-0.4	
722	B	7	1	99	101	54.20	57.2	1727.9	5.0	0.91688	25.82	26.45	26.45	-0.3	-0.3	
722	B	7	1	105	107	54.26	57.26	1730.3	5.0	0.9298	26.20	26.84	26.84	0.0	0.0	
722	B	7	1	111	113	54.32	57.32	1732.6	5.0	0.93456	26.34	26.99	26.99	0.2	0.2	
722	B	7	1	117	119	54.38	57.38	1734.9	5.0	0.93286	26.29	26.94	26.94	0.1	0.1	
722	B	7	1	123	125	54.44	57.44	1737.2	5.0	0.92504	26.06	26.70	26.70	-0.1	-0.1	
722	B	7	1	129	131	54.50	57.5	1739.6	5.0	0.92266	25.99	26.63	26.63	-0.2	-0.2	
722	B	7	1	135	137	54.56	57.56	1741.9	5.0	0.923	26.00	26.64	26.64	-0.2	-0.2	
722	B	7	1	141	143	54.62	57.62	1744.2	5.0	0.93864	26.46	27.11	27.11	0.3	0.3	
722	B	7	1	147	149	54.68	57.68	1746.5	5.0	0.95564	26.96	27.63	27.63	0.8	0.8	
722	B	7	2	3	5	54.74	57.74	1748.8	5.0	0.94136	26.54	27.19	27.19	0.4	0.4	
722	B	7	2	9	11	54.80	57.8	1751.2	5.0	0.9264	26.10	26.74	26.74	-0.1	-0.1	
722	B	7	2	15	17	54.86	57.86	1753.5	5.0	0.92674	26.11	26.75	26.75	-0.1	-0.1	
722	B	7	2	21	23	54.92	57.92	1755.8	5.0	0.91994	25.91	26.54	26.54	-0.3	-0.3	
722	B	7	2	27	29	54.98	57.98	1758.1	5.0	0.89546	25.19	25.80	25.80	-1.0	-1.0	
722	B	7	2	33	35	55.04	58.04	1760.4	5.0	0.92946	26.19	26.83	26.83	0.0	0.0	
722	B	7	2	39	41	55.10	58.1	1762.6	5.0	0.94	26.50	27.15	27.15	0.4	0.4	
722	B	7	2	45	47	55.16	58.16	1764.7	5.0	0.96414	27.21	27.88	27.88	1.1	1.1	
722	B	7	2	51	53	55.22	58.22	1766.9	5.0	0.95904	27.06	27.73	27.73	0.9	0.9	
722	B	7	2	57	59	55.28	58.28	1769.1	5.0	0.95802	27.03	27.70	27.70	0.9	0.9	
722	B	7	2	63	65	55.34	58.34	1771.2	5.0	0.95462	26.93	27.59	27.59	0.8	0.8	
722	B	7	2	69	71	55.40	58.4	1773.4	5.0	0.95564	26.96	27.63	27.63	0.8	0.8	
722	B	7	2	75	77	55.46	58.46	1775.6	5.0	0.95598	26.97	27.64	27.64	0.8	0.8	
722	B	7	2	81	83	55.52	58.52	1777.7	5.0	0.95496	26.94	27.60	27.60	0.8	0.8	
722	B	7	2	87	89	55.58	58.58	1779.9	5.0	0.94782	26.73	27.39	27.39	0.6	0.6	
722	B	7	2	93	95	55.64	58.64	1782.1	5.0	0.9519	26.85	27.51	27.51	0.7	0.7	
722	B	7	2	99	101	55.70	58.7	1784.3	5.0	0.95496	26.94	27.60	27.60	0.8	0.8	
722	B	7	2	105	107	55.76	58.76	1786.4	5.0	0.9519	26.85	27.51	27.51	0.7	0.7	
722	B	7	2	111	113	55.82	58.82	1788.6	5.0	0.93218	26.27	26.91	26.91	0.1	0.1	
722	B	7	2	117	119	55.88	58.88	1790.8	5.0	0.93048	26.22	26.86	26.86	0.1	0.1	
722	B	7	2	123	125	55.94	58.94	1792.9	5.0	0.9298	26.20	26.84	26.84	0.0	0.0	
722	B	7	2	129	130	56.00	59	1795.1	5.0	0.92436	26.04	26.68	26.68	-0.1	-0.1	
722	B	7	2	135	136	56.06	59.06	1796.4	5.0	0.92198	25.97	26.61	26.61	-0.2	-0.2	
722	B	7	2	141	142	56.12	59.12	1797.7	5.0	0.91654	25.81	26.44	26.44	-0.4	-0.4	
722	B	7	2	147	148	56.18	59.18	1798.9	5.0	0.91076	25.64	26.27	26.27	-0.5	-0.5	
722	B	7	3	3	4	56.24	59.24	1800.2	5.0	0.92742	26.13	26.77	26.77	0.0	0.0	
722	B	7	3	9	10	56.30	59.3	1801.5	5.0	0.94544	26.66	27.32	27.32	0.5	0.5	
722	B	7	3	15	16	56.36	59.36	1802.8	5.0	0.96414	27.21	27.88	27.88	1.1	1.1	
722	B	7	3	21	22	56.42	59.42	1804.1	5.0	0.96176	27.14	27.81	27.81	1.0	1.0	
722	B	7	3	27	28	56.48	59.48	1805.4	5.0	0.94986	26.79	27.45	27.45	0.7	0.7	
722	B	7	3	33	34	56.54	59.54	1806.6	5.0	0.94374	26.61	27.26	27.26	0.5	0.5	
722	B	7	3	39	40	56.60	59.6	1807.9	5.0	0.94476	26.64	27.30	27.30	0.5	0.5	
722	B	7	3	45	46	56.66	59.66	1809.2	5.0	0.94102	26.53	27.18	27.18	0.4	0.4	
722	B	7	3	51	52	56.72	59.72	1810.5	5.0	0.94952	26.78	27.44	27.44	0.6	0.6	
722	B	7	3	57	58	56.78	59.78	1811.8	5.0	0.9502	26.80	27.46	27.46	0.7	0.7	
722	B	7	3	63	64	56.84	59.84	1813.0	5.0	0.93762	26.43	27.08	27.08	0.3	0.3	
722	B	7	3	69	70	56.90	59.9	1814.3	5.0	0.91246	25.69	26.32	26.32	-0.5	-0.5	
722	B	7	3	75	76	56.96	59.96	1815.6	5.0	0.91484	25.76	26.39	26.39	-0.4	-0.4	
722	B	7	3	81	82	57.02	60.02	1816.9	5.0	0.91314	25.71	26.34	26.34	-0.5	-0.5	
722	B	7	3	87	88	57.08	60.08	1818.2	5.0	0.91994	25.91	26.54	26.54	-0.3	-0.3	
722	B	7	3	93	94	57.14	60.14	1819.8	5.0	0.9196	25.90	26.53	26.53	-0.3	-0.3	
722	B	7	3	99	100	57.20	60.2	1821.6	5.0	0.92572	26.08	26.72	26.72	-0.1	-0.1	
722	B	7	3	105	106	57.26	60.26	1823.4	5.0	0.93252	26.28	26.92	26.92	0.1	0.1	
722	B	7	3	111	112	57.32	60.32	1825.1	5.0	0.94544	26.66	27.32	27.32	0.5	0.5	
722	B	7	3	117	118	57.38	60.38	1826.9	5.0	0.94034	26.51	27.16	27.16	0.4	0.4	
722	B	7	3	123	124	57.44	60.44	1828.7	5.0	0.92334	26.01	26.65	26.65	-0.2	-0.2	
722	B	7	3	135b	136b	57.55	60.5	1830.5	5.0	0.91348	25.72	26.35	26.35	-0.5	-0.5	
722	B	7	3	141	142	57.62	60.56	1832.3	5.0	0.93218	26.27	26.91	26.91	0.1	0.1	
722	B	7	3	147	148	57.68	60.62	1834.1	5.0	0.94442	26.63	27.29	27.29	0.5	0.5	
722	B	7	3	3	4	56.24	60.68	1835.8	5.0	0.94272	26.58	27.23	27.23	0.4	0.4	
722	B	7	4	9	10	57.80	60.74	1837.6	5.0	0.94646	26.69	27.35	27.35	0.5	0.5	
722	B	7	4	15	16	57.86	60.8	1839.4	5.0	0.94306	26.59	27.24	27.24	0.4	0.4	
722	B	7	4	21	22	57.92	60.86	1841.2	5.0	0.94034	26.51	27.16	27.16	0.4	0.4	
722	B	7	4	27	28	57.98	60.92	1843.0	5.0	0.9434	26.60	27.25	27.25	0.5	0.5	
722	B	7	4	33	34	58.04	60.98	1844.8	5.0	0.94442	26.63	27.29	27.29	0.5	0.5	
722	B	7	4	39	40	58.10	61.04	1846.6	5.0	0.93388	26.32	26.97	26.97	0.2	0.2	
722	B	7	4	45	46	58.16	61.1	1848.3	5.0	0.9366	26.40	27.05	27.05	0.2	0.2	
722	B	7	4	51	52	58.22	61.16	1850.1	5.0	0.94	26.50	27.15	27.15	0.4	0.4	
722	B	7	4	57	58	58.28	61.22	1851.9	5.0	0.9298	26.20	26.84	26.84	0.0	0.0	
722	B	7	4	63	64	58.34	61.28	1853.7	5.0	0.91824	25.86	26.49	26.49	-0.3	-0.3	
722	B	7	4	69	70	58.40	61.34	1855.5	5.0	0.91688	25.82	26.45	26.45	-0.3	-0.3	
722	B	7	4	75	76	58.46	61.4	1857.3	5.0	0.91756	25.84	26.47	26.47	-0.3	-0.3	
722	B	7	4	81	82	58.52	61.46	1859.0	5.0	0.92198	25.97	26.61	26.61	-0.2	-0.2	
722	B	7	4	87	88	58.58	61.52	1860.8	5.0	0.92912	26.18	26.82	26.82	0.0	0.0	
722	B	7	4	93	94	58.64	61.58	1862.6	5.0	0.93354	26.31	26.96	26.96	0.2	0.2	
722	B	7	4	99	100	58.70	61.64	1865.0	5.0	0.92334	26.01	26.65	26.65	-0.2	-0.2	
722	B	7	4	105	106	58.76	61.7	1868.1	5.0	0.92062	25.93	26.56	26.56	-0.2	-0.2	
722	B	7	4	111	112	58.82	61.76	1871.2	5.0	0.94	26.50	27.15	27.15	0.4	0.4	
722	B	7	4	117	118	58.88	61.82	1874.3	5.0	0.92946	26.19	26.83	26.83	0.0	0.0	
722	B	7	4	123	124	58.94	61.88	1877.4	5.0	0.92198	25.97	26.61	26.61	-0.2	-0.2	
722	B	7	4	129	130	59.00	61.94	1880.4	5.0	0.92028	25.92	26.55	26.55	-0.2	-0.2	
722	B	7	4	135	136	59.06	62.06	1886.6	5.0	0.93388	26.32	26.97	26.97	0.2	0.2	
722	B	7	4	141	142	59.12	62.12	1889.7	5.0	0.95224	26.86	27.52	27.52	0.7	0.7	
722	B	7	4	147	148	59.18	62.18	1892.8	5.0	0.94816	26.74	27.40	27.40	0.6	0.6	
722	B	7	5	3	4	59.24	62.24	1895.9	5.0	0.9417	26.55	27.20	27.20	0.4	0.4	
722	B	7	5	9	10	59.30	62.3	1898.9	5.0	0.94782	26.73	27.39	27.39	0.6	0.6	
722	B	7	5	15	16	59.36	62.36	1902.0	5.0	0.9485	26.75	27.41	27.41	0.6	0.6	
722	B	7	5	21	22	59.42	62.42	1905.1	5.0	0.93728	26.42	27.07	27.07	0.3	0.3	
722	B	7	5	27	28	59.48	62.48	1907.5	5.0	0.93456	26.34	26.99	26.99	0.2	0.2	
722	B	7	5	33	34	59.54	62.54	1909.9	5.0	0.9417	26.55	27.20	27.20	0.4	0.4	
722	B	7	5	39	40	59.60	62.6	1912.2	5.0	0.94068	26.52	27.17	27.17	0.4	0.4	
722	B	7	5	45	46	59.66	62.66	1914.6	5.0	0.94034	26.51	27.16	27.16	0.4	0.4	
722	B	7	5	51	52	59.72	62.72	1917.0	5.0	0.95802	27.03	27.70	27.70	0.9	0.9	
722	B	7	5	57	58	59.78	62.78	1919.4	5.0	0.9587	27.05	27.72	27.72	0.9	0.9	
722	B	7	5	63	64	59.84	62.84	1921.7	5.0	0.94714	26.71	27.37	27.37	0.6	0.6	
722	B	7	5	69	70	59.90	62.9	1924.1	5.0	0.94476	26.64	27.30	27.30	0.5	0.5	
722	B	7	5	75	76	59.96	62.96	1926.5	5.0	0.9502	26.80	27.46	27.46	0.7	0.7	
722	B	7	5	81	82	60.02	63.02	1928.9	5.0	0.95156	26.84	27.50	27.50	0.7	0.7	
722	B	7	5	87	88	60.08	63.08	1931.3	5.0	0.96074	27.11	27.78	27.78	1.0	1.0	
722	B	7	5	93	94	60.14	63.14	1933.6	5.0	0.95394	26.91	27.57	27.57	0.8	0.8	
722	B	7	5	99	100	60.20	63.2	1936.0	5.0	0.93422	26.33	26.98	26.98	0.2	0.2	
722	B	7	5	105	106	60.26	63.26	1938.4	5.0	0.93116	26.24	26.88	26.88	0.1	0.1	
722	B	7	5	111	112	60.32	63.32	1940.8	5.0	0.92912	26.18	26.82	26.82	0.0	0.0	
722	B	7	5	117	118	60.38	63.38	1943.1	5.0	0.95088	26.82	27.48	27.48	0.7	0.7	
722	B	7	5	123	124	60.44	63.44	1945.5	5.0	0.95122	26.83	27.49	27.49	0.7	0.7	
722	B	7	5	129	130	60.50	63.5	1947.9	5.0	0.96414	27.21	27.88	27.88	1.1	1.1	
722	B	7	5	135	136	60.56	63.56	1952.6	5.0	0.9519	26.85	27.51	27.51	0.7	0.7	
722	B	7	5	141	142	60.62	63.62	1957.3	5.0	0.95394	26.91	27.57	27.57	0.8	0.8	
722	B	7	6	147	148	62.18	63.68	1962.1	5.0	0.95938	27.07	27.74	27.74	0.9	0.9	
722	B	7	6	3	4	60.74	63.74	1966.8	5.0	0.97026	27.39	28.07	28.07	1.3	1.3	
722	B	7	6	9	10	60.80	63.8	1971.5	5.0	0.97128	27.42	28.10	28.10	1.3	1.3	
722	B	7	6	15	16	60.86	63.86	1976.2	5.0	0.97434	27.51	28.19	28.19	1.4	1.4	
722	B	7	6	21	22	60.92	63.92	1980.9	5.0	0.97094	27.41	28.09	28.09	1.3	1.3	
722	B	7	6	27	28	60.98	63.98	1985.6	5.0	0.97026	27.39	28.07	28.07	1.3	1.3	
722	B	7	6	33	34	61.04	64.04	1990.4	5.0	0.95972	27.08	27.75	27.75	0.9	0.9	
722	B	7	6	39	40	61.10	64.1	1995.1	5.0	0.95394	26.91	27.57	27.57	0.8	0.8	
722	B	7	6	45	46	61.16	64.16	1999.8	5.0	0.9485	26.75	27.41	27.41	0.6	0.6	
722	B	7	6	51	52	61.22	64.22	2004.5	10.0	0.9468	26.70	27.36	27.36	0.6	0.6	
722	B	7	6	57	58	61.28	64.28	2007.5	10.0	0.94748	26.72	27.38	27.38	0.6	0.6	
722	B	7	6	63	64	61.34	64.34	2010.4	10.0	0.94782	26.73	27.39	27.39	0.6	0.6	
722	B	7	6	69	70	61.40	64.4	2013.4	10.0	0.95258	26.87	27.53	27.53	0.7	0.7	
722	B	7	6	147	148	62.18	64.46	2016.3	10.0	0.957	27.00	27.67	27.67	0.9	0.9	
722	B	7	6	4	5	60.75	64.52	2019.3	10.0	0.95224	26.86	27.52	27.52	0.7	0.7	
722	B	7	6	10	11	60.81	64.58	2022.2	10.0	0.9468	26.70	27.36	27.36	0.6	0.6	
722	B	7	6	15	16	60.86	64.64	2025.2	10.0	0.94442	26.63	27.29	27.29	0.5	0.5	
722	B	7	6	21	22	60.92	64.7	2028.1	10.0	0.93456	26.34	26.99	26.99	0.2	0.2	
722	B	7	6	27	28	60.98	64.76	2031.1	10.0	0.92776	26.14	26.78	26.78	0.0	0.0	
722	B	7	6	33	34	61.04	64.82	2034.0	10.0	0.93014	26.21	26.85	26.85	0.1	0.1	
722	B	7	6	39	40	61.10	64.88	2037.0	10.0	0.93014	26.21	26.85	26.85	0.1	0.1	
722	B	7	6	45	46	61.16	64.94	2039.9	10.0	0.9315	26.25	26.89	26.89	0.1	0.1	
722	B	7	6	52	53	61.23	65	2042.9	10.0	0.91042	25.63	26.26	26.26	-0.5	-0.5	
722	B	7	6	58	59	61.29	65.06	2045.8	10.0	0.9145	25.75	26.38	26.38	-0.4	-0.4	
722	B	7	6	63	64	61.34	65.12	2048.8	10.0	0.91144	25.66	26.29	26.29	-0.5	-0.5	
722	B	7	6	68.5	69.5	61.40	65.18	2051.7	10.0	0.91688	25.82	26.45	26.45	-0.3	-0.3	
722	B	7	7	75	76	62.96	65.24	2054.7	10.0	0.90192	25.38	26.00	26.00	-0.8	-0.8	
722	B	7	7	82.5	83.5	63.04	65.3	2057.6	10.0	0.90464	25.46	26.08	26.08	-0.7	-0.7	
722	B	7	7	33	34	62.54	65.36	2060.6	10.0	0.90328	25.42	26.04	26.04	-0.8	-0.8	
722	B	7	7	39	40	62.60	65.42	2063.6	10.0	0.91348	25.72	26.35	26.35	-0.5	-0.5	
722	B	7	7	45	46	62.66	65.48	2066.5	10.0	0.91042	25.63	26.26	26.26	-0.5	-0.5	
722	B	7	7	51	52	62.72	65.54	2069.5	10.0	0.90872	25.58	26.20	26.20	-0.6	-0.6	
722	B	7	7	57	58	62.78	65.6	2072.4	10.0	0.9043	25.45	26.07	26.07	-0.7	-0.7	
722	B	7	7	63	64	62.84	65.66	2079.0	10.0	0.90566	25.49	26.11	26.11	-0.7	-0.7	
722	B	7	7	69	70	62.90	65.72	2086.4	10.0	0.91926	25.89	26.52	26.52	-0.3	-0.3	
722	B	7	7	75	76	62.96	65.78	2093.7	10.0	0.93286	26.29	26.94	26.94	0.1	0.1	
722	B	7	7	81	82	63.02	65.84	2098.6	10.0	0.94204	26.56	27.21	27.21	0.4	0.4	
722	B	7	7	87	88	63.08	65.9	2101.1	10.0	0.93422	26.33	26.98	26.98	0.2	0.2	
721	B	7	4	93	94	62.84	65.93	2102.3	10.0	0.92368	26.02	26.66	26.66	-0.1	-0.1	
721	B	7	5	99	100	64.40	66	2105.2	10.0	0.91348	25.72	26.35	26.35	-0.5	-0.5	
721	B	7	5	105	106	64.46	66.06	2107.6	10.0	0.91484	25.76	26.39	26.39	-0.4	-0.4	
721	B	7	5	111	112	64.52	66.11	2109.7	10.0	0.91722	25.83	26.46	26.46	-0.3	-0.3	
721	B	7	5	117	118	64.58	66.17	2112.1	10.0	0.92776	26.14	26.78	26.78	0.0	0.0	
721	B	7	5	123	124	64.64	66.23	2114.6	10.0	0.93796	26.44	27.09	27.09	0.3	0.3	
721	B	7	5	129	130	64.70	66.29	2117.0	10.0	0.95734	27.01	27.68	27.68	0.9	0.9	
721	B	7	5	135	136	64.76	66.35	2119.5	10.0	0.9519	26.85	27.51	27.51	0.7	0.7	
721	B	7	5	141	142	64.82	66.41	2121.2	10.0	0.9485	26.75	27.41	27.41	0.6	0.6	
721	B	7	5	147	148	64.88	66.48	2123.0	10.0	0.95904	27.06	27.73	27.73	0.9	0.9	
721	B	7	5	3	4	63.44	66.54	2124.5	10.0	0.9621	27.15	27.82	27.82	1.0	1.0	
721	B	7	5	9	10	63.50	66.59	2125.8	10.0	0.96686	27.29	27.97	27.97	1.2	1.2	
721	B	7	5	15	16	63.56	66.645	2127.2	10.0	0.97298	27.47	28.15	28.15	1.4	1.4	
721	B	7	5	21	22	63.62	66.71	2128.9	10.0	0.97604	27.56	28.24	28.24	1.4	1.4	
721	B	7	5	27	28	63.68	66.785	2130.8	10.0	0.97842	27.63	28.32	28.32	1.5	1.5	
722	B	8	1	33	34	63.24	66.79	2130.9	10.0	0.97434	27.51	28.19	28.19	1.4	1.4	
722	B	8	1	39	40	63.30	66.85	2132.4	10.0	0.97468	27.52	28.20	28.20	1.4	1.4	
722	B	8	1	45	46	63.36	66.91	2134.4	10.0	0.97502	27.53	28.21	28.21	1.4	1.4	
722	B	8	1	51	52	63.42	66.97	2136.4	10.0	0.97264	27.46	28.14	28.14	1.3	1.3	
722	B	8	1	57	58	63.48	67.03	2138.4	10.0	0.96788	27.32	28.00	28.00	1.2	1.2	
722	B	8	1	63	64	63.54	67.09	2140.5	10.0	0.95938	27.07	27.74	27.74	0.9	0.9	
722	B	8	1	69	70	63.60	67.15	2142.5	10.0	0.95428	26.92	27.58	27.58	0.8	0.8	
722	B	8	1	75	76	63.66	67.21	2144.5	10.0	0.95258	26.87	27.53	27.53	0.7	0.7	
722	B	8	1	81	82	63.72	67.27	2146.5	10.0	0.9485	26.75	27.41	27.41	0.6	0.6	
722	B	8	1	87	88	63.78	67.33	2148.3	10.0	0.91518	25.77	26.40	26.40	-0.4	-0.4	
722	B	8	1	93	94	63.84	67.39	2150.1	10.0	0.9196	25.90	26.53	26.53	-0.3	-0.3	
722	B	8	1	99	100	63.90	67.45	2151.9	10.0	0.90906	25.59	26.21	26.21	-0.6	-0.6	
722	B	8	1	105	106	63.96	67.51	2153.3	10.0	0.89512	25.18	25.79	25.79	-1.0	-1.0	
722	B	8	1	111	112	64.02	67.57	2154.7	10.0	0.89274	25.11	25.72	25.72	-1.1	-1.1	
722	B	8	1	117	118	64.08	67.63	2156.1	10.0	0.9026	25.40	26.02	26.02	-0.8	-0.8	
722	B	8	1	123	124	64.14	67.69	2157.5	10.0	0.90906	25.59	26.21	26.21	-0.6	-0.6	
722	B	8	1	129	130	64.20	67.75	2158.9	10.0	0.90702	25.53	26.15	26.15	-0.6	-0.6	
722	B	8	1	135	136	64.26	67.81	2160.3	10.0	0.9111	25.65	26.28	26.28	-0.5	-0.5	
722	B	8	1	141	142	64.32	67.87	2161.7	10.0	0.92606	26.09	26.73	26.73	-0.1	-0.1	
722	B	8	1	147	148	64.38	67.93	2163.1	10.0	0.9247	26.05	26.69	26.69	-0.1	-0.1	
722	B	8	2	3	4	64.44	67.99	2164.5	10.0	0.90872	25.58	26.20	26.20	-0.6	-0.6	
722	B	8	2	9	10	64.50	68.05	2165.9	10.0	0.91212	25.68	26.31	26.31	-0.5	-0.5	
722	B	8	2	15	16	64.56	68.11	2167.3	10.0	0.92062	25.93	26.56	26.56	-0.2	-0.2	
722	B	8	2	21	22	64.62	68.17	2168.5	10.0	0.94578	26.67	27.33	27.33	0.5	0.5	
722	B	8	2	27	28	64.68	68.23	2169.8	10.0	0.95224	26.86	27.52	27.52	0.7	0.7	
722	B	8	2	33	34	64.74	68.29	2171.1	10.0	0.9536	26.90	27.56	27.56	0.8	0.8	
722	B	8	2	39	40	64.80	68.35	2172.5	10.0	0.9519	26.85	27.51	27.51	0.7	0.7	
722	B	8	2	45	46	64.86	68.41	2173.8	10.0	0.95632	26.98	27.65	27.65	0.8	0.8	
722	B	8	2	51	52	64.92	68.47	2175.1	10.0	0.9587	27.05	27.72	27.72	0.9	0.9	
722	B	8	2	57	58	64.98	68.53	2176.5	10.0	0.96652	27.28	27.96	27.96	1.2	1.2	
722	B	8	2	63	64	65.04	68.59	2177.8	10.0	0.96618	27.27	27.94	27.94	1.1	1.1	
722	B	8	2	69	70	65.10	68.65	2179.1	10.0	0.9655	27.25	27.92	27.92	1.1	1.1	
722	B	8	2	75	76	65.16	68.71	2180.5	10.0	0.9672	27.30	27.98	27.98	1.2	1.2	
722	B	8	2	81	82	65.22	68.77	2182.0	10.0	0.96924	27.36	28.04	28.04	1.2	1.2	
722	B	8	2	87	88	65.28	68.83	2183.4	10.0	0.96992	27.38	28.06	28.06	1.3	1.3	
722	B	8	2	93	94	65.34	68.89	2184.8	10.0	0.97366	27.49	28.17	28.17	1.4	1.4	
722	B	8	2	99	100	65.40	68.95	2186.1	10.0	0.97536	27.54	28.22	28.22	1.4	1.4	
722	B	8	2	105	106	65.46	69.01	2187.4	10.0	0.97774	27.61	28.30	28.30	1.5	1.5	
722	B	8	2	111	112	65.52	69.07	2188.7	10.0	0.9825	27.75	28.44	28.44	1.6	1.6	
722	B	8	2	117	118	65.58	69.13	2190.0	10.0	0.98148	27.72	28.41	28.41	1.6	1.6	
722	B	8	2	123	124	65.64	69.19	2191.3	10.0	0.97536	27.54	28.22	28.22	1.4	1.4	
722	B	8	2	129	130	65.70	69.25	2192.6	10.0	0.96244	27.16	27.83	27.83	1.0	1.0	
722	B	8	2	135	136	65.76	69.31	2193.9	10.0	0.9638	27.20	27.87	27.87	1.1	1.1	
722	B	8	2	141	142	65.82	69.37	2195.2	10.0	0.95972	27.08	27.75	27.75	0.9	0.9	
722	B	8	2	147	148	65.88	69.43	2196.5	10.0	0.95836	27.04	27.71	27.71	0.9	0.9	
722	B	8	3	3	4	65.94	69.49	2197.9	10.0	0.95122	26.83	27.49	27.49	0.7	0.7	
722	B	8	3	9	10	66.00	69.55	2199.5	10.0	0.94952	26.78	27.44	27.44	0.6	0.6	
722	B	8	3	15	16	66.06	69.61	2201.1	10.0	0.95734	27.01	27.68	27.68	0.9	0.9	
722	B	8	3	21	22	66.12	69.67	2202.7	10.0	0.96686	27.29	27.97	27.97	1.2	1.2	
722	B	8	3	27	28	66.18	69.73	2204.5	10.0	0.97434	27.51	28.19	28.19	1.4	1.4	
722	B	8	3	33	34	66.24	69.79	2206.2	10.0	0.97502	27.53	28.21	28.21	1.4	1.4	
722	B	8	3	39	40	66.30	69.85	2208.0	10.0	0.96924	27.36	28.04	28.04	1.2	1.2	
722	B	8	3	45	46	66.36	69.91	2210.3	10.0	0.96516	27.24	27.91	27.91	1.1	1.1	
722	B	8	3	51	52	66.42	69.97	2212.7	10.0	0.96074	27.11	27.78	27.78	1.0	1.0	
722	B	8	3	57	58	66.48	70.03	2215.1	10.0	0.96754	27.31	27.99	27.99	1.2	1.2	
722	B	8	3	63	64	66.54	70.09	2217.5	10.0	0.96856	27.34	28.02	28.02	1.2	1.2	
722	B	8	3	69	70	66.60	70.15	2219.9	10.0	0.96856	27.34	28.02	28.02	1.2	1.2	
722	B	8	3	75	76	66.66	70.21	2222.3	10.0	0.9723	27.45	28.13	28.13	1.3	1.3	
722	B	8	3	81	82	66.72	70.27	2224.7	10.0	0.97128	27.42	28.10	28.10	1.3	1.3	
722	B	8	3	87	88	66.78	70.33	2227.1	10.0	0.974	27.50	28.18	28.18	1.4	1.4	
722	B	8	3	93	94	66.84	70.39	2229.5	10.0	0.96108	27.12	27.79	27.79	1.0	1.0	
722	B	8	3	99	100	66.90	70.45	2231.8	10.0	0.9706	27.40	28.08	28.08	1.3	1.3	
722	B	8	3	105	106	66.96	70.51	2233.9	10.0	0.95564	26.96	27.63	27.63	0.8	0.8	
722	B	8	3	111	112	67.02	70.57	2235.8	10.0	0.95836	27.04	27.71	27.71	0.9	0.9	
722	B	8	3	117	118	67.08	70.63	2237.8	10.0	0.95428	26.92	27.58	27.58	0.8	0.8	
722	B	8	3	123	124	67.14	70.69	2239.6	10.0	0.9485	26.75	27.41	27.41	0.6	0.6	
722	B	8	3	129	130	67.20	70.75	2241.3	10.0	0.94306	26.59	27.24	27.24	0.4	0.4	
722	B	8	3	135	136	67.26	70.81	2243.0	10.0	0.9417	26.55	27.20	27.20	0.4	0.4	
722	B	8	3	141	142	67.32	70.87	2244.6	10.0	0.94068	26.52	27.17	27.17	0.4	0.4	
722	B	8	3	147	148	67.38	70.93	2246.3	10.0	0.93932	26.48	27.13	27.13	0.3	0.3	
722	B	8	4	3	4	67.44	70.99	2248.0	10.0	0.94136	26.54	27.19	27.19	0.4	0.4	
722	B	8	4	9	10	67.50	71.05	2249.7	10.0	0.95258	26.87	27.53	27.53	0.7	0.7	
722	B	8	4	15	16	67.56	71.11	2251.3	10.0	0.96074	27.11	27.78	27.78	1.0	1.0	
722	B	8	4	21	22	67.62	71.17	2253.0	10.0	0.97128	27.42	28.10	28.10	1.3	1.3	
722	B	8	4	27	28	67.68	71.23	2254.7	10.0	0.974	27.50	28.18	28.18	1.4	1.4	
722	B	8	4	33	34	67.74	71.29	2256.6	10.0	0.9689	27.35	28.03	28.03	1.2	1.2	
722	B	8	4	39	40	67.80	71.35	2258.7	10.0	0.96958	27.37	28.05	28.05	1.2	1.2	
722	B	8	4	45	46	67.86	71.41	2260.8	10.0	0.96788	27.32	28.00	28.00	1.2	1.2	
722	B	8	4	51	52	67.92	71.47	2262.9	10.0	0.9638	27.20	27.87	27.87	1.1	1.1	
722	B	8	4	57	58	67.98	71.53	2265.0	10.0	0.96618	27.27	27.94	27.94	1.1	1.1	
722	B	8	4	63	64	68.04	71.59	2267.1	10.0	0.96414	27.21	27.88	27.88	1.1	1.1	
722	B	8	4	69	70	68.10	71.65	2269.2	10.0	0.96652	27.28	27.96	27.96	1.2	1.2	
722	B	8	4	75	76	68.16	71.71	2271.2	10.0	0.9672	27.30	27.98	27.98	1.2	1.2	
722	B	8	4	81	82	68.22	71.77	2273.3	10.0	0.96346	27.19	27.86	27.86	1.1	1.1	
722	B	8	4	87	88	68.28	71.83	2275.4	10.0	0.96108	27.12	27.79	27.79	1.0	1.0	
722	B	8	4	93	94	68.34	71.89	2277.5	10.0	0.96006	27.09	27.76	27.76	1.0	1.0	
722	B	8	4	99	100	68.40	71.95	2279.6	10.0	0.95156	26.84	27.50	27.50	0.7	0.7	
722	B	8	4	105	106	68.46	72.01	2281.7	10.0	0.95122	26.83	27.49	27.49	0.7	0.7	
722	B	8	4	111	112	68.52	72.07	2283.8	10.0	0.94986	26.79	27.45	27.45	0.7	0.7	
722	B	8	4	117	118	68.58	72.13	2286.2	10.0	0.94986	26.79	27.45	27.45	0.7	0.7	
722	B	8	4	123	124	68.64	72.19	2288.5	10.0	0.94578	26.67	27.33	27.33	0.5	0.5	
722	B	8	4	129	130	68.70	72.25	2290.8	10.0	0.94646	26.69	27.35	27.35	0.5	0.5	
722	B	8	4	135	136	68.76	72.31	2293.3	10.0	0.94646	26.69	27.35	27.35	0.5	0.5	
722	B	8	4	141	142	68.82	72.37	2295.8	10.0	0.95768	27.02	27.69	27.69	0.9	0.9	
722	B	8	4	147	148	68.88	72.43	2298.3	10.0	0.96278	27.17	27.84	27.84	1.0	1.0	
722	B	8	5	3	4	68.94	72.49	2300.8	10.0	0.97162	27.43	28.11	28.11	1.3	1.3	
722	B	8	5	9	10	69.00	72.55	2303.3	10.0	0.97876	27.64	28.33	28.33	1.5	1.5	
722	B	8	5	15	16	69.06	72.61	2305.8	10.0	0.97434	27.51	28.19	28.19	1.4	1.4	
722	B	8	5	21	22	69.12	72.67	2308.2	10.0	0.96414	27.21	27.88	27.88	1.1	1.1	
722	B	8	5	27	28	69.18	72.73	2309.9	10.0	0.9519	26.85	27.51	27.51	0.7	0.7	
722	B	8	5	33	34	69.24	72.79	2311.7	10.0	0.9485	26.75	27.41	27.41	0.6	0.6	
722	B	8	5	39	40	69.30	72.85	2313.4	10.0	0.9468	26.70	27.36	27.36	0.6	0.6	
722	B	8	5	45	46	69.36	72.91	2315.1	10.0	0.94952	26.78	27.44	27.44	0.6	0.6	
722	B	8	5	51	52	69.42	72.97	2316.7	10.0	0.9553	26.95	27.62	27.62	0.8	0.8	
722	B	8	5	57	58	69.48	73.03	2318.3	10.0	0.96312	27.18	27.85	27.85	1.1	1.1	
722	B	8	5	63	64	69.54	73.09	2319.9	10.0	0.96788	27.32	28.00	28.00	1.2	1.2	
722	B	8	5	69	70	69.60	73.15	2321.5	10.0	0.9706	27.40	28.08	28.08	1.3	1.3	
722	B	8	5	75	76	69.66	73.21	2323.1	10.0	0.97944	27.66	28.35	28.35	1.5	1.5	
722	B	8	5	81	82	69.72	73.27	2324.7	10.0	0.96618	27.27	27.94	27.94	1.1	1.1	
722	B	8	5	87	88	69.78	73.33	2326.5	10.0	0.95836	27.04	27.71	27.71	0.9	0.9	
722	B	8	5	93	94	69.84	73.39	2328.3	10.0	0.95904	27.06	27.73	27.73	0.9	0.9	
722	B	8	5	99	100	69.90	73.45	2330.1	10.0	0.95462	26.93	27.59	27.59	0.8	0.8	
722	B	8	5	105	106	69.96	73.51	2332.4	10.0	0.9587	27.05	27.72	27.72	0.9	0.9	
722	B	8	5	111	112	70.02	73.57	2334.7	10.0	0.96346	27.19	27.86	27.86	1.1	1.1	
722	B	8	5	117	118	70.08	73.63	2337.1	10.0	0.96652	27.28	27.96	27.96	1.2	1.2	
722	B	8	5	123	124	70.14	73.69	2339.7	10.0	0.98148	27.72	28.41	28.41	1.6	1.6	
722	B	8	5	129	130	70.20	73.75	2342.4	10.0	0.98726	27.89	28.58	28.58	1.8	1.8	
722	B	8	5	135	136	70.26	73.81	2345.2	10.0	0.98522	27.83	28.52	28.52	1.7	1.7	
722	B	8	5	141	142	70.32	73.87	2347.9	10.0	0.97706	27.59	28.27	28.27	1.5	1.5	
722	B	8	5	147	148	70.38	73.93	2350.7	10.0	0.97502	27.53	28.21	28.21	1.4	1.4	
722	B	8	6	3	4	70.44	73.99	2353.5	10.0	0.96074	27.11	27.78	27.78	1.0	1.0	
722	B	8	6	9	10	70.50	74.05	2356.2	10.0	0.95836	27.04	27.71	27.71	0.9	0.9	
722	B	8	6	15	16	70.56	74.11	2359.0	10.0	0.9604	27.10	27.77	27.77	1.0	1.0	
722	B	8	6	21	22	70.62	74.17	2361.7	10.0	0.95734	27.01	27.68	27.68	0.9	0.9	
722	B	8	6	27	28	70.68	74.23	2364.5	10.0	0.96448	27.22	27.89	27.89	1.1	1.1	
722	B	8	6	33	34	70.74	74.29	2367.1	10.0	0.96992	27.38	28.06	28.06	1.3	1.3	
722	B	8	6	39	40	70.80	74.35	2369.6	10.0	0.96278	27.17	27.84	27.84	1.0	1.0	
722	B	8	6	45	46	70.86	74.41	2372.2	10.0	0.97196	27.44	28.12	28.12	1.3	1.3	
722	B	8	6	51	52	70.92	74.47	2374.6	10.0	0.97502	27.53	28.21	28.21	1.4	1.4	
722	B	8	6	57	58	70.98	74.53	2376.9	10.0	0.97366	27.49	28.17	28.17	1.4	1.4	
722	B	8	6	63	64	71.04	74.59	2379.2	10.0	0.97332	27.48	28.16	28.16	1.4	1.4	
722	B	8	6	135	136	71.76	74.65	2381.5	10.0	0.97196	27.44	28.12	28.12	1.3	1.3	
722	B	8	6	142	143	71.83	74.71	2383.5	10.0	0.97876	27.64	28.33	28.33	1.5	1.5	
722	B	8	6	147	148	71.88	74.77	2385.5	10.0	0.97944	27.66	28.35	28.35	1.5	1.5	
722	B	8	6	4	5	70.45	74.83	2387.5	10.0	0.98012	27.68	28.37	28.37	1.6	1.6	
722	B	8	6	9	10	70.50	74.89	2389.2	10.0	0.97706	27.59	28.27	28.27	1.5	1.5	
722	B	8	6	15	16	70.56	74.95	2390.8	10.0	0.97264	27.46	28.14	28.14	1.3	1.3	
722	B	8	6	21	22	70.62	75.01	2392.4	10.0	0.97196	27.44	28.12	28.12	1.3	1.3	
722	B	8	6	28	29	70.69	75.07	2393.9	10.0	0.96992	27.38	28.06	28.06	1.3	1.3	
722	B	8	6	33	34	70.74	75.13	2395.5	10.0	0.96788	27.32	28.00	28.00	1.2	1.2	
722	B	8	6	39	40	70.80	75.19	2397.0	10.0	0.9672	27.30	27.98	27.98	1.2	1.2	
722	B	8	6	45	46	70.86	75.25	2398.5	10.0	0.96584	27.26	27.93	27.93	1.1	1.1	
722	B	8	6	52	53	70.93	75.31	2399.9	10.0	0.96346	27.19	27.86	27.86	1.1	1.1	
722	B	8	6	57	58	70.98	75.37	2401.4	10.0	0.96584	27.26	27.93	27.93	1.1	1.1	
722	B	8	6	63	64	71.04	75.43	2402.8	10.0	0.96822	27.33	28.01	28.01	1.2	1.2	
722	B	8	7	69	70	72.60	75.49	2404.2	10.0	0.96924	27.36	28.04	28.04	1.2	1.2	
722	B	8	7	75	76	72.66	75.55	2405.6	10.0	0.9723	27.45	28.13	28.13	1.3	1.3	
722	B	8	7	82	83	72.73	75.61	2407.0	10.0	0.97434	27.51	28.19	28.19	1.4	1.4	
722	B	8	7	87	88	72.78	75.67	2408.5	10.0	0.97434	27.51	28.19	28.19	1.4	1.4	
722	B	8	7	93	94	72.84	75.73	2409.9	10.0	0.96822	27.33	28.01	28.01	1.2	1.2	
722	B	8	7	57	58	72.48	75.79	2411.3	10.0	0.96788	27.32	28.00	28.00	1.2	1.2	
722	B	8	7	63	64	72.54	75.85	2412.7	10.0	0.97026	27.39	28.07	28.07	1.3	1.3	
722	B	8	7	69	70	72.60	75.91	2414.2	10.0	0.9655	27.25	27.92	27.92	1.1	1.1	
722	B	8	7	75	76	72.66	75.97	2415.6	10.0	0.97264	27.46	28.14	28.14	1.3	1.3	
722	B	8	7	82	83	72.73	76.03	2417.0	10.0	0.97094	27.41	28.09	28.09	1.3	1.3	
722	B	8	7	87	88	72.78	76.09	2418.4	10.0	0.9706	27.40	28.08	28.08	1.3	1.3	
721	B	8	4	93	94	72.34	76.16	2420.1	10.0	0.96788	27.32	28.00	28.00	1.2	1.2	
721	B	8	4	99	100	72.40	76.23	2421.8	10.0	0.96992	27.38	28.06	28.06	1.3	1.3	
721	B	8	4	106	107	72.47	76.28	2422.9	10.0	0.96958	27.37	28.05	28.05	1.2	1.2	
721	B	8	5	112	113	74.03	76.35	2424.6	10.0	0.9706	27.40	28.08	28.08	1.3	1.3	
721	B	8	5	117	118	74.08	76.4	2425.8	10.0	0.96992	27.38	28.06	28.06	1.3	1.3	
721	B	8	5	123	124	74.14	76.46	2427.2	10.0	0.96992	27.38	28.06	28.06	1.3	1.3	
721	B	8	5	129	130	74.20	76.52	2428.6	10.0	0.96652	27.28	27.96	27.96	1.2	1.2	
721	B	8	5	135	136	74.26	76.59	2430.3	10.0	0.96414	27.21	27.88	27.88	1.1	1.1	
721	B	8	5	141	142	74.32	76.64	2431.5	10.0	0.95904	27.06	27.73	27.73	0.9	0.9	
721	B	8	5	147	148	74.38	76.7	2432.9	10.0	0.95564	26.96	27.63	27.63	0.8	0.8	
721	B	8	5	3	4	72.94	76.76	2434.3	10.0	0.9553	26.95	27.62	27.62	0.8	0.8	
721	B	8	5	9	10	73.00	76.83	2436.0	10.0	0.94272	26.58	27.23	27.23	0.4	0.4	
721	B	8	5	15	16	73.06	76.88	2437.2	10.0	0.93252	26.28	26.92	26.92	0.1	0.1	
721	B	8	5	22	23	73.13	76.94	2438.6	10.0	0.92436	26.04	26.68	26.68	-0.1	-0.1	
721	B	8	5	27	28	73.18	77	2440.0	10.0	0.92912	26.18	26.82	26.82	0.0	0.0	
721	B	8	5	33	34	73.24	77.06	2441.4	10.0	0.9281	26.15	26.79	26.79	0.0	0.0	
721	B	8	5	38.5	39.5	73.30	77.13	2443.1	10.0	0.9366	26.40	27.05	27.05	0.2	0.2	
721	B	8	5	45	46	73.36	77.18	2444.3	10.0	0.94476	26.64	27.30	27.30	0.5	0.5	
721	B	8	5	52	53	73.43	77.24	2445.7	10.0	0.94578	26.67	27.33	27.33	0.5	0.5	
722	B	9	1	57	58	73.08	77.33	2447.8	10.0	0.94884	26.76	27.42	27.42	0.6	0.6	
722	B	9	1	63	64	73.14	77.39	2449.3	10.0	0.9383	26.45	27.10	27.10	0.3	0.3	
722	B	9	1	69	70	73.20	77.45	2450.7	10.0	0.94544	26.66	27.32	27.32	0.5	0.5	
722	B	9	1	75	76	73.26	77.51	2452.1	10.0	0.94952	26.78	27.44	27.44	0.6	0.6	
722	B	9	1	82	83	73.33	77.58	2453.8	10.0	0.95938	27.07	27.74	27.74	0.9	0.9	
722	B	9	1	87	88	73.38	77.63	2454.9	10.0	0.95836	27.04	27.71	27.71	0.9	0.9	
722	B	9	1	93	94	73.44	77.69	2456.4	10.0	0.95224	26.86	27.52	27.52	0.7	0.7	
722	B	9	1	99	100	73.50	77.75	2457.8	10.0	0.95836	27.04	27.71	27.71	0.9	0.9	
722	B	9	1	105	106	73.56	77.82	2459.5	10.0	0.96176	27.14	27.81	27.81	1.0	1.0	
722	B	9	1	112	113	73.63	77.88	2460.9	10.0	0.96788	27.32	28.00	28.00	1.2	1.2	
722	B	9	1	117	118	73.68	77.93	2462.1	10.0	0.9706	27.40	28.08	28.08	1.3	1.3	
722	B	9	1	123	124	73.74	77.99	2463.6	10.0	0.96856	27.34	28.02	28.02	1.2	1.2	
722	B	9	1	128.5	129.	73.80	78.05	2465.2	10.0	0.96788	27.32	28.00	28.00	1.2	1.2	
722	B	9	1	135	136	73.86	78.11	2466.8	10.0	0.96516	27.24	27.91	27.91	1.1	1.1	
722	B	9	1	142	143	73.93	78.17	2468.4	10.0	0.97264	27.46	28.14	28.14	1.3	1.3	
722	B	9	1	147	148	73.98	78.23	2470.0	10.0	0.97366	27.49	28.17	28.17	1.4	1.4	
722	B	9	2	3	4	74.04	78.29	2471.6	10.0	0.97706	27.59	28.27	28.27	1.5	1.5	
722	B	9	2	9	10	74.10	78.35	2473.2	10.0	0.97502	27.53	28.21	28.21	1.4	1.4	
722	B	9	2	15	16	74.16	78.41	2474.8	10.0	0.97196	27.44	28.12	28.12	1.3	1.3	
722	B	9	2	22	23	74.23	78.48	2476.6	10.0	0.96958	27.37	28.05	28.05	1.2	1.2	
722	B	9	2	28	29	74.29	78.53	2478.0	10.0	0.97196	27.44	28.12	28.12	1.3	1.3	
722	B	9	2	33	34	74.34	78.59	2479.6	10.0	0.97502	27.53	28.21	28.21	1.4	1.4	
722	B	9	2	38	39	74.39	78.65	2481.2	10.0	0.9774	27.60	28.28	28.28	1.5	1.5	
722	B	9	2	46	47	74.47	78.71	2482.7	10.0	0.96482	27.23	27.90	27.90	1.1	1.1	
722	B	9	2	52	53	74.53	78.76	2484.1	10.0	0.95598	26.97	27.64	27.64	0.8	0.8	
722	B	9	2	57	58	74.58	78.83	2485.9	10.0	0.95666	26.99	27.66	27.66	0.9	0.9	
722	B	9	2	63	64	74.64	78.89	2487.5	10.0	0.95122	26.83	27.49	27.49	0.7	0.7	
722	B	9	2	70	71	74.71	78.95	2489.1	10.0	0.95258	26.87	27.53	27.53	0.7	0.7	
722	B	9	2	76	77	74.77	79.01	2490.7	10.0	0.95156	26.84	27.50	27.50	0.7	0.7	
722	B	9	2	81	82	74.82	79.08	2492.6	10.0	0.94816	26.74	27.40	27.40	0.6	0.6	
722	B	9	2	87	88	74.88	79.13	2493.9	10.0	0.95326	26.89	27.55	27.55	0.8	0.8	
722	B	9	2	93	94	74.94	79.19	2495.5	10.0	0.96822	27.33	28.01	28.01	1.2	1.2	
722	B	9	2	100	101	75.01	79.25	2497.1	10.0	0.97502	27.53	28.21	28.21	1.4	1.4	
722	B	9	2	106	107	75.07	79.31	2498.7	10.0	0.98012	27.68	28.37	28.37	1.6	1.6	
722	B	9	2	112	113	75.13	79.38	2500.7	10.0	0.98216	27.74	28.43	28.43	1.6	1.6	
722	B	9	2	118	119	75.19	79.43	2502.3	10.0	0.97672	27.58	28.26	28.26	1.5	1.5	
722	B	9	2	123	124	75.24	79.49	2504.2	10.0	0.97196	27.44	28.12	28.12	1.3	1.3	
722	B	9	2	130	131	75.31	79.545	2506.0	10.0	0.96618	27.27	27.94	27.94	1.1	1.1	
722	B	9	2	135	136	75.36	79.61	2508.1	10.0	0.95802	27.03	27.70	27.70	0.9	0.9	
722	B	9	2	141	142	75.42	79.68	2510.4	10.0	0.95292	26.88	27.54	27.54	0.7	0.7	
722	B	9	2	147	148	75.48	79.73	2512.0	10.0	0.96346	27.19	27.86	27.86	1.1	1.1	
722	B	9	3	3	4	75.54	79.79	2514.0	10.0	0.96312	27.18	27.85	27.85	1.1	1.1	
722	B	9	3	8.5	9.5	75.60	79.85	2515.9	10.0	0.94714	26.71	27.37	27.37	0.6	0.6	
722	B	9	3	16	17	75.67	79.91	2517.9	10.0	0.90906	25.59	26.21	26.21	-0.6	-0.6	
722	B	9	3	22	23	75.73	79.98	2520.0	10.0	0.9043	25.45	26.07	26.07	-0.7	-0.7	
722	B	9	3	28	29	75.79	80.04	2521.7	10.0	0.89512	25.18	25.79	25.79	-1.0	-1.0	
722	B	9	3	33	34	75.84	80.09	2523.1	10.0	0.87506	24.59	25.18	25.18	-1.6	-1.6	
722	B	9	3	38.5	39.5	75.90	80.14	2524.5	10.0	0.86758	24.37	24.96	24.96	-1.8	-1.8	
722	B	9	3	45	46	75.96	80.22	2526.7	10.0	0.87472	24.58	25.17	25.17	-1.6	-1.6	
722	B	9	3	52	53	76.03	80.28	2528.4	10.0	0.89274	25.11	25.72	25.72	-1.1	-1.1	
722	B	9	3	57	58	76.08	80.33	2529.8	10.0	0.8992	25.30	25.92	25.92	-0.9	-0.9	
722	B	9	3	63	64	76.14	80.39	2531.5	10.0	0.90872	25.58	26.20	26.20	-0.6	-0.6	
722	B	9	3	69	70	76.20	80.46	2533.4	10.0	0.93456	26.34	26.99	26.99	0.2	0.2	
722	B	9	3	76	77	76.27	80.52	2535.1	10.0	0.94034	26.51	27.16	27.16	0.4	0.4	
722	B	9	3	82	83	76.33	80.57	2536.5	10.0	0.92572	26.08	26.72	26.72	-0.1	-0.1	
722	B	9	3	87	88	76.38	80.63	2538.2	10.0	0.93252	26.28	26.92	26.92	0.1	0.1	
722	B	9	3	92.5	93.5	76.44	80.69	2539.9	10.0	0.94068	26.52	27.17	27.17	0.4	0.4	
722	B	9	3	100	101	76.51	80.76	2541.8	10.0	0.94578	26.67	27.33	27.33	0.5	0.5	
722	B	9	3	105	106	76.56	80.82	2543.5	10.0	0.96516	27.24	27.91	27.91	1.1	1.1	
722	B	9	3	112	113	76.63	80.88	2545.2	10.0	0.97842	27.63	28.32	28.32	1.5	1.5	
722	B	9	3	117	118	76.68	80.94	2546.8	10.0	0.98284	27.76	28.45	28.45	1.6	1.6	
722	B	9	3	123	124	76.74	80.99	2548.6	10.0	0.98522	27.83	28.52	28.52	1.7	1.7	
722	B	9	3	130	131	76.81	81.06	2551.3	10.0	0.97502	27.53	28.21	28.21	1.4	1.4	
722	B	9	3	136	137	76.87	81.11	2553.2	10.0	0.9689	27.35	28.03	28.03	1.2	1.2	
722	B	9	3	142	143	76.93	81.17	2555.6	10.0	0.95938	27.07	27.74	27.74	0.9	0.9	
722	B	9	3	147	148	76.98	81.23	2557.9	10.0	0.96312	27.18	27.85	27.85	1.1	1.1	
722	B	9	4	3	4	77.04	81.29	2560.2	10.0	0.95938	27.07	27.74	27.74	0.9	0.9	
722	B	9	4	9	10	77.10	81.345	2562.4	10.0	0.95972	27.08	27.75	27.75	0.9	0.9	
722	B	9	4	15	16	77.16	81.42	2565.3	10.0	0.9655	27.25	27.92	27.92	1.1	1.1	
722	B	9	4	22	23	77.23	81.48	2567.6	10.0	0.9757	27.55	28.23	28.23	1.4	1.4	
722	B	9	4	27	28	77.28	81.54	2569.9	10.0	0.97876	27.64	28.33	28.33	1.5	1.5	
722	B	9	4	33	34	77.34	81.59	2571.9	10.0	0.97706	27.59	28.27	28.27	1.5	1.5	
722	B	9	4	38.5	39.5	77.40	81.645	2574.0	10.0	0.9723	27.45	28.13	28.13	1.3	1.3	
722	B	9	4	46	47	77.47	81.71	2576.5	10.0	0.97502	27.53	28.21	28.21	1.4	1.4	
722	B	9	4	52	53	77.53	81.78	2579.3	10.0	0.97366	27.49	28.17	28.17	1.4	1.4	
722	B	9	4	57	58	77.58	81.83	2581.2	10.0	0.97536	27.54	28.22	28.22	1.4	1.4	
722	B	9	4	63	64	77.64	81.89	2583.5	10.0	0.97808	27.62	28.31	28.31	1.5	1.5	
722	B	9	4	70	71	77.71	81.95	2585.9	10.0	0.98454	27.81	28.50	28.50	1.7	1.7	
722	B	9	4	74.5	75.5	77.76	82.02	2588.6	10.0	0.98318	27.77	28.46	28.46	1.7	1.7	
722	B	9	4	81	82	77.82	82.08	2590.9	10.0	0.97536	27.54	28.22	28.22	1.4	1.4	
722	B	9	4	87	88	77.88	82.13	2592.9	10.0	0.96924	27.36	28.04	28.04	1.2	1.2	
722	B	9	4	93	94	77.94	82.185	2595.0	10.0	0.9638	27.20	27.87	27.87	1.1	1.1	
722	B	9	4	98.5	99.5	78.00	82.26	2597.9	10.0	0.95938	27.07	27.74	27.74	0.9	0.9	
722	B	9	4	106	107	78.07	82.31	2599.8	10.0	0.95122	26.83	27.49	27.49	0.7	0.7	
722	B	9	4	112	113	78.13	82.38	2604.2	10.0	0.93932	26.48	27.13	27.13	0.3	0.3	
722	B	9	4	117	118	78.18	82.43	2608.9	10.0	0.93592	26.38	27.03	27.03	0.2	0.2	
722	B	9	4	123	124	78.24	82.49	2614.5	10.0	0.93762	26.43	27.08	27.08	0.3	0.3	
722	B	9	4	128.5	129.	78.30	82.56	2621.0	10.0	0.95394	26.91	27.57	27.57	0.8	0.8	
722	B	9	4	135	136	78.36	82.62	2623.6	10.0	0.95122	26.83	27.49	27.49	0.7	0.7	
722	B	9	4	142	143	78.43	82.68	2626.2	10.0	0.95054	26.81	27.47	27.47	0.7	0.7	
722	B	9	4	146	147	78.47	82.73	2628.4	10.0	0.9383	26.45	27.10	27.10	0.3	0.3	
722	B	9	5	3	4	78.54	82.79	2630.6	10.0	0.92844	26.16	26.80	26.80	0.0	0.0	
722	B	9	5	9	10	78.60	82.85	2632.3	10.0	0.94714	26.71	27.37	27.37	0.6	0.6	
722	B	9	5	16	17	78.67	82.91	2634.1	10.0	0.95224	26.86	27.52	27.52	0.7	0.7	
722	B	9	5	22	23	78.73	82.98	2635.9	10.0	0.95496	26.94	27.60	27.60	0.8	0.8	
722	B	9	5	27	28	78.78	83.03	2636.8	10.0	0.95428	26.92	27.58	27.58	0.8	0.8	
722	B	9	5	33	34	78.84	83.09	2637.9	10.0	0.95564	26.96	27.63	27.63	0.8	0.8	
722	B	9	5	38.5	39.5	78.90	83.145	2639.0	10.0	0.95666	26.99	27.66	27.66	0.9	0.9	
722	B	9	5	45	46	78.96	83.22	2640.4	10.0	0.96244	27.16	27.83	27.83	1.0	1.0	
722	B	9	5	52	53	79.03	83.28	2641.5	10.0	0.9638	27.20	27.87	27.87	1.1	1.1	
722	B	9	5	57	58	79.08	83.33	2642.4	10.0	0.9621	27.15	27.82	27.82	1.0	1.0	
722	B	9	5	63	64	79.14	83.39	2643.5	10.0	0.9519	26.85	27.51	27.51	0.7	0.7	
722	B	9	5	69	70	79.20	83.46	2644.8	10.0	0.94408	26.62	27.28	27.28	0.5	0.5	
722	B	9	5	75	76	79.26	83.505	2646.4	10.0	0.94544	26.66	27.32	27.32	0.5	0.5	
722	B	9	5	81	82	79.32	83.57	2649.5	10.0	0.9536	26.90	27.56	27.56	0.8	0.8	
722	B	9	5	88	89	79.39	83.63	2652.4	10.0	0.96142	27.13	27.80	27.80	1.0	1.0	
722	B	9	5	93	94	79.44	83.69	2655.3	10.0	0.9672	27.30	27.98	27.98	1.2	1.2	
722	B	9	5	100	101	79.51	83.745	2658.0	10.0	0.97196	27.44	28.12	28.12	1.3	1.3	
722	B	9	5	105	106	79.56	83.82	2661.6	10.0	0.97978	27.67	28.36	28.36	1.6	1.6	
722	B	9	5	112	113	79.63	83.88	2664.5	10.0	0.97196	27.44	28.12	28.12	1.3	1.3	
722	B	9	5	117	118	79.68	83.93	2666.9	10.0	0.9621	27.15	27.82	27.82	1.0	1.0	
722	B	9	5	123	124	79.74	83.99	2669.8	10.0	0.95496	26.94	27.60	27.60	0.8	0.8	
722	B	9	5	130	131	79.81	84.045	2672.5	10.0	0.95938	27.07	27.74	27.74	0.9	0.9	
722	B	9	5	136	137	79.87	84.11	2675.6	10.0	0.96856	27.34	28.02	28.02	1.2	1.2	
722	B	9	5	142	143	79.93	84.18	2679.0	10.0	0.97502	27.53	28.21	28.21	1.4	1.4	
722	B	9	5	147	148	79.98	84.24	2681.9	10.0	0.97774	27.61	28.30	28.30	1.5	1.5	
722	B	9	6	3	4	80.04	84.29	2684.3	10.0	0.97128	27.42	28.10	28.10	1.3	1.3	
722	B	9	6	8.5	9.5	80.10	84.35	2687.2	10.0	0.96142	27.13	27.80	27.80	1.0	1.0	
722	B	9	6	15	16	80.16	84.42	2689.1	10.0	0.95802	27.03	27.70	27.70	0.9	0.9	
722	B	9	6	22	23	80.23	84.48	2690.6	10.0	0.9485	26.75	27.41	27.41	0.6	0.6	
722	B	9	6	27	28	80.28	84.53	2691.8	10.0	0.94884	26.76	27.42	27.42	0.6	0.6	
722	B	9	6	33	34	80.34	84.59	2693.2	10.0	0.95938	27.07	27.74	27.74	0.9	0.9	
722	B	9	6	40	41	80.41	84.645	2694.5	10.0	0.9638	27.20	27.87	27.87	1.1	1.1	
722	B	9	6	46	47	80.47	84.71	2696.0	10.0	0.97502	27.53	28.21	28.21	1.4	1.4	
722	B	9	6	57	58	80.58	84.78	2697.7	10.0	0.97434	27.51	28.19	28.19	1.4	1.4	
722	B	9	6	63	64	80.64	84.83	2698.9	10.0	0.9706	27.40	28.08	28.08	1.3	1.3	
722	B	9	6	68.5	69.5	80.70	84.89	2700.3	10.0	0.97026	27.39	28.07	28.07	1.3	1.3	
722	B	9	6	75	76	80.76	84.95	2701.8	10.0	0.95904	27.06	27.73	27.73	0.9	0.9	
722	B	9	6	82	83	80.83	85.01	2703.2	10.0	0.94714	26.71	27.37	27.37	0.6	0.6	
722	B	9	6	86	87	80.87	85.07	2704.6	10.0	0.94986	26.79	27.45	27.45	0.7	0.7	
722	B	9	6	93	94	80.94	85.14	2706.3	10.0	0.93116	26.24	26.88	26.88	0.1	0.1	
722	B	9	6	98	99	80.99	85.19	2707.5	10.0	0.91756	25.84	26.47	26.47	-0.3	-0.3	
722	B	9	6	106	107	81.07	85.26	2710.5	10.0	0.92232	25.98	26.62	26.62	-0.2	-0.2	
722	B	9	6	112	113	81.13	85.31	2712.7	10.0	0.923	26.00	26.64	26.64	-0.2	-0.2	
722	B	9	6	117	118	81.18	85.38	2715.7	10.0	0.93252	26.28	26.92	26.92	0.1	0.1	
722	B	9	6	123	124	81.24	85.43	2717.8	10.0	0.93966	26.49	27.14	27.14	0.3	0.3	
722	B	9	6	130	131	81.31	85.49	2720.4	10.0	0.94714	26.71	27.37	27.37	0.6	0.6	
722	B	9	6	135	136	81.36	85.56	2723.5	10.0	0.9553	26.95	27.62	27.62	0.8	0.8	
722	B	9	6	141	142	81.42	85.62	2726.0	10.0	0.95802	27.03	27.70	27.70	0.9	0.9	
722	B	9	6	147	148	81.48	85.68	2728.6	10.0	0.97026	27.39	28.07	28.07	1.3	1.3	
722	B	9	6	3	4	80.04	85.73	2730.8	10.0	0.97026	27.39	28.07	28.07	1.3	1.3	
722	B	9	7	9	10	81.60	85.79	2733.4	10.0	0.9689	27.35	28.03	28.03	1.2	1.2	
722	B	9	7	15	16	81.66	85.845	2735.7	10.0	0.96856	27.34	28.02	28.02	1.2	1.2	
722	B	9	7	21	22	81.72	85.91	2738.5	10.0	0.96822	27.33	28.01	28.01	1.2	1.2	
722	B	9	7	26	27	81.77	85.98	2741.6	10.0	0.97094	27.41	28.09	28.09	1.3	1.3	
722	B	9	7	33	34	81.84	86.03	2743.7	10.0	0.96992	27.38	28.06	28.06	1.3	1.3	
722	B	9	7	39	40	81.90	86.09	2746.3	10.0	0.97536	27.54	28.22	28.22	1.4	1.4	
722	B	9	7	45	46	81.96	86.16	2749.3	10.0	0.98012	27.68	28.37	28.37	1.6	1.6	
722	B	9	7	52	53	82.03	86.22	2751.9	10.0	0.9842	27.80	28.49	28.49	1.7	1.7	
721	B	9	5	56.5	57.5	82.98	86.33	2756.7	10.0	0.98828	27.92	28.61	28.61	1.8	1.8	
721	B	9	5	62.5	63.5	83.04	86.39	2759.2	10.0	0.98658	27.87	28.56	28.56	1.8	1.8	
721	B	9	5	68.5	69.5	83.10	86.45	2761.8	10.0	0.98216	27.74	28.43	28.43	1.6	1.6	
721	B	9	5	75	76	83.16	86.51	2764.4	10.0	0.974	27.50	28.18	28.18	1.4	1.4	
721	B	9	5	46	47	82.87	86.58	2767.4	10.0	0.96516	27.24	27.91	27.91	1.1	1.1	
721	B	9	5	52	53	82.93	86.62	2769.2	10.0	0.96142	27.13	27.80	27.80	1.0	1.0	
721	B	9	5	57	58	82.98	86.69	2772.2	10.0	0.9604	27.10	27.77	27.77	1.0	1.0	
721	B	9	5	63	64	83.04	86.74	2774.2	10.0	0.95632	26.98	27.65	27.65	0.8	0.8	
721	B	9	5	69	70	83.10	86.82	2776.5	10.0	0.96822	27.33	28.01	28.01	1.2	1.2	
721	B	9	5	75	76	83.16	86.88	2778.2	10.0	0.96686	27.29	27.97	27.97	1.2	1.2	
721	B	9	5	82	83	83.23	86.93	2779.7	10.0	0.9723	27.45	28.13	28.13	1.3	1.3	
721	B	9	5	88	89	83.29	86.99	2781.4	10.0	0.97468	27.52	28.20	28.20	1.4	1.4	
721	B	9	5	93	94	83.34	87.06	2783.5	10.0	0.97332	27.48	28.16	28.16	1.4	1.4	
721	B	9	5	99	100	83.40	87.11	2784.9	10.0	0.97094	27.41	28.09	28.09	1.3	1.3	
721	B	9	5	106	107	83.47	87.17	2786.6	10.0	0.96856	27.34	28.02	28.02	1.2	1.2	
721	B	9	5	111	112	83.52	87.23	2788.4	10.0	0.96856	27.34	28.02	28.02	1.2	1.2	
721	B	9	6	117	118	85.08	87.29	2790.1	10.0	0.96482	27.23	27.90	27.90	1.1	1.1	
721	B	9	6	123	124	85.14	87.35	2791.9	10.0	0.96958	27.37	28.05	28.05	1.2	1.2	
721	B	9	6	129	130	85.20	87.41	2793.6	10.0	0.9706	27.40	28.08	28.08	1.3	1.3	
721	B	9	6	135	136	85.26	87.47	2795.3	10.0	0.97298	27.47	28.15	28.15	1.4	1.4	
721	B	9	6	141	142	85.32	87.52	2796.8	10.0	0.9723	27.45	28.13	28.13	1.3	1.3	
721	B	9	6	147	148	85.38	87.59	2798.8	10.0	0.97366	27.49	28.17	28.17	1.4	1.4	
721	B	9	6	3	4	83.94	87.65	2800.5	10.0	0.96992	27.38	28.06	28.06	1.3	1.3	
721	B	9	6	8.5	9.5	84.00	87.69	2801.7	10.0	0.96516	27.24	27.91	27.91	1.1	1.1	
721	B	9	6	16	17	84.07	87.76	2803.7	10.0	0.958350153	27.04	27.71	27.71	0.9	0.9	
721	B	9	6	21	22	84.12	87.83	2808.4	10.0	0.957286611	27.01	27.68	27.68	0.9	0.9	
721	B	9	6	27	28	84.18	87.88	2812.6	10.0	0.953675491	26.90	27.57	27.57	0.8	0.8	
721	B	9	6	34	35	84.25	87.94	2817.5	10.0	0.956762674	26.99	27.66	27.66	0.9	0.9	
721	B	9	6	38.5	39.5	84.30	88.01	2823.3	10.0	0.964857121	27.23	27.90	27.90	1.1	1.1	
722	B	10	1	45	46	83.16	88.07	2825.6	10.0	0.97128	27.42	28.10	28.10	1.3	1.3	
722	B	10	1	51	52	83.22	88.13	2827.9	10.0	0.97366	27.49	28.17	28.17	1.4	1.4	
722	B	10	1	57	58	83.28	88.18	2829.8	10.0	0.97434	27.51	28.19	28.19	1.4	1.4	
722	B	10	1	63	64	83.34	88.24	2832.0	10.0	0.9757	27.55	28.23	28.23	1.4	1.4	
722	B	10	1	70	71	83.41	88.3	2834.3	10.0	0.97808	27.62	28.31	28.31	1.5	1.5	
722	B	10	1	75	76	83.46	88.36	2836.6	10.0	0.97604	27.56	28.24	28.24	1.4	1.4	
722	B	10	1	81	82	83.52	88.43	2839.2	10.0	0.97706	27.59	28.27	28.27	1.5	1.5	
722	B	10	1	87	88	83.58	88.49	2841.5	10.0	0.96924	27.36	28.04	28.04	1.2	1.2	
722	B	10	1	93	94	83.64	88.54	2843.4	10.0	0.9621	27.15	27.82	27.82	1.0	1.0	
722	B	10	1	100	101	83.71	88.6	2845.7	10.0	0.95972	27.08	27.75	27.75	0.9	0.9	
722	B	10	1	105	106	83.76	88.67	2848.4	10.0	0.9604	27.10	27.77	27.77	1.0	1.0	
722	B	10	1	112	113	83.83	88.72	2850.3	10.0	0.96278	27.17	27.84	27.84	1.0	1.0	
722	B	10	1	117	118	83.88	88.78	2852.5	10.0	0.96856	27.34	28.02	28.02	1.2	1.2	
722	B	10	1	123	124	83.94	88.84	2854.8	10.0	0.97094	27.41	28.09	28.09	1.3	1.3	
722	B	10	1	129	130	84.00	88.9	2857.1	10.0	0.96958	27.37	28.05	28.05	1.2	1.2	
722	B	10	1	136	137	84.07	88.96	2859.4	10.0	0.96516	27.24	27.91	27.91	1.1	1.1	
722	B	10	1	142	143	84.13	89.02	2861.7	10.0	0.96414	27.21	27.88	27.88	1.1	1.1	
722	B	10	1	146.5	147.	84.18	89.08	2863.9	10.0	0.96584	27.26	27.93	27.93	1.1	1.1	
722	B	10	2	3	4	84.24	89.14	2866.2	10.0	0.96686	27.29	27.97	27.97	1.2	1.2	
722	B	10	2	9	10	84.30	89.2	2868.5	10.0	0.96686	27.29	27.97	27.97	1.2	1.2	
722	B	10	2	15	16	84.36	89.27	2871.1	10.0	0.9706	27.40	28.08	28.08	1.3	1.3	
722	B	10	2	22	23	84.43	89.32	2873.0	10.0	0.97128	27.42	28.10	28.10	1.3	1.3	
722	B	10	2	27	28	84.48	89.38	2875.3	10.0	0.96754	27.31	27.99	27.99	1.2	1.2	
722	B	10	2	33	34	84.54	89.45	2878.0	10.0	0.95496	26.94	27.60	27.60	0.8	0.8	
722	B	10	2	39	40	84.60	89.5	2879.9	10.0	0.94952	26.78	27.44	27.44	0.6	0.6	
722	B	10	2	45	46	84.66	89.56	2882.2	10.0	0.94782	26.73	27.39	27.39	0.6	0.6	
722	B	10	2	51	52	84.72	89.62	2884.4	10.0	0.9485	26.75	27.41	27.41	0.6	0.6	
722	B	10	2	57	58	84.78	89.68	2886.7	10.0	0.957	27.00	27.67	27.67	0.9	0.9	
722	B	10	2	63	64	84.84	89.74	2889.0	10.0	0.96312	27.18	27.85	27.85	1.1	1.1	
722	B	10	2	69	70	84.90	89.81	2891.7	10.0	0.97026	27.39	28.07	28.07	1.3	1.3	
722	B	10	2	75	76	84.96	89.86	2893.6	10.0	0.97672	27.58	28.26	28.26	1.5	1.5	
722	B	10	2	82.5	83.5	85.04	89.92	2895.8	10.0	0.97332	27.48	28.16	28.16	1.4	1.4	
722	B	10	2	88	89	85.09	89.98	2898.1	10.0	0.96992	27.38	28.06	28.06	1.3	1.3	
722	B	10	2	93	94	85.14	90.04	2900.4	10.0	0.95496	26.94	27.60	27.60	0.8	0.8	
722	B	10	2	98	99	85.19	90.11	2903.0	10.0	0.94612	26.68	27.34	27.34	0.5	0.5	
722	B	10	2	106	107	85.27	90.16	2904.9	10.0	0.9451	26.65	27.31	27.31	0.5	0.5	
722	B	10	2	112	113	85.33	90.23	2907.6	10.0	0.94476	26.64	27.30	27.30	0.5	0.5	
722	B	10	2	117	118	85.38	90.28	2909.5	10.0	0.94782	26.73	27.39	27.39	0.6	0.6	
722	B	10	2	123	124	85.44	90.34	2911.8	10.0	0.95088	26.82	27.48	27.48	0.7	0.7	
722	B	10	2	128.5	129.	85.50	90.4	2914.1	10.0	0.95904	27.06	27.73	27.73	0.9	0.9	
722	B	10	2	135	136	85.56	90.47	2916.7	10.0	0.95156	26.84	27.50	27.50	0.7	0.7	
722	B	10	2	142	143	85.63	90.53	2919.0	10.0	0.95122	26.83	27.49	27.49	0.7	0.7	
722	B	10	2	146.5	147.	85.68	90.58	2920.9	10.0	0.9502	26.80	27.46	27.46	0.7	0.7	
722	B	10	3	3	4	85.74	90.64	2923.2	10.0	0.94306	26.59	27.24	27.24	0.4	0.4	
722	B	10	3	9	10	85.80	90.7	2925.5	10.0	0.94068	26.52	27.17	27.17	0.4	0.4	
722	B	10	3	15	16	85.86	90.76	2927.7	10.0	0.93252	26.28	26.92	26.92	0.1	0.1	
722	B	10	3	21	22	85.92	90.83	2930.4	10.0	0.94476	26.64	27.30	27.30	0.5	0.5	
722	B	10	3	27	28	85.98	90.88	2932.3	10.0	0.95326	26.89	27.55	27.55	0.8	0.8	
722	B	10	3	33	34	86.04	90.94	2934.6	10.0	0.96312	27.18	27.85	27.85	1.1	1.1	
722	B	10	3	38.5	39.5	86.10	91	2936.8	10.0	0.96958	27.37	28.05	28.05	1.2	1.2	
722	B	10	3	45	46	86.16	91.06	2939.1	10.0	0.97094	27.41	28.09	28.09	1.3	1.3	
722	B	10	3	52	53	86.23	91.12	2941.4	10.0	0.97774	27.61	28.30	28.30	1.5	1.5	
722	B	10	3	58	59	86.29	91.18	2943.7	10.0	0.97672	27.58	28.26	28.26	1.5	1.5	
722	B	10	3	63	64	86.34	91.24	2946.0	10.0	0.974	27.50	28.18	28.18	1.4	1.4	
722	B	10	3	69	70	86.40	91.3	2948.3	10.0	0.96686	27.29	27.97	27.97	1.2	1.2	
722	B	10	3	75	76	86.46	91.36	2950.7	10.0	0.9604	27.10	27.77	27.77	1.0	1.0	
722	B	10	3	82	83	86.53	91.44	2953.8	10.0	0.96142	27.13	27.80	27.80	1.0	1.0	
722	B	10	3	88	89	86.59	91.49	2955.8	10.0	0.95904	27.06	27.73	27.73	0.9	0.9	
722	B	10	3	93	94	86.64	91.54	2957.7	10.0	0.95904	27.06	27.73	27.73	0.9	0.9	
722	B	10	3	99	100	86.70	91.59	2959.7	10.0	0.96142	27.13	27.80	27.80	1.0	1.0	
722	B	10	3	105	106	86.76	91.67	2962.8	10.0	0.97094	27.41	28.09	28.09	1.3	1.3	
722	B	10	3	112	113	86.83	91.73	2965.1	10.0	0.97502	27.53	28.21	28.21	1.4	1.4	
722	B	10	3	118	119	86.89	91.78	2967.1	10.0	0.97502	27.53	28.21	28.21	1.4	1.4	
722	B	10	3	123	124	86.94	91.84	2969.4	10.0	0.97468	27.52	28.20	28.20	1.4	1.4	
722	B	10	3	129	130	87.00	91.9	2971.8	10.0	0.96822	27.33	28.01	28.01	1.2	1.2	
722	B	10	3	136	137	87.07	91.96	2974.1	10.0	0.96074	27.11	27.78	27.78	1.0	1.0	
722	B	10	3	142	143	87.13	92.03	2977.9	10.0	0.95258	26.87	27.53	27.53	0.7	0.7	
722	B	10	3	147	148	87.18	92.08	2981.1	10.0	0.94306	26.59	27.24	27.24	0.4	0.4	
722	B	10	4	3	4	87.24	92.14	2984.9	10.0	0.94884	26.76	27.42	27.42	0.6	0.6	
722	B	10	4	8.5	9.5	87.30	92.2	2988.8	10.0	0.9519	26.85	27.51	27.51	0.7	0.7	
722	B	10	4	15	16	87.36	92.26	2992.7	10.0	0.95768	27.02	27.69	27.69	0.9	0.9	
722	B	10	4	22	23	87.43	92.32	2996.5	10.0	0.9655	27.25	27.92	27.92	1.1	1.1	
722	B	10	4	27	28	87.48	92.38	3000.4	20.0	0.96958	27.37	28.05	28.05	1.2	1.2	
722	B	10	4	34	35	87.55	92.44	3004.2	20.0	0.97298	27.47	28.15	28.15	1.4	1.4	
722	B	10	4	39	40	87.60	92.5	3008.1	20.0	0.97264	27.46	28.14	28.14	1.3	1.3	
722	B	10	4	45	46	87.66	92.56	3011.9	20.0	0.96618	27.27	27.94	27.94	1.1	1.1	
722	B	10	4	52	53	87.73	92.63	3016.1	20.0	0.95768	27.02	27.69	27.69	0.9	0.9	
722	B	10	4	57	58	87.78	92.69	3019.3	20.0	0.93898	26.47	27.12	27.12	0.3	0.3	
722	B	10	4	63	64	87.84	92.74	3021.9	20.0	0.94306	26.59	27.24	27.24	0.4	0.4	
722	B	10	4	68.5	69.5	87.90	92.8	3025.1	20.0	0.93184	26.26	26.90	26.90	0.1	0.1	
722	B	10	4	74	75	87.95	92.86	3028.2	20.0	0.93796	26.44	27.09	27.09	0.3	0.3	
722	B	10	4	82	83	88.03	92.93	3031.9	20.0	0.94612	26.68	27.34	27.34	0.5	0.5	
722	B	10	4	87	88	88.08	92.99	3035.1	20.0	0.95088	26.82	27.48	27.48	0.7	0.7	
722	B	10	4	93	94	88.14	93.04	3037.8	20.0	0.95734	27.01	27.68	27.68	0.9	0.9	
722	B	10	4	98	99	88.19	93.1	3040.9	20.0	0.9655	27.25	27.92	27.92	1.1	1.1	
722	B	10	4	106	107	88.27	93.16	3044.1	20.0	0.96856	27.34	28.02	28.02	1.2	1.2	
722	B	10	4	112	113	88.33	93.23	3047.8	20.0	0.96822	27.33	28.01	28.01	1.2	1.2	
722	B	10	4	117	118	88.38	93.29	3049.2	20.0	0.95632	26.98	27.65	27.65	0.8	0.8	
722	B	10	4	122.5	123.	88.44	93.34	3050.3	20.0	0.95088	26.82	27.48	27.48	0.7	0.7	
722	B	10	4	128.5	129.	88.50	93.4	3051.7	20.0	0.94442	26.63	27.29	27.29	0.5	0.5	
722	B	10	4	135	136	88.56	93.47	3053.3	20.0	0.94272	26.58	27.23	27.23	0.4	0.4	
722	B	10	4	141	142	88.62	93.53	3054.7	20.0	0.94442	26.63	27.29	27.29	0.5	0.5	
722	B	10	4	147	148	88.68	93.58	3055.8	20.0	0.94918	26.77	27.43	27.43	0.6	0.6	
722	B	10	5	4	5	88.75	93.64	3057.2	20.0	0.95428	26.92	27.58	27.58	0.8	0.8	
722	B	10	5	9	10	88.80	93.7	3058.6	20.0	0.96278	27.17	27.84	27.84	1.0	1.0	
722	B	10	5	16	17	88.87	93.76	3059.9	20.0	0.9672	27.30	27.98	27.98	1.2	1.2	
722	B	10	5	23	24	88.94	93.83	3061.5	20.0	0.97094	27.41	28.09	28.09	1.3	1.3	
722	B	10	5	33	34	89.04	93.88	3062.7	20.0	0.97808	27.62	28.31	28.31	1.5	1.5	
722	B	10	5	39	40	89.10	93.95	3064.3	20.0	0.97672	27.58	28.26	28.26	1.5	1.5	
722	B	10	5	45	46	89.16	94	3065.4	20.0	0.974	27.50	28.18	28.18	1.4	1.4	
722	B	10	5	52	53	89.23	94.06	3066.8	20.0	0.96584	27.26	27.93	27.93	1.1	1.1	
722	B	10	5	58	59	89.29	94.13	3068.4	20.0	0.9519	26.85	27.51	27.51	0.7	0.7	
722	B	10	5	64	65	89.35	94.18	3069.6	20.0	0.95632	26.98	27.65	27.65	0.8	0.8	
722	B	10	5	70	71	89.41	94.24	3070.9	20.0	0.95224	26.86	27.52	27.52	0.7	0.7	
722	B	10	5	75	76	89.46	94.3	3072.3	20.0	0.94782	26.73	27.39	27.39	0.6	0.6	
722	B	10	5	82	83	89.53	94.35	3073.4	20.0	0.95088	26.82	27.48	27.48	0.7	0.7	
722	B	10	5	88	89	89.59	94.43	3075.3	20.0	0.96006	27.09	27.76	27.76	1.0	1.0	
722	B	10	5	93	94	89.64	94.48	3076.4	20.0	0.96958	27.37	28.05	28.05	1.2	1.2	
722	B	10	5	99	100	89.70	94.54	3077.8	20.0	0.97672	27.58	28.26	28.26	1.5	1.5	
722	B	10	5	106	107	89.77	94.59	3078.9	20.0	0.97638	27.57	28.25	28.25	1.5	1.5	
722	B	10	5	112	113	89.83	94.67	3080.8	20.0	0.96856	27.34	28.02	28.02	1.2	1.2	
722	B	10	5	118	119	89.89	94.73	3082.1	20.0	0.96278	27.17	27.84	27.84	1.0	1.0	
722	B	10	5	123	124	89.94	94.78	3083.3	20.0	0.9604	27.10	27.77	27.77	1.0	1.0	
722	B	10	5	130	131	90.01	94.84	3084.7	20.0	0.96142	27.13	27.80	27.80	1.0	1.0	
722	B	10	5	137	138	90.08	94.9	3086.0	20.0	0.96414	27.21	27.88	27.88	1.1	1.1	
722	B	10	5	142	143	90.13	94.96	3087.4	20.0	0.96142	27.13	27.80	27.80	1.0	1.0	
722	B	10	5	147	148	90.18	95.02	3088.8	20.0	0.96584	27.26	27.93	27.93	1.1	1.1	
722	B	10	5	3	4	88.74	95.08	3090.2	20.0	0.9723	27.45	28.13	28.13	1.3	1.3	
722	B	10	6	9	10	90.30	95.15	3091.8	20.0	0.98148	27.72	28.41	28.41	1.6	1.6	
722	B	10	6	15	16	90.36	95.2	3092.9	20.0	0.9825	27.75	28.44	28.44	1.6	1.6	
722	B	10	6	21	22	90.42	95.27	3094.5	20.0	0.98624	27.86	28.55	28.55	1.8	1.8	
722	B	10	6	28	29	90.49	95.34	3096.1	20.0	0.98046	27.69	28.38	28.38	1.6	1.6	
722	B	10	6	35	36	90.56	95.44	3098.4	20.0	0.97604	27.56	28.24	28.24	1.4	1.4	
722	B	10	6	40	41	90.61	95.5	3099.8	20.0	0.97604	27.56	28.24	28.24	1.4	1.4	
722	B	10	6	46	47	90.67	95.56	3101.1	20.0	0.96754	27.31	27.99	27.99	1.2	1.2	
722	B	10	6	52	53	90.73	95.63	3102.7	20.0	0.96516	27.24	27.91	27.91	1.1	1.1	
722	B	10	6	58	59	90.79	95.69	3104.1	20.0	0.96482	27.23	27.90	27.90	1.1	1.1	
722	B	10	6	64	65	90.85	95.75	3105.5	20.0	0.96312	27.18	27.85	27.85	1.1	1.1	
722	B	10	6	3	4	90.24	95.81	3106.9	20.0	0.96176	27.14	27.81	27.81	1.0	1.0	
722	B	10	6	6	7	90.27	95.86	3108.0	20.0	0.96312	27.18	27.85	27.85	1.1	1.1	
722	B	10	6	11	12	90.32	95.93	3109.6	20.0	0.9672	27.30	27.98	27.98	1.2	1.2	
722	B	10	6	15	16	90.36	95.99	3111.0	20.0	0.97264	27.46	28.14	28.14	1.3	1.3	
722	B	10	6	19	20	90.40	96.04	3112.1	20.0	0.96754	27.31	27.99	27.99	1.2	1.2	
722	B	10	6	23	24	90.44	96.1	3113.5	20.0	0.97026	27.39	28.07	28.07	1.3	1.3	
722	B	10	6	27	28	90.48	96.17	3115.1	20.0	0.98352	27.78	28.47	28.47	1.7	1.7	
722	B	10	6	31	32	90.52	96.23	3116.5	20.0	0.9825	27.75	28.44	28.44	1.6	1.6	
722	B	10	6	35	36	90.56	96.29	3117.9	20.0	0.97332	27.48	28.16	28.16	1.4	1.4	
722	B	10	6	40	41	90.61	96.34	3119.0	20.0	0.97366	27.49	28.17	28.17	1.4	1.4	
722	B	10	6	44	45	90.65	96.41	3120.6	20.0	0.9655	27.25	27.92	27.92	1.1	1.1	
722	B	10	6	47	48	90.68	96.48	3122.2	20.0	0.96618	27.27	27.94	27.94	1.1	1.1	
722	B	10	6	51	52	90.72	96.53	3123.4	20.0	0.97876	27.64	28.33	28.33	1.5	1.5	
722	B	10	6	56	57	90.77	96.58	3124.5	20.0	0.96448	27.22	27.89	27.89	1.1	1.1	
722	B	10	7	60	61	92.31	96.64	3125.9	20.0	0.95972	27.08	27.75	27.75	0.9	0.9	
722	B	10	7	64	65	92.35	96.7	3127.2	20.0	0.9638	27.20	27.87	27.87	1.1	1.1	
722	B	10	7	67	68	92.38	96.76	3128.6	20.0	0.9672	27.30	27.98	27.98	1.2	1.2	
722	B	10	7	71	72	92.42	96.82	3130.0	20.0	0.96856	27.34	28.02	28.02	1.2	1.2	
722	B	10	7	75	76	92.46	96.89	3131.6	20.0	0.97298	27.47	28.15	28.15	1.4	1.4	
722	B	10	7	79	80	92.50	96.96	3133.2	20.0	0.9774	27.60	28.28	28.28	1.5	1.5	
722	B	10	7	84	85	92.55	97.01	3134.3	20.0	0.9689	27.35	28.03	28.03	1.2	1.2	
722	B	10	7	88	89	92.59	97.07	3136.4	20.0	0.9621	27.15	27.82	27.82	1.0	1.0	
722	B	10	7	92	93	92.63	97.13	3138.9	20.0	0.95394	26.91	27.57	27.57	0.8	0.8	
722	B	10	7	95	96	92.66	97.19	3141.3	20.0	0.9434	26.60	27.25	27.25	0.5	0.5	
722	B	10	7	100	101	92.71	97.25	3143.8	20.0	0.95394	26.91	27.57	27.57	0.8	0.8	
722	B	11	1	103	104	92.94	97.49	3153.6	20.0	0.9536	26.90	27.56	27.56	0.8	0.8	
722	B	11	1	107	108	92.98	97.52	3154.8	20.0	0.97264	27.46	28.14	28.14	1.3	1.3	
722	B	11	1	111	112	93.02	97.57	3156.8	20.0	0.97298	27.47	28.15	28.15	1.4	1.4	
722	B	11	1	115	116	93.06	97.61	3158.5	20.0	0.97264	27.46	28.14	28.14	1.3	1.3	
722	B	11	1	119	120	93.10	97.65	3160.1	20.0	0.97332	27.48	28.16	28.16	1.4	1.4	
722	B	11	1	124	125	93.15	97.69	3161.7	20.0	0.97332	27.48	28.16	28.16	1.4	1.4	
722	B	11	1	128	129	93.19	97.73	3163.3	20.0	0.97502	27.53	28.21	28.21	1.4	1.4	
722	B	11	1	132	133	93.23	97.77	3165.0	20.0	0.97264	27.46	28.14	28.14	1.3	1.3	
722	B	11	1	135	136	93.26	97.81	3166.6	20.0	0.96652	27.28	27.96	27.96	1.2	1.2	
722	B	11	1	139	140	93.30	97.86	3168.6	20.0	0.96788	27.32	28.00	28.00	1.2	1.2	
722	B	11	1	142	143	93.33	97.9	3170.3	20.0	0.96516	27.24	27.91	27.91	1.1	1.1	
722	B	11	1	147	148	93.38	97.93	3171.5	20.0	0.96414	27.21	27.88	27.88	1.1	1.1	
722	B	11	1	3	4	91.94	97.97	3173.1	20.0	0.96346	27.19	27.86	27.86	1.1	1.1	
722	B	11	1	9	10	92.00	98.02	3175.2	20.0	0.95836	27.04	27.71	27.71	0.9	0.9	
722	B	11	1	15	16	92.06	98.06	3176.8	20.0	0.95462	26.93	27.59	27.59	0.8	0.8	
722	B	11	1	22	23	92.13	98.1	3178.8	20.0	0.95768	27.02	27.69	27.69	0.9	0.9	
722	B	11	1	28	29	92.19	98.13	3180.2	20.0	0.94578	26.67	27.33	27.33	0.5	0.5	
722	B	11	1	33	34	92.24	98.17	3182.2	20.0	0.94782	26.73	27.39	27.39	0.6	0.6	
722	B	11	1	40	41	92.31	98.21	3184.1	20.0	0.9553	26.95	27.62	27.62	0.8	0.8	
722	B	11	1	52	53	92.43	98.25	3186.3	20.0	0.965866319	27.26	27.94	27.94	1.1	1.1	
722	B	11	1	57	58	92.48	98.3	3188.5	20.0	0.958015515	27.03	27.70	27.70	0.9	0.9	
722	B	11	1	63	64	92.54	98.34	3190.5	20.0	0.96618	27.27	27.94	27.94	1.1	1.1	
722	B	11	1	69	70	92.60	98.38	3192.5	20.0	0.9672	27.30	27.98	27.98	1.2	1.2	
722	B	11	1	75	76	92.66	98.41	3193.9	20.0	0.96788	27.32	28.00	28.00	1.2	1.2	
722	B	11	1	83	84	92.74	98.46	3196.4	20.0	0.96686	27.29	27.97	27.97	1.2	1.2	
722	B	11	1	88	89	92.79	98.49	3197.8	20.0	0.96924	27.36	28.04	28.04	1.2	1.2	
722	B	11	1	93	94	92.84	98.53	3199.8	20.0	0.9723	27.45	28.13	28.13	1.3	1.3	
722	B	11	1	99	100	92.90	98.57	3201.8	20.0	0.96788	27.32	28.00	28.00	1.2	1.2	
722	B	11	1	106	107	92.97	98.61	3203.7	20.0	0.96652	27.28	27.96	27.96	1.2	1.2	
722	B	11	1	111	112	93.02	98.65	3205.7	20.0	0.96516	27.24	27.91	27.91	1.1	1.1	
722	B	11	1	117	118	93.08	98.7	3208.1	20.0	0.96244	27.16	27.83	27.83	1.0	1.0	
722	B	11	1	124	125	93.15	98.74	3210.1	20.0	0.96108	27.12	27.79	27.79	1.0	1.0	
722	B	11	1	130	131	93.21	98.78	3212.0	20.0	0.96074	27.11	27.78	27.78	1.0	1.0	
722	B	11	1	136	137	93.27	98.81	3213.5	20.0	0.95904	27.06	27.73	27.73	0.9	0.9	
722	B	11	1	142	143	93.33	98.85	3215.5	20.0	0.96006	27.09	27.76	27.76	1.0	1.0	
722	B	11	1	147	148	93.38	98.88	3216.9	20.0	0.96108	27.12	27.79	27.79	1.0	1.0	
722	B	11	1	3	4	91.94	98.93	3219.4	20.0	0.96346	27.19	27.86	27.86	1.1	1.1	
722	B	11	2	9	10	93.50	98.99	3222.3	20.0	0.96278	27.17	27.84	27.84	1.0	1.0	
722	B	11	2	15	16	93.56	99.05	3225.2	20.0	0.95802	27.03	27.70	27.70	0.9	0.9	
722	B	11	2	20	21	93.61	99.11	3228.2	20.0	0.96958	27.37	28.05	28.05	1.2	1.2	
722	B	11	2	26	27	93.67	99.18	3231.6	20.0	0.97536	27.54	28.22	28.22	1.4	1.4	
722	B	11	2	33	34	93.74	99.24	3234.5	20.0	0.97264	27.46	28.14	28.14	1.3	1.3	
722	B	11	2	38	39	93.79	99.29	3237.0	20.0	0.96142	27.13	27.80	27.80	1.0	1.0	
722	B	11	2	45	46	93.86	99.36	3240.4	20.0	0.95666	26.99	27.66	27.66	0.9	0.9	
722	B	11	2	51	52	93.92	99.48	3246.3	20.0	0.96516	27.24	27.91	27.91	1.1	1.1	
722	B	11	2	57	58	93.98	99.53	3248.7	20.0	0.9536	26.90	27.56	27.56	0.8	0.8	
722	B	11	2	63	64	94.04	99.59	3251.7	20.0	0.95632	26.98	27.65	27.65	0.8	0.8	
722	B	11	2	69	70	94.10	99.65	3254.6	20.0	0.95972	27.08	27.75	27.75	0.9	0.9	
722	B	11	2	76	77	94.17	99.71	3257.5	20.0	0.96652	27.28	27.96	27.96	1.2	1.2	
722	B	11	2	81	82	94.22	99.79	3261.4	20.0	0.96142	27.13	27.80	27.80	1.0	1.0	
722	B	11	2	88	89	94.29	99.84	3263.9	20.0	0.95938	27.07	27.74	27.74	0.9	0.9	
722	B	11	2	94	95	94.35	99.89	3266.3	20.0	0.95394	26.91	27.57	27.57	0.8	0.8	
722	B	11	2	99	100	94.40	99.95	3269.3	20.0	0.95156	26.84	27.50	27.50	0.7	0.7	
722	B	11	2	106	107	94.47	100.02	3272.7	20.0	0.95394	26.91	27.57	27.57	0.8	0.8	
722	B	11	2	111	112	94.52	100.07	3275.1	20.0	0.95768	27.02	27.69	27.69	0.9	0.9	
722	B	11	2	117	118	94.58	100.13	3278.1	20.0	0.9502	26.80	27.46	27.46	0.7	0.7	
722	B	11	2	124	125	94.65	100.2	3281.5	20.0	0.94782	26.73	27.39	27.39	0.6	0.6	
722	B	11	2	130	131	94.71	100.26	3284.4	20.0	0.93898	26.47	27.12	27.12	0.3	0.3	
722	B	11	2	136	137	94.77	100.32	3287.4	20.0	0.94884	26.76	27.42	27.42	0.6	0.6	
722	B	11	2	142	143	94.83	100.38	3290.3	20.0	0.9383	26.45	27.10	27.10	0.3	0.3	
722	B	11	2	147	148	94.88	100.43	3292.8	20.0	0.94136	26.54	27.19	27.19	0.4	0.4	
722	B	11	3	3	4	94.94	100.49	3295.7	20.0	0.93864	26.46	27.11	27.11	0.3	0.3	
722	B	11	3	9	10	95.00	100.55	3298.9	20.0	0.93966	26.49	27.14	27.14	0.3	0.3	
722	B	11	3	15	16	95.06	100.61	3302.1	20.0	0.95054	26.81	27.47	27.47	0.7	0.7	
722	B	11	3	20	21	95.11	100.66	3304.8	20.0	0.95292	26.88	27.54	27.54	0.7	0.7	
722	B	11	3	26	27	95.17	100.72	3308.0	20.0	0.91756	25.84	26.47	26.47	-0.3	-0.3	
722	B	11	3	33	34	95.24	100.79	3311.7	20.0	0.92912	26.18	26.82	26.82	0.0	0.0	
722	B	11	3	38	39	95.29	100.84	3314.4	20.0	0.95224	26.86	27.52	27.52	0.7	0.7	
722	B	11	3	45	46	95.36	100.91	3318.1	20.0	0.96448	27.22	27.89	27.89	1.1	1.1	
722	B	11	3	51	52	95.42	100.97	3321.4	20.0	0.9706	27.40	28.08	28.08	1.3	1.3	
722	B	11	3	57	58	95.48	101.03	3324.6	20.0	0.9366	26.40	27.05	27.05	0.2	0.2	
722	B	11	3	63	64	95.54	101.09	3327.8	20.0	0.9332	26.30	26.95	26.95	0.1	0.1	
722	B	11	3	69	70	95.60	101.15	3331.0	20.0	0.94	26.50	27.15	27.15	0.4	0.4	
722	B	11	3	76	77	95.67	101.22	3334.7	20.0	0.96142	27.13	27.80	27.80	1.0	1.0	
722	B	11	3	81	82	95.72	101.27	3337.4	20.0	0.93966	26.49	27.14	27.14	0.3	0.3	
722	B	11	3	88	89	95.79	101.34	3341.1	20.0	0.91722	25.83	26.46	26.46	-0.3	-0.3	
722	B	11	3	94	95	95.85	101.4	3344.3	20.0	0.91858	25.87	26.50	26.50	-0.3	-0.3	
722	B	11	3	99	100	95.90	101.45	3347.0	20.0	0.90804	25.56	26.18	26.18	-0.6	-0.6	
722	B	11	3	106	107	95.97	101.52	3350.7	20.0	0.92844	26.16	26.80	26.80	0.0	0.0	
722	B	11	4	54	56	96.94	102.5	3467.2	41.3	0.925059774	26.06	26.70	27.55	0.7	0.7	
722	B	12	1	75	77	102.25	107.81	3615.8	81.7	0.921312344	25.95	26.59	27.44	0.6	0.6	
722	B	12	2	64	66	103.64	109.2	3659.1	86.3	0.923828576	26.02	26.66	27.51	0.7	0.7	
722	B	12	3	53	55	105.03	110.59	3702.4	100.3	0.944419201	26.63	27.29	28.14	1.3	1.3	
722	B	13	1	75	77	111.95	117.51	3926.8	154.7	0.956209046	26.98	27.64	28.49	1.7	1.7	
722	B	13	2	66	68	113.36	118.92	3973.8	156.0	0.940954549	26.53	27.18	28.03	1.2	1.2	
722	B	13	3	43	45	114.63	120.19	4016.1	163.6	0.938648346	26.46	27.11	27.96	1.2	1.2	
722	B	14	1	75	77	121.65	127.21	4245.1	190.5	0.972442128	27.45	28.13	28.98	2.2	2.2	
722	B	14	2	75	77	123.15	128.71	4294.5	186.5	0.96319002	27.18	27.85	28.70	1.9	1.9	
722	B	14	3	74	76	124.64	130.2	4343.5	188.8	0.969072165	27.36	28.03	28.88	2.1	2.1	
722	B	14	4	75	77	126.15	131.71	4393.0	198.0	0.956410029	26.98	27.65	28.50	1.7	1.7	
722	B	14	5	74	76	127.64	133.2	4442.6	194.0	0.960812772	27.11	27.78	28.63	1.8	1.8	
722	B	14	6	75	77	129.15	134.71	4493.2	192.3	0.962978544	27.18	27.85	28.70	1.9	1.9	
722	B	14	7	15	17	130.05	135.61	4523.3	194.0	0.959701493	27.08	27.75	28.60	1.8	1.8	
722	B	15	1	64	66	131.14	136.7	4559.6	198.4	0.960781742	27.11	27.78	28.63	1.8	1.8	
722	B	16	1	75	77	140.95	146.51	4879.0	177.3	0.952846076	26.88	27.54	28.39	1.6	1.6	
722	B	16	2	75	77	142.45	148.01	4928.1	169.1	0.920971091	25.94	26.57	27.42	0.6	0.6	
722	B	16	3	75	77	143.95	149.51	4977.6	160.2	0.958755613	27.05	27.72	28.57	1.8	1.8	
722	B	16	4	75	77	145.45	151.01	5027.3	156.7	0.963733198	27.20	27.87	28.72	1.9	1.9	
722	B	16	5	75	77	146.95	152.51	5076.9	150.8	0.925273647	26.07	26.71	27.56	0.8	0.8	
722	B	16	6	75	77	148.45	154.01	5126.4	135.2	0.972774804	27.46	28.14	28.99	2.2	2.2	
722	B	17	1	72	74	150.62	156.18	5197.6	126.4	0.929447994	26.19	26.83	27.68	0.9	0.9	
722	B	17	2	75	77	152.15	157.71	5244.1	125.0	0.952977242	26.88	27.54	28.39	1.6	1.6	
722	B	17	3	75	77	153.65	159.21	5285.9	124.8	0.949020127	26.77	27.42	28.27	1.5	1.5	
722	B	17	4	75	77	155.15	160.71	5327.7	132.6	0.923256135	26.01	26.64	27.49	0.7	0.7	
722	B	17	5	75	77	156.65	162.21	5369.2	142.3	0.958464623	27.04	27.71	28.56	1.8	1.8	
722	B	17	6	77	79	158.17	163.73	5410.8	138.7	0.965086105	27.24	27.91	28.76	2.0	2.0	
722	B	17	7	10	12	159.00	164.56	5433.6	139.7	0.957761352	27.02	27.69	28.54	1.7	1.7	
722	B	18	1	75	77	160.25	165.81	5467.8	144.5	0.925971586	26.09	26.73	27.58	0.8	0.8	
722	B	18	2	75	77	161.75	167.31	5508.8	150.0	0.963521804	27.19	27.86	28.71	1.9	1.9	
722	B	18	3	75	77	163.25	168.81	5549.8	146.1	0.962095497	27.15	27.82	28.67	1.9	1.9	
722	B	18	4	78	80	164.78	170.34	5591.9	146.5	0.942155119	26.56	27.22	28.07	1.3	1.3	
722	B	18	5	71	73	166.21	171.77	5631.4	153.8	0.938751862	26.46	27.11	27.96	1.2	1.2	
722	B	18	6	78	80	167.82	173.38	5676.2	147.7	0.954377312	26.92	27.59	28.44	1.6	1.6	
722	B	18	7	25	27	168.75	174.31	5702.1	146.1	0.938574742	26.46	27.11	27.96	1.2	1.2	
722	B	19	2	79	81	171.49	177.05	5778.6	149.4	0.929502996	26.19	26.83	27.68	0.9	0.9	
722	B	19	3	70	72	172.90	178.46	5817.6	139.6	0.920438957	25.92	26.56	27.41	0.6	0.6	
722	B	19	4	80	82	174.50	180.06	5861.9	135.2	0.920777599	25.93	26.57	27.42	0.6	0.6	
722	B	19	5	75	77	175.95	181.51	5901.8	136.8	0.959293873	27.07	27.74	28.59	1.8	1.8	
722	B	20	2	80	82	181.20	186.76	6045.6	116.9	0.964397137	27.22	27.89	28.74	1.9	1.9	
722	B	20	3	95	97	182.35	187.91	6077.0	114.9	0.941961948	26.56	27.21	28.06	1.3	1.3	
722	B	21	3	25	27	192.25	197.81	6349.0	147.0	0.953318942	26.89	27.56	28.41	1.6	1.6	
722	B	21	4	40	42	193.40	198.96	6380.4	146.3	0.965178474	27.24	27.91	28.76	2.0	2.0	
722	B	22	2	80	82	200.50	206.06	6575.1	159.7	0.959830084	27.08	27.75	28.60	1.8	1.8	
722	B	22	3	75	77	201.95	207.51	6614.8	161.3	0.963316649	27.19	27.86	28.71	1.9	1.9	
722	B	22	4	75	77	203.45	209.01	6656.1	157.7	0.960164538	27.09	27.76	28.61	1.8	1.8	
722	B	22	5	75	77	204.95	210.51	6697.3	159.0	0.935559136	26.37	27.02	27.87	1.1	1.1	
722	B	22	6	60	62	206.30	211.86	6734.3	163.9	0.969862375	27.38	28.06	28.91	2.1	2.1	
722	B	23	1	75	77	208.65	214.21	6798.7	155.2	0.977853993	27.61	28.30	29.15	2.3	2.3	
722	B	23	4	70	72	213.10	218.66	6920.8	147.1	0.979441456	27.66	28.35	29.20	2.4	2.4	
722	B	24	2	80	82	219.80	225.36	7104.8	122.9	0.977761836	NaN	28.30	29.15	2.3	2.3	
722	B	24	6	80	82	225.80	231.36	7261.4	145.0	0.976	27.56	28.24	29.09	2.3	2.3	
722	B	25	2	75	77	229.45	235.01	7354.7	155.1	0.96900735	27.35	28.03	28.88	2.1	2.1	
722	B	25	4	75	77	232.45	238.01	7430.8	166.8	0.949158461	26.77	27.43	28.28	1.5	1.5	
722	B	25	5	75	77	233.95	239.51	7469.0	169.5	0.958292444	27.04	27.71	28.56	1.8	1.8	
722	B	25	6	75	77	235.45	241.01	7507.1	174.4	0.95441535	26.92	27.59	28.44	1.6	1.6	
722	B	25	7	5	7	236.25	241.81	7527.5	179.4	0.973234507	27.48	28.16	29.01	2.2	2.2	
722	B	26	1	75	77	237.65	243.21	7563.1	180.2	0.968966614	27.35	28.03	28.88	2.1	2.1	
722	B	26	2	75	77	239.15	244.71	7601.1	182.7	0.978011472	27.62	28.30	29.15	2.4	2.4	
722	B	26	W	75	77	246.05	251.61	7778.1	199.2	0.965117472	27.24	27.91	28.76	2.0	2.0	
722	B	27	3	75	77	250.25	255.81	7884.7	203.1	0.97595778	27.56	28.24	29.09	2.3	2.3	
722	B	27	4	60	62	251.60	257.16	7918.8	208.4	0.975326216	27.54	28.22	29.07	2.3	2.3	
722	B	27	6	77	79	254.77	260.33	8000.3	207.9	0.967916283	27.32	28.00	28.85	2.0	2.0	
722	B	28	2	65	67	258.35	263.91	8092.3	211.0	0.974379896	27.51	28.19	29.04	2.2	2.2	
722	B	29	2	70	72	268.10	273.66	8342.6	216.3	0.952534516	26.87	27.53	28.38	1.6	1.6	
722	B	29	3	68	70	269.58	275.14	8380.7	215.9	0.961935546	27.15	27.82	28.67	1.9	1.9	
722	B	29	6	75	77	274.15	279.71	8507.8	216.6	0.977108434	27.59	28.28	29.13	2.3	2.3	
722	B	30	2	15	17	277.25	282.81	8599.7	222.0	0.975122168	27.53	28.22	29.07	2.3	2.3	
722	B	31	2	75	77	287.55	293.11	8919.4	219.5	0.973744019	27.49	28.17	29.02	2.2	2.2	
722	B	32	1	77	79	295.77	301.33	9187.6	214.0	0.963017317	27.18	27.85	28.70	1.9	1.9	
722	B	32	3	75	77	298.75	304.31	9287.1	204.0	0.9572974	27.01	27.68	28.53	1.7	1.7	
722	B	32	5	20	22	301.20	306.76	9368.3	205.0	0.950088915	26.80	27.46	28.31	1.5	1.5	
722	B	34	2	60	62	316.40	321.96	9855.8	208.3	0.967741935	27.32	27.99	28.84	2.0	2.0	
722	B	34	4	30	32	319.10	324.66	9939.8	203.6	0.965689333	27.26	27.93	28.78	2.0	2.0	
722	B	35	2	75	77	326.25	331.81	10163.7	218.3	0.958357858	27.04	27.71	28.56	1.8	1.8	
722	B	35	6	75	77	332.25	337.81	10353.6	211.7	0.970596026	27.40	28.08	28.93	2.1	2.1	
