Subpolar North Atlantic ODP980 MIS5 Sediment Data																
-----------------------------------------------------------------------																
"               World Data Center for Paleoclimatology, Boulder"																
                                  and																
                     NOAA Paleoclimatology Program																
-----------------------------------------------------------------------																
NOTE: PLEASE CITE CONTRIBUTORS WHEN USING THIS DATA!!!!!																
																
																
NAME OF DATA SET: Subpolar North Atlantic ODP980 MIS5 Sediment Data																
																
LAST UPDATE: 5/2017 (Added 22 rows of SST reconstruction values for ages between 																
130.02 and 142.29 kyrbp. No previously archived values were modified). 																
2/2008 (increased resolution of archived data for N. pachyderma 																
"to match published figures, increasing sample count from 57 values to 204 values)"																
																
"CONTRIBUTOR:  Delia Oppo, Woods Hole Oceanographic Institution"																
IGBP PAGES/WDCA CONTRIBUTION SERIES NUMBER: 2007-030																
																
"SUGGESTED DATA CITATION: Oppo, D.W., et al.  2007. "																
Subpolar North Atlantic ODP980 MIS5 Sediment Data.																
IGBP PAGES/World Data Center for Paleoclimatology 																
Data Contribution Series # 2007-030.																
"NOAA/NCDC Paleoclimatology Program, Boulder CO, USA."																
																
																
"ORIGINAL REFERENCE: Oppo, D.W., J.F. McManus, and J.L. Cullen.  2006."																
Evolution and demise of the Last Interglacial warmth in the North Atlantic. 																
"Quaternary Science Reviews, Vol. 25, Issues 23-24, December 2006, pp. 3268-3277."																
DOI: 10.1016/j.quascirev.2006.07.006.																
																
ABSTRACT:																
"Detailed faunal, isotopic, and lithic marine records provide new insight "																
"into the stability and climate progression of the last interglacial period, "																
"Marine Isotope Stage (MIS) 5, which peaked approximately 125,000 years ago.  "																
"In the eastern subpolar North Atlantic, at the latitude of Ireland, "																
interglacial warmth of the ice volume minimum of substage 5e (MIS 5e) lasted																
"~10,000 years (10 ka) and its demise occurred in two cooling steps. "																
"The first cooling step marked the end of the climatic optimum, which was 2–3ka "																
"long. Minor ice rafting accompanied each cooling step; the second, larger, step "																
encompassing cold events C26 and C25 was previously identified in the 																
northwestern Atlantic. Approximately 4°C of cooling occurred between peak 																
"interglacial warmth and C25, and the region experienced an additional temporary "																
"cooling of at least 1–2°C during C24, a cooling event associated with widespread "																
"ice rafting in the North Atlantic. Beginning with C24, MIS 5 was characterized "																
by oscillations of at least 1–2°C superimposed on a generally cool baseline. 																
The results of this study imply that the marine climatic optimum of the last 																
interglacial was shorter than previously thought. The finding that the eastern 																
subpolar North Atlantic cooled significantly before C24 reconciles terrestrial 																
evidence for progressive climate deterioration at similar and lower latitudes 																
with marine conditions. Our results also demonstrate a close association between 																
"modest ice rafting, cooling, and deep ocean circulation even during the peak of "																
MIS 5e and in the earliest stages of ice growth.																
																
																
GEOGRAPHIC REGION: Subpolar North Atlantic 																
PERIOD OF RECORD: 191 KYrBP - present																
"FUNDING SOURCES: US National Science Foundation (OCE grants 01-37328, 01-18005, and"																
04-91110) and Salem State College.																
																
DESCRIPTION:  																
"High resolution faunal, isotopic, and lithic marine records from North Atlantic "																
"core ODP 980 (55°29'N, 14°42'W, 2169 m depth) over the last interglacial period,"																
"Marine Isotope Stage 5, ~125,000 years before present."																
																
																
																
DATA: 																
"1. Neogloboquadrina pachyderma (right coiling) isotopes,"																
each sample containing 7–9 specimens from the 212–250-mm fraction.																
																
Age Kyr        MCD        O18																
60.044        10.37       2.61																
61.696        10.57       2.49																
63.348        10.77       2.71																
65            10.97       3.53																
65            10.97       3.74																
65.648        11.02      2.562																
66.295        11.07      2.543																
66.943        11.12      2.323																
67.591        11.17       2.21																
68.174       11.215      2.368																
68.886        11.27      2.371																
69.534        11.32       2.21																
70.182        11.37       2.01																
70.83         11.42       1.75																
71.477        11.47       2.28																
72.06        11.515      2.412																
72.773        11.57      2.203																
73.42         11.62      2.386																
74.068        11.67       2.17																
74.651       11.715       2.01																
75.364        11.77      2.247																
76.011        11.82      2.113																
76.659        11.87       1.87																
77.955        11.97      2.184																
78.602        12.02      1.795																
79.25         12.07          2																
79.971       12.115      2.068																
80.853        12.17      1.815																
81.654        12.22      1.989																
82.455        12.27       1.82																
83.177       12.315       2.02																
84.058        12.37      1.989																
84.86         12.42      1.829																
85.661        12.47       2.09																
86.382       12.515       2.06																
87.264        12.57      2.131																
88.065        12.62      2.817																
88.866        12.67       2.85																
88.866        12.67       2.47																
89.588       12.715      2.517																
90.469        12.77      1.986																
92.434        12.92       2.33																
93.053        12.97       1.96																
93.857       13.035      2.139																
94.289        13.07       2.23																
94.846       13.115      2.149																
95.464       13.165      2.452																
96.33        13.235      2.221																
96.763        13.27       1.67																
97.382        13.32      2.053																
98            13.37        2.1																
98.623       13.415      1.869																
99.385        13.47      1.889																
100.215       13.53      2.049																
100.769       13.57       2.51																
101.669      13.635      1.911																
102.154       13.67      1.849																
102.985       13.73       1.88																
103.538       13.77       2.03																
103.538       13.77       1.76																
104.438      13.835      1.718																
104.923       13.87      1.671																
105.615       13.92      1.816																
106.308       13.97       3.49																
106.308       13.97       3.05																
107.176      14.035      1.816																
107.765      14.085      2.047																
108.176       14.12      1.854																
108.412       14.14       2.14																
108.824      14.175       1.63																
109.294      14.215        1.8																
109.529      14.235      1.981																
110.118      14.285      1.842																
110.176       14.29        1.9																
110.529       14.32      1.708																
110.588      14.325       1.57																
111.176      14.375       1.65																
111.529      14.405       1.69																
111.941       14.44       2.16																
112.353      14.475        1.6																
112.824      14.515       1.89																
113.294      14.555       1.82																
113.706       14.59       2.06																
114.118      14.625       1.63																
114.706      14.675       1.63																
115.059      14.705       1.65																
115.176      14.715       1.45																
115.471       14.74        1.8																
116.353      14.815       1.27																
116.824      14.855       1.36																
117.085       14.89       1.43																
117.234      14.925       1.25																
117.446      14.975       1.15																
117.573      15.005       1.16																
117.701      15.035       1.44																
117.871      15.075       1.36																
118.041      15.115       1.31																
118.21       15.155       1.15																
118.359       15.19       1.54																
118.508      15.225       1.11																
118.635      15.255       0.38																
118.72       15.275       1.09																
118.847      15.305       1.15																
119.017      15.345       1.08																
119.166       15.38       1.33																
119.272      15.405       1.19																
119.4        15.435       1.19																
119.527      15.465       1.17																
119.633       15.49       1.43																
119.782      15.525       1.06																
119.952      15.565       1.14																
120.122      15.605       1.08																
120.27        15.64       1.13																
120.419      15.675       0.94																
120.589      15.715       0.86																
120.759      15.755       1.25																
120.907       15.79       1.05																
121.056      15.825       1.04																
121.268      15.875       1.11																
121.396      15.905       1.03																
121.544       15.94       1.21																
121.693      15.975       0.88																
121.863      16.015       0.97																
122.033      16.055       0.93																
122.181       16.09       0.99																
122.33       16.125      1.193																
122.585      16.185      1.102																
122.819       16.24       1.15																
123.01       16.285       1.25																
123.18       16.325      1.339																
123.434      16.385      1.024																
123.456       16.39       1.13																
123.732      16.455      1.365																
123.944      16.505      1.153																
124.199      16.565      1.208																
124.369      16.605       1.09																
124.539      16.645      0.904																
124.708      16.685       1.19																
125.006      16.755      0.961																
125.218      16.805      1.199																
125.473      16.865       1.13																
125.515      16.875       0.89																
125.77       16.935      1.285																
126.004       16.99       0.89																
126.153      17.025      1.012																
126.322      17.065      1.405																
126.492      17.105      1.074																
126.641       17.14       1.06																
126.79       17.175      1.423																
126.917      17.205      1.338																
127.087      17.245       1.38																
127.278       17.29       1.05																
127.384      17.315      1.092																
127.639      17.375      1.391																
127.915       17.44          2																
128.08       17.475      1.883																
128.507      17.555      2.254																
128.694       17.59       2.74																
128.827      17.615      2.841																
129.148      17.675       3.35																
129.495       17.74        2.6																
129.628      17.765      3.197																
129.895      17.815       2.68																
130.055      17.845      3.528																
130.349        17.9       3.23																
130.589      17.945      3.133																
130.669       17.96       3.09																
130.803      17.985      1.882																
131.043       18.03       2.95																
131.23       18.065      2.968																
131.417        18.1       2.98																
131.657      18.145      3.251																
131.844       18.18       3.22																
131.977      18.205      2.795																
132.217       18.25       3.03																
132.404      18.285        3.2																
132.591       18.32       2.94																
132.778      18.355      2.993																
132.911       18.38       2.87																
133.018        18.4        3.8																
133.205      18.435       3.29																
133.392       18.47       3.49																
133.579      18.505      3.188																
133.765       18.54       3.06																
133.952      18.575      2.792																
134.139       18.61       3.74																
134.459       18.67        2.9																
134.833       18.74       2.54																
135.229       18.81       2.74																
135.683       18.88       2.64																
136.136       18.95       3.07																
136.589       19.02       3.52																
137.883       19.22       3.78																
139.437       19.46       3.88																
140.343        19.6       3.76																
141.314       19.75       4.05																
142.155       19.88       3.78																
142.285        19.9       3.66																
143.644       20.11       3.19																
144.938       20.31       2.79																
146.298       20.52       2.53																
147.592       20.72       2.85																
148.757        20.9       3.51																
150.052        21.1       3.41																
																
																
																
																
																
"2. Isotopes of the benthic foraminifera C. wuellerstorfi,"																
each sample containing 1-3 specimens from the >150micron fraction																
																
Age Kyr        MCD        C13        O18																
0.5068         0.01        1.1       2.63																
0.5391        0.025       1.06       2.79																
0.5822        0.045       0.72       2.68																
0.6145         0.06       0.96       2.73																
0.7545        0.125       0.92       2.55																
0.8621        0.175       1.16       2.67																
0.9375         0.21       0.75       2.32																
0.9375         0.21       0.81       2.72																
0.9698        0.225          1       2.78																
0.9913        0.235       1.06       2.74																
1.0129        0.245       1.11       2.85																
1.0452         0.26        0.9       2.72																
1.0775        0.275       1.16        2.6																
1.0990        0.285       0.74       2.67																
1.1205        0.295        1.1        2.6																
1.1421        0.305       1.01       2.63																
1.2282        0.345       0.96       2.57																
1.2605         0.36        0.9       2.63																
1.2605         0.36       1.09       2.52																
1.3306        0.375       1.05       2.77																
1.3773        0.385       1.21       2.82																
1.4240        0.395       1.14       2.45																
1.4940         0.41       0.95       2.38																
1.5641        0.425       0.88       2.57																
1.6575        0.445       0.96       2.46																
1.7275         0.46       0.87       2.47																
1.7976        0.475       1.06       2.68																
1.8443        0.485       1.04       2.57																
1.8910        0.495       1.05       2.45																
1.9377        0.505       1.22       2.67																
1.9844        0.515       0.75       2.32																
2.1245        0.545       1.12       2.53																
2.1945         0.56       0.95        2.5																
2.2646        0.575       0.84        2.7																
2.3580        0.595        0.9       2.54																
2.4280         0.61       0.89       2.46																
2.4280         0.61       0.92       2.56																
2.4981        0.625       1.03       2.64																
2.5915        0.645       0.63       2.66																
2.6615         0.66       0.88        2.5																
2.7442        0.675        0.6        2.7																
2.8544        0.695       0.98       2.46																
2.9646        0.715       0.74       2.87																
2.9646        0.715          1       2.52																
3.0749        0.735       1.02       2.42																
3.1300        0.745       1.16       2.58																
3.1877         0.76       0.97       2.49																
3.1877         0.76          1        2.7																
3.2453        0.775       1.06       2.66																
3.3222        0.795       0.96        2.6																
3.3798         0.81       0.85       2.53																
3.3798         0.81       1.06        2.5																
3.4375        0.825       1.03       2.74																
3.5143        0.845       1.28       2.71																
3.5720         0.86       1.28       2.59																
3.6625        0.875       0.98       2.63																
3.7831        0.895       1.01       2.44																
3.9038        0.915       1.12       2.65																
4.0848        0.945       1.11       2.52																
4.1752         0.96       0.96       2.43																
4.1752         0.96       1.26        2.6																
4.2657        0.975       1.14       2.58																
4.3864        0.995       1.09       2.63																
4.4769         1.01       0.85       2.57																
4.4769         1.01       1.11       2.59																
4.5674        1.025          1       2.73																
4.6880        1.045       1.04       2.61																
4.7503         1.06       0.54        2.6																
4.8126        1.075       1.22       2.59																
4.8956        1.095       0.93       2.44																
4.9787        1.115       0.22       2.85																
4.9787        1.115       0.42       2.54																
5.1032        1.145        0.8       2.61																
5.1655         1.16       0.83       2.64																
5.2798        1.175       1.12        2.9																
5.3560        1.185       1.23        2.6																
5.4322        1.195       0.13       2.58																
5.4322        1.195       1.09        2.9																
5.5465         1.21       0.88       2.58																
5.6989         1.23       0.98       2.78																
5.7370        1.235       1.08       2.51																
5.8132        1.245       0.96       2.61																
5.9275         1.26       1.04       2.52																
6.0418        1.275       1.21       2.69																
6.1180        1.285       1.15       2.77																
6.1942        1.295       0.89       3.02																
6.3466        1.315       1.01       2.81																
6.5752        1.345       1.08       2.87																
6.6895         1.36       1.04       2.75																
6.6895         1.36       1.19       2.57																
6.7492        1.375       1.23       2.89																
6.8884         1.41       0.95       2.62																
6.8884         1.41       1.32       2.52																
7.0873         1.46       1.22       2.69																
7.2863         1.51       1.02        2.7																
7.3459        1.525       1.25        2.7																
7.4255        1.545       1.01       2.84																
7.4852         1.56       1.19       2.69																
7.5449        1.575       1.18       2.65																
7.6244        1.595       1.17       2.83																
7.7040        1.615       1.06       2.24																
7.8122        1.645       1.05        2.6																
7.8662         1.66       0.76        2.6																
7.9203        1.675       0.94       2.94																
7.9564        1.685        0.9       2.57																
8.0465         1.71       0.79       2.67																
8.0465         1.71       0.94       2.62																
8.2487        1.745       1.19        2.8																
8.3354         1.76       1.04        2.7																
8.4221        1.775       1.07       2.79																
8.4799        1.785       0.89       2.66																
8.5376        1.795       1.04       2.85																
8.8265        1.845       1.09       2.74																
8.9132         1.86       1.05       2.64																
8.9999        1.875       0.89       2.82																
9.1154        1.895       1.03       2.93																
9.2021         1.91       0.74       2.77																
9.2021         1.91       0.91       2.72																
9.2888        1.925       0.99       2.78																
9.3466        1.935       1.06       2.83																
9.4043        1.945       0.69       2.95																
9.4910         1.96       0.88       2.69																
9.5329        1.975       1.02       2.84																
9.5889        1.995       1.11       3.03																
9.6448        2.015       0.73       2.31																
9.7706         2.06       0.56        2.8																
9.8125        2.075       1.03       2.83																
9.9104         2.11       0.76       2.77																
9.9104         2.11       0.84       2.79																
9.9523        2.125       0.82       2.62																
10.0501        2.16          1       2.78																
10.0921       2.175       0.86       2.89																
10.9291        2.46          1       2.81																
11.4040       2.615       1.17       2.56																
12.1546        2.86       0.95       2.75																
12.2006       2.875       0.69       2.74																
12.2312       2.885       0.93       3.27																
12.2619       2.895       0.59       2.96																
12.4610        2.96       0.61        2.9																
12.6020       2.995       0.67        2.9																
12.6624        3.01       0.94       3.36																
12.8638        3.06       0.77       3.53																
13.2666        3.16       0.96        3.3																
13.6694        3.26       0.77       3.37																
14.0722        3.36       0.94        3.4																
14.4750        3.46       0.88       3.53																
14.9513        3.56       0.57       3.46																
15.4276        3.66        0.4       3.66																
15.9039        3.76       0.21       3.24																
16.3802        3.86       0.35       3.81																
16.6660        3.92       0.36       3.72																
17.3126        3.96        0.4        4.1																
18.2825        4.02        0.8       4.63																
18.3886        4.06       0.78       4.55																
18.7732       4.205       0.85        4.6																
19.3435        4.42       0.82       4.61																
19.9393        4.62       0.89        4.5																
20.5351        4.82       0.82       4.43																
21.1309        5.02       0.74       4.46																
22.0247        5.32       0.63        4.5																
23.8121        5.92       0.99       4.13																
24.9361        6.12       0.76       4.29																
26.5882        6.32       0.66       3.91																
28.2403        6.52       0.93       4.03																
29.0664        6.62       0.84       4.11																
30.7185        6.82       1.04       4.03																
32.3706        7.02       1.08       4.24																
34.0227        7.22       0.84       4.08																
35.6748        7.42       0.78       3.98																
37.3270        7.62       0.59       3.65																
38.9791        7.82       0.93       4.01																
40.6312        8.02       1.08        4.1																
41.4573        8.12       0.74       3.93																
41.4573        8.12       0.85       3.82																
44.7615        8.52       0.89       3.87																
48.0658        8.92       0.94        3.8																
49.7179        9.12        1.1       4.01																
51.3700        9.32       1.11       3.83																
53.0221        9.52       0.91       3.88																
53.8482        9.62        1.1       3.87																
55.5003        9.82       0.91       3.76																
57.1524       10.02        0.9       3.75																
57.5655       10.07        0.7       3.65																
58.3915       10.17       1.05       4.04																
58.8045       10.22       0.51       4.01																
60.0436       10.37       0.87       3.93																
61.6958       10.57       0.73       3.73																
63.3479       10.77        0.3       3.67																
65.0000       10.97       0.84       4.19																
65.5830      11.015       0.83       4.21																
66.2955       11.07       1.08       4.02																
66.9432       11.12       1.01       4.14																
67.2670      11.145       0.68       4.08																
67.5909       11.17       1.01       3.74																
68.1739      11.215       0.59        3.4																
68.8864       11.27       0.75       3.84																
69.5341       11.32       1.07       4.05																
70.1818       11.37       0.88       3.77																
70.8295       11.42       1.09       3.65																
71.4773       11.47          1       3.44																
72.0602      11.515       1.04       3.36																
72.7727       11.57       1.22       3.82																
73.4205       11.62       1.24       3.69																
74.0682       11.67       1.16       3.34																
74.6511      11.715       1.23       3.48																
75.3636       11.77       1.05       3.33																
76.0114       11.82       1.01       3.64																
76.6591       11.87       1.26       3.31																
77.9545       11.97       1.07       3.41																
78.6023       12.02       1.18       3.51																
79.2500       12.07       1.11       3.26																
79.9712      12.115       1.08       3.19																
80.8527       12.17       1.11       3.38																
81.6541       12.22       0.48       3.52																
82.4555       12.27       1.17       3.23																
84.0582       12.37       0.95       3.25																
84.8596       12.42       0.75       3.15																
85.6610       12.47       0.92       3.18																
86.3822      12.515          1        3.3																
88.0651       12.62       0.65       3.48																
88.8664       12.67       1.18        3.9																
89.5877      12.715       1.08        3.6																
90.4692       12.77       1.28       3.79																
91.1974       12.82       1.15       3.51																
92.4342       12.92       1.29       3.76																
93.0526       12.97       1.24       3.66																
93.6092      13.015       1.24        3.7																
94.2895       13.07       1.21       3.49																
94.5987      13.095       1.17       3.56																
95.2171      13.145       1.17       3.37																
96.0829      13.215       1.12       3.44																
96.7632       13.27        1.2       3.36																
97.3816       13.32       1.18       3.44																
98.0000       13.37       1.14       3.28																
98.6231      13.415       1.15       3.47																
99.3846       13.47       1.17       3.56																
100.4231     13.545       1.14       3.32																
100.7692      13.57       0.98       3.36																
102.1538      13.67       0.82       3.83																
102.8462      13.72       0.81       3.78																
103.5385      13.77       0.88       3.59																
104.1615     13.815       0.89       3.51																
104.9231      13.87       0.81       3.37																
105.6154      13.92        0.5       3.48																
106.3077      13.97       0.92       3.54																
106.9308     14.015       1.03       3.76																
107.5882      14.07       1.07       3.93																
108.1765      14.12       0.93       3.79																
108.4118      14.14       0.95       3.54																
108.7647      14.17       0.98       3.57																
108.8235     14.175          1       3.75																
109.9412      14.27       1.07       3.52																
110.1765      14.29        0.9       3.58																
110.5294      14.32       0.48       3.61																
110.5882     14.325       0.75       3.36																
111.1176      14.37       1.05       3.44																
111.5294     14.405       0.91       3.44																
111.9412      14.44       1.02       3.39																
112.3529     14.475        0.9       3.42																
112.8235     14.515       0.98       3.33																
113.7059      14.59       1.03        3.4																
114.7059     14.675       1.02       3.31																
115.0588     14.705       1.09       3.26																
115.1765     14.715       0.91       3.22																
115.4706      14.74       0.74       2.57																
115.4706      14.74       0.98       3.16																
116.8235     14.855       0.88       2.97																
117.0849      14.89       0.86       2.96																
117.2336     14.925       0.64       2.93																
118.3591      15.19        0.2       2.79																
119.2722     15.405       1.03       2.69																
119.5270     15.465       0.85       2.73																
119.9517     15.565       0.63       2.72																
120.1216     15.605       0.62       2.74																
120.2703      15.64       0.73       2.72																
120.4189     15.675       0.68       2.65																
120.5888     15.715        0.7       2.54																
120.9073      15.79       0.43       2.65																
121.5444      15.94       0.59       2.56																
122.1815      16.09       0.94       2.65																
122.3301     16.125       0.82       2.48																
122.8185      16.24       0.82       2.49																
122.9884      16.28       0.88       2.63																
123.4556      16.39       0.58       2.47																
124.6873      16.68       0.91       2.54																
125.0907     16.775       0.89       2.43																
125.5154     16.875       0.88       2.51																
125.6429     16.905       0.79       2.57																
126.0039      16.99       0.59       2.51																
126.1525     17.025        0.6       2.48																
126.3224     17.065       0.78       2.49																
126.4923     17.105        0.8       2.42																
126.6409      17.14        0.7       2.44																
126.7896     17.175       0.69       2.62																
127.2780      17.29       0.18       2.48																
127.4266     17.325       0.52       2.35																
127.9151      17.44       0.32       2.58																
128.6940      17.59       0.34       3.49																
128.8808     17.625       0.33        3.6																
129.4947      17.74       0.56       3.98																
129.6816     17.775          1       4.54																
129.8951     17.815       0.42       3.94																
130.1086     17.855       0.86       4.53																
130.3489       17.9       0.79       4.31																
130.6692      17.96       0.92       4.25																
130.8026     17.985       0.58       4.43																
131.0429      18.03       0.56       4.35																
131.2297     18.065       0.44       4.21																
131.4165       18.1       0.39       4.54																
131.8436      18.18       0.63       4.56																
132.2173      18.25          0       4.64																
132.2173      18.25       0.65       4.45																
132.5910      18.32       -0.1       4.63																
133.0180       18.4       0.52       4.47																
133.3917      18.47        0.6       4.34																
133.7654      18.54       0.25       4.39																
134.1391      18.61        0.8       4.53																
134.4594      18.67       0.34       4.74																
134.8331      18.74       0.17       4.67																
135.2295      18.81       0.34       4.72																
135.2295      18.81      -0.07       4.71																
135.6825      18.88       0.49       4.64																
136.1356      18.95        0.5       4.48																
137.8832      19.22       0.64        4.6																
139.4366      19.46       0.15       4.66																
139.4366      19.46       0.72       4.57																
140.3428       19.6       0.84       4.35																
141.3137      19.75       0.72       4.37																
142.1551      19.88       0.82       4.46																
142.2846       19.9       0.26       4.62																
142.2846       19.9       0.67       4.45																
143.6438      20.11       0.58       4.43																
144.9384      20.31       0.43       4.28																
146.2329      20.51        0.7       4.34																
147.5921      20.72      -0.11       3.84																
148.7572       20.9        0.1       3.92																
150.0517       21.1       0.24       3.99																
151.0226      21.25       0.73       4.38																
151.0226      21.25        0.6        4.2																
151.3462       21.3       0.34        4.1																
151.8640      21.38       0.53       4.05																
151.9935       21.4       0.26        4.1																
152.4466      21.47       0.82       4.22																
152.6408       21.5       0.86       4.25																
153.9353       21.7       0.79       4.38																
156.8000       21.9       0.78       4.26																
159.7474       22.1       0.78       4.08																
160.4842      22.15       0.72       4.06																
161.2211       22.2       0.89       3.92																
164.1684       22.4       0.72       4.05																
167.1158       22.6       0.66       3.81																
170.0632       22.8       0.28        3.9																
173.0105         23       0.61       4.14																
175.9579       23.2       0.37       3.91																
178.9053       23.4       0.63       4.04																
181.8526       23.6       0.41       4.29																
182.3133      23.65        0.6       4.22																
182.7048       23.7       0.46       4.11																
184.2711       23.9       0.58        4.2																
185.8373       24.1       0.52       4.09																
187.4036       24.3       0.28          4																
187.5602      24.32       0.36       3.88																
188.3434      24.42       0.58       3.73																
188.9699       24.5       0.38       3.43																
189.9096      24.62       0.26       3.32																
190.5361       24.7       0.38       2.87																
190.5361       24.7       0.46       3.23																
191.4759      24.82       0.49       3.29																
																
																
																
3. Ice rafted detritus																
number/gm (>150microns)																
																
Age KYr        MCD       lith/g																
60.04         10.37        67.18																
61.70         10.57       112.85																
63.35         10.77      2540.60																
65.00         10.97      1169.91																
65.39         11.00       570.52																
65.65         11.02       485.48																
66.04         11.05       436.76																
66.30         11.07       328.03																
66.68         11.10        34.68																
66.94         11.12         7.23																
67.33         11.15        11.33																
67.59         11.17        16.46																
67.98         11.20        58.88																
68.24         11.22        60.71																
68.63         11.25       188.06																
68.89         11.27       150.98																
69.28         11.30       162.31																
69.53         11.32        25.52																
69.92         11.35         6.89																
70.18         11.37         6.53																
70.57         11.40        10.84																
70.83         11.42        12.33																
71.22         11.45        50.77																
71.48         11.47        76.55																
71.87         11.50        24.57																
72.13         11.52        66.55																
72.51         11.55       487.00																
72.77         11.57       142.94																
73.16         11.60         4.18																
73.42         11.62         3.72																
73.81         11.65         4.74																
74.07         11.67         0.84																
74.46         11.70         2.59																
74.72         11.72         0.73																
75.11         11.75         1.07																
75.36         11.77         0.88																
75.75         11.80         1.67																
76.01         11.82         0.75																
76.40         11.85         1.07																
76.66         11.87         0.20																
77.05         11.90         1.04																
77.31         11.92         1.10																
77.70         11.95         0.00																
77.96         11.97         1.44																
78.34         12.00         0.00																
78.60         12.02         0.47																
78.99         12.05         1.28																
79.25         12.07         0.10																
79.73         12.10         0.00																
80.05         12.12         2.94																
80.53         12.15         0.51																
80.85         12.17         1.12																
81.33         12.20         1.38																
81.65         12.22        10.23																
82.14         12.25         0.48																
82.46         12.27         0.41																
82.94         12.30         0.00																
83.26         12.32         2.16																
83.74         12.35         0.00																
84.06         12.37         1.70																
84.54         12.40         0.00																
84.86         12.42         1.37																
85.34         12.45         0.00																
85.66         12.47         1.85																
86.14         12.50         9.75																
86.46         12.52        28.11																
86.94         12.55        73.86																
87.26         12.57       217.48																
87.75         12.60       344.56																
88.07         12.62       328.97																
88.55         12.65       376.51																
88.87         12.67        61.87																
89.35         12.70         1.68																
89.67         12.72         2.80																
90.15         12.75         1.97																
90.47         12.77         3.42																
90.95         12.80         0.65																
91.20         12.82         2.50																
92.43         12.92         6.70																
92.81         12.95         4.66																
93.05         12.97         4.01																
93.42         13.00         0.71																
93.67         13.02         6.56																
94.04         13.05         8.10																
94.29         13.07         3.53																
94.66         13.10         6.79																
94.91         13.12																
95.28         13.15         5.44																
95.53         13.17																
95.90         13.20         3.50																
96.15         13.22        11.55																
96.52         13.25         5.02																
96.76         13.27         3.92																
97.13         13.30        11.94																
97.38         13.32         0.00																
97.75         13.35        11.94																
98.00         13.37        10.80																
98.42         13.40        17.01																
98.69         13.42         8.34																
99.11         13.45        28.91																
99.39         13.47         0.00																
99.80         13.50        20.74																
100.08        13.52         0.00																
100.49        13.55       108.81																
100.77        13.57        60.42																
101.19        13.60        59.53																
101.46        13.62         6.19																
101.88        13.65        13.38																
102.15        13.67         0.00																
102.57        13.70         6.06																
102.85        13.72         0.00																
103.26        13.75        16.64																
103.54        13.77         8.72																
103.95        13.80        25.84																
104.23        13.82        45.41																
104.65        13.85																
104.92        13.87         0.00																
105.34        13.90        41.93																
105.62        13.92         0.00																
106.03        13.95       423.71																
106.31        13.97       105.65																
106.72        14.00       225.39																
107.00        14.02       249.23																
107.35        14.05         9.97																
107.59        14.07         0.00																
107.94        14.10         1.62																
108.18        14.12         0.00																
108.29        14.13         0.00																
108.29        14.13         0.24																
108.53        14.15         5.95																
108.65        14.16         4.49																
108.77        14.17         0.65																
108.77        14.17         0.00																
109.12        14.20         0.00																
109.12        14.20         0.87																
109.35        14.22         0.00																
109.59        14.24         1.18																
109.71        14.25         0.00																
109.94        14.27         0.29																
109.94        14.27         0.00																
110.29        14.30         0.65																
110.41        14.31         3.55																
110.53        14.32         0.00																
110.88        14.35         0.59																
111.00        14.36         5.34																
111.12        14.37         0.00																
111.35        14.39         0.00																
111.47        14.40         1.23																
111.71        14.42         0.00																
112.18        14.46         1.64																
112.65        14.50         6.62																
113.12        14.54         3.09																
113.47        14.57        19.38																
113.94        14.61         3.38																
114.53        14.66         4.05																
114.88        14.69         2.16																
115.00        14.70         2.95																
115.24        14.72         0.00																
115.71        14.76        16.36																
116.18        14.80        15.15																
116.65        14.84         1.93																
117.00        14.87         0.00																
117.17        14.91         8.18																
117.38        14.96         0.00																
117.51        14.99         1.94																
117.64        15.02         2.88																
117.81        15.06         0.78																
117.98        15.10         3.81																
118.15        15.14         5.20																
118.27        15.17         0.00																
118.44        15.21         2.15																
118.57        15.24         0.32																
118.66        15.26         0.74																
118.78        15.29         0.00																
118.95        15.33         0.70																
119.08        15.36         0.00																
119.21        15.39         0.00																
119.34        15.42         0.00																
119.46        15.45         0.84																
119.55        15.47         0.00																
119.72        15.51         0.76																
119.89        15.55         7.10																
120.06        15.59        20.21																
120.19        15.62         0.00																
120.36        15.66         6.21																
120.53        15.70         0.00																
120.70        15.74         0.69																
120.82        15.77         0.54																
120.99        15.81																
121.21        15.86         1.87																
121.33        15.89         0.00																
121.46        15.92         6.83																
121.63        15.96         0.00																
121.80        16.00         0.00																
121.97        16.04         0.00																
122.10        16.07        13.82																
122.27        16.11         0.89																
122.48        16.16         2.79																
122.48        16.16         0.33																
122.61        16.19         0.00																
122.73        16.22         0.00																
122.73        16.22         0.00																
122.90        16.26         0.94																
123.07        16.30         0.00																
123.24        16.34         3.16																
123.37        16.37         0.00																
123.54        16.41         1.25																
123.75        16.46         3.89																
123.88        16.49         0.00																
124.01        16.52         3.12																
124.18        16.56         1.60																
124.35        16.60         3.34																
124.52        16.64         0.95																
124.60        16.66         0.00																
124.82        16.71         3.41																
124.94        16.74         0.35																
125.03        16.76         2.66																
125.15        16.79         0.79																
125.28        16.82         2.67																
125.45        16.86        15.25																
125.58        16.89         6.07																
125.71        16.92         2.50																
125.83        16.95         1.39																
125.92        16.97        17.08																
126.09        17.01        11.57																
126.26        17.05        18.79																
126.43        17.09        35.44																
126.56        17.12        69.94																
126.73        17.16        28.24																
126.90        17.20        61.76																
127.07        17.24        71.66																
127.19        17.27        51.74																
127.36        17.31        98.67																
127.58        17.36        50.37																
127.70        17.39       120.42																
127.83        17.42       598.87																
128.00        17.46      2382.90																
128.21        17.50       609.39																
128.43        17.54       541.84																
128.59        17.57      1179.36																
128.80        17.61       936.95																
129.07        17.66																
129.23        17.69       486.37																
129.39        17.72       215.80																
129.60        17.76       337.10																
129.82        17.80       174.44																
130.03        17.84       248.97																
130.19        17.87        58.70																
130.24        17.88        36.09																
130.40        17.91        43.57																
130.46        17.92        26.52																
130.51        17.93        78.90																
130.56        17.94        14.23																
130.72        17.97        48.53																
130.78        17.98        57.18																
130.83        17.99        86.17																
130.94        18.01        20.10																
131.10        18.04        19.41																
131.15        18.05        36.30																
131.20        18.06        40.32																
131.31        18.08       181.20																
131.47        18.11        48.58																
131.52        18.12        22.36																
131.58        18.13        42.61																
131.74        18.16        32.85																
131.90        18.19        18.09																
131.95        18.20         8.93																
132.00        18.21        20.93																
132.11        18.23        80.10																
132.27        18.26       303.16																
132.32        18.27       205.17																
132.38        18.28        24.26																
132.48        18.30        12.07																
132.64        18.33         5.69																
132.70        18.34         2.34																
132.75        18.35         7.69																
132.81        18.36        59.18																
132.91        18.38       165.77																
133.07        18.41        54.30																
133.13        18.42        78.90																
133.18        18.43       144.43																
133.29        18.45        32.33																
133.45        18.48         3.01																
133.50        18.49         3.75																
133.55        18.50         2.28																
133.66        18.52         0.95																
133.82        18.55         1.30																
133.87        18.56         7.26																
133.93        18.57        27.74																
134.03        18.59        17.08																
134.14        18.61        28.96																
134.46        18.67        46.61																
134.83        18.74         0.00																
135.23        18.81         0.00																
135.68        18.88         2.93																
136.14        18.95        12.48																
136.59        19.02        13.57																
137.88        19.22        78.71																
139.44        19.46        24.18																
140.34        19.60        58.68																
141.31        19.75       181.64																
142.16        19.88        70.49																
142.29        19.90        87.20																
																
																
																
																
4. Faunal Data 	   															
Percentage data of the planktonic foramininfera in the >150micron fraction- used to estimate SST	 															
																
																
Age_4_06coreID     cmcd     mcd    univ   congl  truber    tene   tsacc    aequ    cali    bull    falc    digi   rubsc    humi    quin  pachyl  pachyr    dutr   obliq    infl  truncl  truncr   crass    hirs    scit     men    glut    they     iota   other TotCountColumn 3  %bull   %quin  %ruber     %NpL     %NpR    %dutr    %infl    %hirs    %scit																
65.65   Site980     1102   11.02       0       0       0       0       0       0       0   12.46       0       0       0       0   12.10   47.69   18.15    1.25       0    1.96       0       0       0  0.7117    1.96    0.00    3.20       0       0   0.534     562       0 0.02216 0.02153 0.00000  0.08485  0.03229  0.00222  0.00348  0.00127  0.00348																
66.30   Site980     1107   11.07       0       0       0       0       0       0       0   14.36  0.4894       0       0       0   25.12   24.14   19.09    0.49  0.1631    5.55       0       0       0  0.9788    3.43    0.00    5.55       0       0   0.653     613       0 0.02342 0.04098 0.00000  0.03939  0.03114  0.00080  0.00905  0.00160  0.00559																
66.94   Site980     1112   11.12       0       0       0       0       0       0       0   28.49       0       0       0       0   21.22    3.78   28.78    0.87       0    6.40       0       0       0  0.8721    4.07    0.00    4.07       0       0   1.454     344       0 0.08282 0.06169 0.00000  0.01099  0.08366  0.00254  0.01859  0.00254  0.01183																
67.59   Site980     1117   11.17       0       0       0       0       0       0       0   23.28  0.6557       0       0       0   15.08    5.25   38.36    2.95       0    8.85       0       0       0  0.6557    0.98    0.00    2.62       0       0   1.312     305       0 0.07632 0.04945 0.00000  0.01720  0.12577  0.00967  0.02902  0.00215  0.00322																
68.24   Site980     1122   11.22       0       0       0       0       0       0       0   19.56       0       0       0       0   13.84    9.04   43.36    2.21       0    5.35       0       0       0   0.738    2.58    0.00    2.77       0       0   0.554     542       0 0.03608 0.02553 0.00000  0.01668  0.08000  0.00408  0.00987  0.00136  0.00477																
68.89   Site980     1127   11.27  0.3704       0       0       0       0       0  0.1852   18.15  0.1852       0       0       0   22.41   23.52   22.41    0.56       0    5.00       0       0       0  0.3704    2.04    0.00    3.89       0       0   0.926     540       0 0.03361 0.04150 0.00000  0.04355  0.04150  0.00103  0.00926  0.00069  0.00377																
69.53   Site980     1132   11.32  0.1473       0       0       0       0       0       0   26.22  0.2946       0       0       0   28.13    3.53   20.62    1.77       0    5.01       0       0       0  1.4728    3.83    0.00    6.48       0       0   2.504     679       0 0.03861 0.04143 0.00000  0.00521  0.03037  0.00260  0.00737  0.00217  0.00564																
70.18   Site980     1137   11.37       0       0       0       0       0       0       0   24.65  1.4085       0       0       0   21.48    4.93   24.65    2.11       0    6.69       0       0       0       0    3.52    0.00    8.80       0       0   1.761     284       0 0.08679 0.07563 0.00000  0.01736  0.08679  0.00744  0.02356  0.00000  0.01240																
70.83   Site980     1142   11.42  0.3096       0       0       0       0  0.3096  0.3096   18.27  0.3096       0       0       0   24.77    1.86   26.32    3.10       0    7.43       0       0       0  0.6192    4.95    0.00    9.60       0       0   1.858     323       0 0.05655 0.07668 0.00000  0.00575  0.08147  0.00959  0.02300  0.00192  0.01534																
71.48   Site980     1147   11.47       0       0       0       0       0       0       0   15.36  0.3268       0       0       0   19.28   10.13   21.57    4.25       0   13.07       0       0       0  0.9804    1.96    0.00   12.09       0       0   0.980     306       0 0.05019 0.06301 0.00000  0.03311  0.07049  0.01388  0.04272  0.00320  0.00641																
72.13   Site980     1152   11.52       0       0       0       0       0       0  0.2128   15.74       0       0       0       0   28.72   20.43   13.19    0.21       0    2.77       0       0       0  1.2766    3.83    0.00   11.70       0       0   1.915     470       0 0.03350 0.06111 0.00000  0.04346  0.02807  0.00045  0.00589  0.00272  0.00815																
72.77   Site980     1157   11.57       0       0  0.5051       0       0       0       0   20.20       0       0       0       0   25.76   13.13   11.11    0.51       0    6.06       0       0       0  3.0303    5.56    0.00   13.13       0       0   1.010     198       0 0.10203 0.13009 0.00255  0.06632  0.05612  0.00255  0.03061  0.01530  0.02806																
73.42   Site980     1162   11.62       0       0       0       0       0       0       0   32.09       0       0       0       0   20.40    8.71    9.95    1.00  0.2488    1.99       0       0       0  0.4975    5.22    0.00   18.66       0       0   1.244     402       0 0.07982 0.05074 0.00000  0.02166  0.02475  0.00248  0.00495  0.00124  0.01299																
74.07   Site980     1167   11.67       0       0       0       0       0       0  0.6309   23.66  0.6309       0       0       0   29.97    4.10    9.78    2.21       0    3.47       0  0.6309       0  0.9464    7.26    0.00   13.56       0       0   3.155     317       0 0.07464 0.09454 0.00000  0.01294  0.03085  0.00697  0.01095  0.00299  0.02289																
74.72   Site980     1172   11.72       0       0       0       0       0       0       0   34.23       0       0       0       0   27.49    2.70   12.13    0.54       0    3.50       0       0       0  0.2695    5.12    0.00   13.75       0       0   0.270     371       0 0.09227 0.07411 0.00000  0.00727  0.03269  0.00145  0.00944  0.00073  0.01380																
75.36   Site980     1177   11.77       0       0       0       0       0  0.2494       0   39.40       0       0       0       0   26.93    3.74    8.23    0.50  0.2494    0.75       0  0.2494       0       0    5.49    0.00   12.47       0       0   1.746     401       0 0.09826 0.06716 0.00000  0.00933  0.02052  0.00124  0.00187  0.00000  0.01368																
76.01   Site980     1182   11.82  0.2941       0  0.2941       0       0       0       0   37.35  0.2941       0       0       0   22.65    2.94   13.82    0.29       0    4.12       0       0       0       0    5.88    0.00   11.47       0       0   0.588     340       0 0.10986 0.06661 0.00087  0.00865  0.04066  0.00087  0.01211  0.00000  0.01730																
76.66   Site980     1187   11.87       0       0       0       0       0       0  0.3436   28.87  0.6873       0       0       0   21.31    3.44   13.40    2.41       0    3.09       0  0.3436       0  0.6873    8.25    0.00   14.09       0       0   3.093     291       0 0.09920 0.07322 0.00000  0.01181  0.04606  0.00827  0.01063  0.00236  0.02834																
77.31   Site980     1192   11.92       0       0  0.2381       0       0       0       0   23.33       0  0.2381       0       0   34.52    3.81   11.67    0.24  0.2381    3.57       0       0       0  1.4286    4.52    0.00   14.29       0       0   1.905     420       0 0.05556 0.08220 0.00057  0.00907  0.02778  0.00057  0.00850  0.00340  0.01077																
77.95   Site980     1197   11.97       0       0  0.4545       0       0       0       0   13.64  0.4545       0       0       0   50.91    1.36    8.18    0.00       0    3.18       0  0.4545       0  1.3636    6.36    0.00   11.36       0       0   2.273     220       0 0.06198 0.23141 0.00207  0.00620  0.03719  0.00000  0.01446  0.00620  0.02893																
78.60   Site980     1202   12.02       0       0       0       0       0       0       0   18.77  0.3831       0       0       0   34.48    3.07   19.92    1.53       0    3.07       0       0  0.3831  0.3831    4.98    0.00   11.49       0       0   1.533     261       0 0.07193 0.13212 0.00000  0.01174  0.07633  0.00587  0.01174  0.00147  0.01908																
79.25   Site980     1207   12.07       0       0       0       0       0       0       0   18.34  0.5917  0.8876       0       0   31.36    1.18   12.72    7.99       0    5.33       0       0       0  2.6627    1.78    0.00   15.68       0       0   1.479     338       0 0.05427 0.09278 0.00000  0.00350  0.03764  0.02363  0.01576  0.00788  0.00525																
80.85   Site980     1217   12.17       0       0       0       0       0       0       0   16.39       0       0       0       0   38.80    3.01   18.06    2.01       0    4.68  0.3344       0       0  0.3344    4.35    0.00   11.04       0       0   1.003     299       0 0.05481 0.12975 0.00000  0.01007  0.06040  0.00671  0.01566  0.00112  0.01454																
81.65   Site980     1222   12.22       0       0       0       0       0       0       0   13.59       0       0       0       0   33.66    2.27   24.60    0.65       0    4.85       0       0       0  1.2945    3.56    0.00   14.89       0       0   0.647     309       0 0.04399 0.10892 0.00000  0.00733  0.07960  0.00209  0.01571  0.00419  0.01152																
82.46   Site980     1227   12.27       0       0       0       0       0       0       0   17.09  0.8547  0.2849       0       0   31.91    1.42   15.95    5.13       0    5.13       0       0       0  1.9943    3.42    0.00   15.38       0       0   1.425     351       0 0.04870 0.09091 0.00000  0.00406  0.04545  0.01461  0.01461  0.00568  0.00974																
83.26   Site980     1232   12.32       0       0       0       0       0       0       0   13.73  0.2985       0       0       0   21.49    5.67   21.79    1.19       0    5.37       0       0       0  1.4925    5.97    0.00   22.09       0       0   0.896     335       0 0.04099 0.06416 0.00000  0.01693  0.06505  0.00356  0.01604  0.00446  0.01782																
84.06   Site980     1237   12.37       0       0       0       0       0       0       0   15.68       0       0       0       0   26.49    1.62   27.84    0.54       0    4.32       0       0  0.2703  2.1622    3.51    0.00   15.95       0       0   1.622     370       0 0.04237 0.07159 0.00000  0.00438  0.07524  0.00146  0.01169  0.00584  0.00950																
84.86   Site980     1242   12.42       0       0       0       0       0       0       0   19.59  0.2577       0       0       0   27.32    1.29   23.20    1.03       0    3.09       0       0       0  4.1237    3.87    0.00   15.72       0       0   0.516     388       0 0.05048 0.07041 0.00000  0.00332  0.05978  0.00266  0.00797  0.01063  0.00996																
85.66   Site980     1247   12.47       0       0  0.3215       0       0       0       0   18.33       0       0       0       0   18.97    3.22   20.58    9.32       0    3.86       0       0       0  1.6077    2.89    0.00   16.72       0       0   4.180     311       0 0.05893 0.06100 0.00103  0.01034  0.06617  0.02998  0.01241  0.00517  0.00931																
86.46   Site980     1252   12.52       0       0       0       0       0       0       0   23.40   0.266   0.266       0       0   25.00    9.57   15.69    0.80       0    6.38       0       0       0  1.0638    3.46    0.00   12.77       0       0   1.330     376       0 0.06225 0.06649 0.00000  0.02546  0.04173  0.00212  0.01698  0.00283  0.00920																
87.26   Site980     1257   12.57       0       0       0       0       0       0       0   22.05  0.1934       0       0       0   18.38   30.56    9.09    1.35       0    2.71       0       0       0  0.3868    1.74    0.00   11.61       0       0   1.934     517       0 0.04265 0.03554 0.00000  0.05911  0.01758  0.00262  0.00524  0.00075  0.00337																
88.07   Site980     1262   12.62       0       0       0       0       0       0       0    9.19       0       0       0       0   19.21   54.07    8.14    1.04       0    1.25       0  0.4175       0       0    0.84    0.00    5.22       0       0   0.626     479       0 0.01918 0.04010 0.00000  0.11288  0.01700  0.00218  0.00262  0.00000  0.00174																
88.87   Site980     1267   12.67       0       0       0       0       0       0       0   15.13  0.2801       0       0       0   45.10   14.01    7.84    1.12       0    1.40       0       0       0  1.1204    1.40    0.00   12.04       0       0   0.560     357       0 0.04237 0.12632 0.00000  0.03923  0.02197  0.00314  0.00392  0.00314  0.00392																
89.67   Site980     1272   12.72       0       0       0       0       0       0       0   35.45       0       0       0       0   29.77    4.68   15.38    2.68       0    1.00       0  0.3344       0  0.3344    1.67    0.00    7.36       0       0   1.338     299       0 0.11857 0.09955 0.00000  0.01566  0.05145  0.00895  0.00336  0.00112  0.00559																
90.47   Site980     1277   12.77       0       0       0       0       0       0  0.4264   35.39       0       0       0       0   40.51    4.05    3.41    2.35       0    1.92       0  0.4264  0.2132  1.4925    0.85    0.00    7.89       0       0   1.066     469       0 0.07547 0.08638 0.00000  0.00864  0.00727  0.00500  0.00409  0.00318  0.00182																
91.20   Site980     1282   12.82       0       0       0       0       0       0       0   26.30  0.3247  0.6494       0       0   30.84    3.57   15.26    3.57       0    4.22       0       0       0  0.6494    2.27    0.00   11.36       0       0   0.974     308       0 0.08539 0.10014 0.00000  0.01160  0.04954  0.01160  0.01370  0.00211  0.00738																
92.43   Site980     1292   12.92       0       0       0       0       0       0       0   17.86  0.6494       0       0       0   35.06    4.55   18.83    2.92       0    1.95       0  0.6494       0  1.2987    3.57    0.00   10.71       0       0   1.948     308       0 0.05798 0.11385 0.00000  0.01476  0.06114  0.00949  0.00633  0.00422  0.01160																
93.05   Site980     1297   12.97       0       0       0       0       0       0       0   17.65  0.6192       0       0       0   37.46    6.50   13.00    1.86       0    2.48       0       0       0  1.2384    5.57    0.00   10.22       0       0   3.406     323       0 0.05463 0.11598 0.00000  0.02013  0.04026  0.00575  0.00767  0.00383  0.01725																
93.67   Site980     1302   13.02       0       0       0       0       0       0       0   28.24       0       0       0       0   24.50    5.19   19.60    0.86       0    2.31       0       0       0  2.5937    5.19    0.00    9.51       0       0   2.017     347       0 0.08139 0.07059 0.00000  0.01495  0.05647  0.00249  0.00664  0.00747  0.01495																
94.29   Site980     1307   13.07       0       0       0       0       0       0  0.3003   12.61  1.5015  0.3003       0       0   45.95    5.41   15.62    2.70       0    2.70       0  0.3003       0  2.7027    2.40    0.00    6.31       0       0   1.201     333       0 0.03788 0.13798 0.00000  0.01623  0.04689  0.00812  0.00812  0.00812  0.00721																
94.66   Site980     1310    13.1       0       0       0       0       0       0       0   14.55       0       0       0       0   40.36   12.00   13.45    0.00       0    1.45       0       0       0  0.7273    4.00    0.00   10.18       0       0   3.273     275       0 0.05289 0.14678 0.00000  0.04364  0.04893  0.00000  0.00529  0.00264  0.01455																
95.28   Site980     1315   13.15  0.2809       0       0       0       0       0       0   22.19  0.2809       0       0       0   39.89    6.18   10.11    5.90  0.2809    3.65  0.2809       0       0  1.4045    3.37    0.00    5.06       0       0   1.124     356       0 0.06233 0.11204 0.00000  0.01736  0.02841  0.01657  0.01026  0.00395  0.00947																
96.14   Site980     1322   13.22       0       0       0       0       0  0.2632       0   15.53       0       0       0       0   46.84    5.00   15.26    0.26       0    2.37       0       0       0  2.6316    2.89    0.00    8.42       0       0   0.526     380       0 0.04086 0.12327 0.00000  0.01316  0.04017  0.00069  0.00623  0.00693  0.00762																
96.76   Site980     1327   13.27       0       0       0       0       0       0  0.2762   14.09  0.8287  0.5525       0       0   37.57    2.21   23.20    2.76       0    3.31       0       0       0  0.2762    5.52    0.00    7.73       0       0   1.658     362       0 0.03892 0.10378 0.00000  0.00610  0.06410  0.00763  0.00916  0.00076  0.01526																
97.38   Site980     1332   13.32       0       0       0       0       0       0       0   18.73       0       0  0.3344       0   42.47    4.01   14.72    2.34       0    2.01       0       0       0  3.3445    2.68    0.00    8.03       0       0   1.338     299       0 0.06264 0.14206 0.00000  0.01342  0.04922  0.00783  0.00671  0.01119  0.00895																
98.00   Site980     1337   13.37       0       0       0       0       0       0       0   15.73  0.2967  0.2967       0       0   35.61    2.97   21.96    5.64       0    3.56       0  0.2967       0  0.5935    3.56    0.00    7.12       0       0   2.374     337       0 0.04667 0.10566 0.00000  0.00881  0.06516  0.01673  0.01057  0.00176  0.01057																
98.69   Site980     1342   13.42       0       0       0       0       0       0       0   12.91  0.3311       0       0       0   43.71    5.96   15.23    3.31       0    4.30       0       0       0  0.6623    3.97    0.00    7.95       0       0   1.656     302       0 0.04276 0.14473 0.00000  0.01974  0.05044  0.01096  0.01425  0.00219  0.01316																
99.38   Site980     1347   13.47       0       0       0       0       0       0       0   10.74  0.5964       0       0       0   42.74    6.76   20.68    1.59       0    3.18       0       0       0  1.7893    2.19    0.00    9.34       0       0   0.398     503       0 0.02134 0.08498 0.00000  0.01344  0.04111  0.00316  0.00632  0.00356  0.00435																
100.08  Site980     1352   13.52   0.277       0       0       0       0       0       0   14.68       0       0       0       0   45.43    9.70   14.13    1.39       0    4.43   0.277   0.277       0   1.662    1.11    0.00    6.09       0       0   0.554     361       0 0.04067 0.12584 0.00000  0.02686  0.03913  0.00384  0.01228  0.00460  0.00307																
100.77  Site980     1357   13.57       0       0       0       0       0       0       0   12.43       0   0.565       0       0   32.77   15.54   14.69    5.37       0    2.54       0  0.2825       0  1.4124    3.39    0.00    8.76       0       0   2.260     354       0 0.03511 0.09257 0.00000  0.04389  0.04150  0.01516  0.00718  0.00399  0.00958																
101.46  Site980     1362   13.62       0       0       0       0       0       0       0   16.44  0.2695       0       0       0   34.23    5.66   17.79    2.70       0    4.04       0  0.2695       0  2.6954    0.81    0.00   14.56       0       0   0.539     371       0 0.04432 0.09227 0.00000  0.01526  0.04795  0.00727  0.01090  0.00727  0.00218																
102.15  Site980     1367   13.67       0       0       0       0       0       0       0   14.92       0       0       0       0   40.31    9.42   15.97    1.05       0    6.81  0.2618       0       0  0.2618    1.31    0.00    8.64       0       0   1.047     382       0 0.03906 0.10553 0.00000  0.02467  0.04180  0.00274  0.01782  0.00069  0.00343																
102.85  Site980     1372   13.72       0       0       0       0       0       0       0   16.76       0  0.2841       0       0   35.51    4.55   20.45    1.99       0    7.95       0       0  0.2841  1.1364    0.85    0.00    9.66       0       0   0.568     352       0 0.04762 0.10088 0.00000  0.01291  0.05811  0.00565  0.02260  0.00323  0.00242																
103.54  Site980     1377   13.77       0       0       0       0       0       0  0.2653   12.47  1.5915       0       0       0   38.46    2.12   25.46    5.31       0    5.04  0.2653       0       0  0.5305    0.80    0.00    5.57       0       0   2.122     377       0 0.03307 0.10202 0.00000  0.00563  0.06754  0.01407  0.01337  0.00141  0.00211																
104.23  Site980     1382   13.82       0       0       0       0       0       0       0   21.02       0  0.3185       0       0   35.67    7.32   22.61    3.18       0    4.46       0  0.3185       0  0.6369    0.64    0.00    3.18       0       0   0.637     314       0 0.06694 0.11359 0.00000  0.02333  0.07201  0.01014  0.01420  0.00203  0.00203																
104.92  Site980     1387   13.87       0       0       0       0       0       0       0   25.73  0.3868       0       0       0   34.43    5.42   19.15    2.71       0    4.84       0       0       0  0.5803    1.55    0.00    3.29       0       0   1.934     517       0 0.04976 0.06659 0.00000  0.01048  0.03704  0.00524  0.00935  0.00112  0.00299																
105.62  Site980     1392   13.92       0       0  0.2481       0       0       0       0   25.81  0.2481       0       0       0   27.79   14.39   20.60    0.74       0    4.71       0       0       0  0.2481    0.74    0.00    2.23       0       0   2.233     403       0 0.06404 0.06896 0.00062  0.03571  0.05111  0.00185  0.01170  0.00062  0.00185																
106.31  Site980     1397   13.97       0       0       0       0       0       0       0   26.42  0.5682       0       0       0   27.27   26.99    9.94    1.42       0    1.14       0       0       0       0    0.28    0.00    3.69       0       0   2.273     352       0 0.07506 0.07748 0.00000  0.07667  0.02825  0.00404  0.00323  0.00000  0.00081																
107.00  Site980     1402   14.02       0       0       0       0       0       0       0   30.08       0       0       0       0   32.72   16.10    9.76    0.00       0    1.06       0  0.2639       0       0    1.58    0.00    7.12       0       0   1.319     379       0 0.07936 0.08633 0.00000  0.04247  0.02576  0.00000  0.00278  0.00000  0.00418																
107.59  Site980     1407   14.07       0       0       0       0       0       0       0   34.98       0       0       0       0   30.05    8.87   11.58    0.00       0    1.72       0  0.2463       0       0    0.49    0.00   10.34       0       0   1.724     406       0 0.08615 0.07401 0.00000  0.02184  0.02851  0.00000  0.00425  0.00000  0.00121																
108.18  Site980     1412   14.12       0       0       0       0       0       0       0   39.72  0.1773       0       0       0   28.90    1.60   10.28    2.48       0    2.66       0  0.3546       0  0.3546    0.71    0.00   11.70       0       0   1.064     564       0 0.07042 0.05124 0.00000  0.00283  0.01823  0.00440  0.00472  0.00063  0.00126																
108.29  Site980     1413   14.13       0       0       0       0       0       0  0.3165   33.54  0.6329  0.3165       0       0   30.38    2.22   12.03    2.85       0    2.22  0.3165  0.3165       0  0.9494    0.00    0.00   11.71       0       0   2.215     316       0 0.10615 0.09614 0.00000  0.00701  0.03805  0.00901  0.00701  0.00300  0.00000																
108.76  Site980     1417   14.17  0.3165       0       0       0       0       0       0   42.41  1.5823  0.3165       0       0   19.30    0.32   13.61    2.53       0    2.22       0       0       0  0.6329    0.95    0.00   14.87       0       0   0.949     316       0 0.13419 0.06109 0.00000  0.00100  0.04306  0.00801  0.00701  0.00200  0.00300																
108.76  Site980     1417   14.17       0       0       0       0       0       0       0   42.90       0       0       0       0   26.07    0.99   11.22    0.33       0    3.30       0    0.33       0    0.33    0.99    0.00   12.54       0       0   0.990     303       0 0.14160 0.08605 0.00000  0.00327  0.03703  0.00109  0.01089  0.00109  0.00327																
109.24  Site980     1421   14.21       0       0       0       0       0       0       0   46.15       0       0       0       0   19.85    0.74   14.39    0.50       0    2.98       0       0       0  1.2407    0.50    0.00   12.90       0       0   0.744     403       0 0.11453 0.04926 0.00000  0.00185  0.03571  0.00123  0.00739  0.00308  0.00123																
109.35  Site980     1422   14.22       0       0       0       0       0       0       0   44.30  0.3356       0       0       0   11.75    0.67   18.12    1.68       0    5.37       0       0       0  0.3356    1.34    0.00   15.77       0       0   0.336     298       0 0.14864 0.03941 0.00000  0.00225  0.06081  0.00563  0.01802  0.00113  0.00450																
109.71  Site980     1425   14.25       0       0       0       0       0       0       0   32.12       0       0       0       0   24.86    0.28   22.91    0.84       0    3.35       0  0.2793       0  0.5587    0.56    0.00   13.69       0       0   0.559     358       0 0.08973 0.06944 0.00000  0.00078  0.06398  0.00234  0.00936  0.00156  0.00156																
109.94  Site980     1427   14.27       0       0       0       0       0       0       0   34.94  0.3205       0       0       0   21.79    0.32   16.03    3.85       0    6.73       0       0       0  0.3205    0.32    0.00   12.82       0       0   2.564     312       0 0.11197 0.06986 0.00000  0.00103  0.05136  0.01233  0.02157  0.00103  0.00103																
109.94  Site980     1427   14.27       0       0       0       0       0       0       0   34.71       0       0       0  1.5009   22.51    1.31   17.26    0.38       0    4.13       0       0       0  0.5629    0.56    0.00   16.32       0       0   0.751     533       0 0.06512 0.04224 0.00000  0.00246  0.03238  0.00070  0.00774  0.00106  0.00106																
110.41  Site980     1431   14.31       0       0       0       0       0       0       0   35.56       0       0       0       0   22.54    1.76   19.72    0.70       0    5.99       0       0       0  0.7042    0.35    0.00   11.62       0       0   1.056     284       0 0.12522 0.07935 0.00000  0.00620  0.06943  0.00248  0.02108  0.00248  0.00124																
110.53  Site980     1432   14.32       0       0       0       0       0       0       0   38.28       0       0       0       0   23.96    0.78   16.67    0.00       0    4.95       0       0       0       0    0.78    0.00   13.80       0       0   0.781     384       0 0.09969 0.06239 0.00000  0.00203  0.04340  0.00000  0.01289  0.00000  0.00203																
111.00  Site980     1436   14.36       0       0       0       0       0       0       0   33.00       0       0       0       0   24.18    1.76   18.64    0.25       0    6.30       0       0       0  0.5038    0.50    0.00   14.36       0       0   0.504     397       0 0.08312 0.06091 0.00000  0.00444  0.04695  0.00063  0.01586  0.00127  0.00127																
111.12  Site980     1437   14.37       0       0       0       0       0       0       0   25.77  1.5337  0.3067       0       0   36.20    1.53    9.20    2.15       0    4.60       0  0.3067       0  0.9202    1.23    0.00   12.58       0       0   3.681     326       0 0.07904 0.11103 0.00000  0.00470  0.02823  0.00659  0.01411  0.00282  0.00376																
111.71  Site980     1442   14.42       0       0       0       0       0       0       0   33.77  0.6557  0.3279       0       0   29.84    2.95   11.80    1.31       0    6.23       0       0       0       0    0.66    0.00   10.49       0       0   1.967     305       0 0.11072 0.09782 0.00000  0.00967  0.03870  0.00430  0.02042  0.00000  0.00215																
112.18  Site980     1446   14.46       0       0       0       0       0       0       0   34.81  0.3413       0       0       0   23.72    2.39   15.02    0.00       0    7.85       0  0.1706       0  0.6826    0.85    0.00   12.80       0       0   1.365     586       0 0.05941 0.04048 0.00000  0.00408  0.02563  0.00000  0.01340  0.00116  0.00146																
112.65  Site980     1450    14.5       0       0       0       0       0       0       0   31.76       0       0       0       0   30.89    3.32   13.09    0.87       0    7.50       0   0.349       0  0.6981    1.05    0.00    8.90       0       0   1.571     573       0 0.05543 0.05391 0.00000  0.00579  0.02284  0.00152  0.01310  0.00122  0.00183																
113.12  Site980     1454   14.54       0       0       0       0       0       0       0   27.46       0       0       0       0   31.56    2.25   13.52    0.41       0    6.76       0  0.4098       0  0.6148    0.20    0.00   16.19       0       0   0.615     488       0 0.05627 0.06467 0.00000  0.00462  0.02771  0.00084  0.01386  0.00126  0.00042																
113.47  Site980     1457   14.57       0       0       0       0       0       0       0   24.68  0.6329       0       0       0   37.97    3.48   12.66    0.63       0    4.75       0  0.3165       0  0.6329    0.63    0.00   11.71       0       0   1.899     316       0 0.07811 0.12017 0.00000  0.01102  0.04006  0.00200  0.01502  0.00200  0.00200																
113.94  Site980     1461   14.61       0       0       0       0       0       0       0   22.63       0       0       0       0   32.72    2.14   14.98    0.61       0    7.34       0       0       0  0.9174    0.00    0.00   18.04       0       0   0.612     327       0 0.06920 0.10007 0.00000  0.00655  0.04582  0.00187  0.02244  0.00281  0.00000																
114.53  Site980     1466   14.66       0       0       0       0       0       0       0   21.91       0       0       0       0   38.76    1.12   12.64    0.56       0    9.83       0  0.2809       0  0.8427    0.84    0.00   12.36       0       0   0.843     356       0 0.06155 0.10889 0.00000  0.00316  0.03551  0.00158  0.02762  0.00237  0.00237																
115.00  Site980     1470    14.7  0.3711       0       0       0       0       0       0   20.04  0.1855  0.1855       0       0   38.96    0.56   15.03    1.30       0    3.53       0  0.1855       0  1.2987    1.86    0.00   14.29       0       0   2.226     539       0 0.03717 0.07228 0.00000  0.00103  0.02788  0.00241  0.00654  0.00241  0.00344																
115.24  Site980     1472   14.72  0.3257       0  0.3257       0       0  0.3257       0   20.52  0.3257  0.6515       0       0   39.41    0.65    8.79    3.58       0    6.84       0       0       0  0.3257    1.30    0.00   14.01       0       0   2.606     307       0 0.06684 0.12838 0.00106  0.00212  0.02865  0.01167  0.02228  0.00106  0.00424																
115.71  Site980     1476   14.76       0       0       0       0       0       0       0   22.52       0  0.2475  0.2475       0   28.96    1.98   15.84    1.24       0    7.67  0.2475       0       0   0.495    0.74    0.00   18.81       0       0   0.990     404       0 0.05575 0.07168 0.00000  0.00490  0.03921  0.00306  0.01899  0.00123  0.00184																
116.18  Site980     1480    14.8       0       0       0       0       0       0  0.4435   21.29  0.6652       0       0       0   39.25    2.00   13.08    0.67       0    7.76       0  0.2217       0  0.2217    1.11    0.00   12.20       0       0   1.109     451       0 0.04720 0.08702 0.00000  0.00442  0.02901  0.00147  0.01721  0.00049  0.00246																
116.65  Site980     1484   14.84  0.2545       0  0.5089       0       0       0       0   18.83       0       0       0       0   41.73    1.27   10.43    0.76       0   10.94       0  0.2545       0  0.7634    0.51    0.00   11.96       0       0   1.781     393       0 0.04791 0.10618 0.00129  0.00324  0.02655  0.00194  0.02784  0.00194  0.00129																
117.00  Site980     1487   14.87       0       0       0       0       0       0       0   16.78       0       0       0       0   53.36    0.34   11.75    1.34       0    4.70       0       0       0       0    1.01    0.00    7.38       0       0   3.356     298       0 0.05630 0.17905 0.00000  0.00113  0.03941  0.00450  0.01577  0.00000  0.00338																
117.17  Site980     1491   14.91  0.7853       0       0       0       0       0       0   17.02       0       0       0  0.2618   40.31    0.00    9.95    2.88       0   12.30       0       0       0  0.5236    1.31    0.00   13.61       0       0   1.047     382       0 0.04454 0.10553 0.00000  0.00000  0.02604  0.00754  0.03221  0.00137  0.00343																
117.38  Site980     1496   14.96   0.939       0       0       0       0  0.2347       0   19.48       0       0  0.2347       0   40.61    1.88    9.62    1.41       0   11.03       0       0       0  0.7042    0.94    0.00   10.80       0       0   2.113     426       0 0.04574 0.09533 0.00000  0.00441  0.02259  0.00331  0.02590  0.00165  0.00220																
117.64  Site980     1502   15.02  0.3021       0       0       0       0       0       0   16.01  0.3021  0.3021       0       0   22.66    0.91    9.37    2.42       0   22.66       0       0       0  0.3021    1.51    0.00   20.54       0       0   2.719     331       0 0.04837 0.06845 0.00000  0.00274  0.02829  0.00730  0.06845  0.00091  0.00456																
117.81  Site980     1506   15.06  2.1127       0       0       0       0       0       0   13.03  0.7042  0.3521       0       0   39.44    0.35    8.80    1.06       0   19.37       0       0       0       0    1.76    0.00   13.03       0       0   0.000     284       0 0.04587 0.13886 0.00000  0.00124  0.03100  0.00372  0.06819  0.00000  0.00620																
117.98  Site980     1510    15.1       2  0.2857       0       0       0       0       0   10.86  0.2857       0       0       0   34.86    0.29   13.14    0.86       0   21.43       0  0.8571       0  1.1429    0.86    0.00   10.86       0       0   2.286     350       0 0.03102 0.09959 0.00000  0.00082  0.03755  0.00245  0.06122  0.00327  0.00245																
118.15  Site980     1514   15.14  0.2558       0  0.5115       0       0       0  0.2558   11.76       0       0       0       0   28.64    0.77   12.02    1.53       0   28.64       0       0       0  0.2558    0.51    0.00   13.56       0       0   1.279     391       0 0.03009 0.07326 0.00131  0.00196  0.03074  0.00392  0.07326  0.00065  0.00131																
118.27  Site980     1517   15.17  0.3559       0  0.3559       0       0       0       0   11.03  0.3559       0       0       0   26.69    1.42   18.15    1.42       0   21.00       0       0       0  1.4235    0.36    0.00   14.95       0       0   2.491     281       0 0.03926 0.09498 0.00127  0.00507  0.06459  0.00507  0.07472  0.00507  0.00127																
118.44  Site980     1521   15.21  1.0178       0       0       0       0       0       0   13.23       0       0       0       0   19.34    1.02   16.54    2.29       0   29.52       0       0       0  1.0178    1.27    0.00   12.21       0       0   2.545     393       0 0.03367 0.04921 0.00000  0.00259  0.04208  0.00583  0.07511  0.00259  0.00324																
118.66  Site980     1526   15.26       0       0       0       0       0       0       0   14.12       0       0  0.2941       0   22.94    0.88   18.82    1.47       0   22.94       0       0       0  0.8824    0.59    0.00   16.47       0       0   0.588     340       0 0.04152 0.06747 0.00000  0.00260  0.05536  0.00433  0.06747  0.00260  0.00173																
118.78  Site980     1529   15.29  1.6173       0  0.2695       0       0       0  0.8086   13.75       0       0       0       0   19.95    1.08   21.29    2.16       0   21.29       0       0       0  0.8086    0.00    0.00   16.17       0       0   0.809     371       0 0.03705 0.05376 0.00073  0.00291  0.05740  0.00581  0.05740  0.00218  0.00000																
118.95  Site980     1533   15.33  0.5376       0       0       0       0  0.5376  0.2688   11.29  0.2688       0       0       0   15.32    3.23   36.56    5.65       0   14.25       0       0       0  0.5376    1.08    0.00    9.68       0       0   0.807     372       0 0.03035 0.04119 0.00000  0.00867  0.09828  0.01518  0.03830  0.00145  0.00289																
119.08  Site980     1536   15.36       0       0       0       0       0       0       0   16.56  0.3185  0.3185       0       0   14.01    1.27   29.30    5.10       0   13.06  0.3185       0       0  0.9554    0.96    0.00   14.33       0       0   3.503     314       0 0.05274 0.04463 0.00000  0.00406  0.09331  0.01623  0.04158  0.00304  0.00304																
119.34  Site980     1542   15.42  0.7194       0       0       0       0       0  0.2398   14.39  0.9592       0       0       0   18.94    1.20   24.94    2.40       0   20.38       0       0       0  0.7194    0.72    0.00   12.47       0       0   1.919     417       0 0.03450 0.04543 0.00000  0.00288  0.05981  0.00575  0.04888  0.00173  0.00173																
119.55  Site980     1547   15.47  0.3356       0       0       0       0  0.3356       0   16.11       0       0       0       0    9.73    0.00   28.52    8.39  0.3356   15.10       0       0       0  0.6711    0.67    0.00   17.45       0       0   2.349     298       0 0.05405 0.03266 0.00000  0.00000  0.09572  0.02815  0.05067  0.00225  0.00225																
119.72  Site980     1551   15.51  0.2941       0       0       0       0       0       0   17.94       0       0       0       0   11.76    0.59   33.82    4.12       0   16.18       0       0       0  0.5882    0.59    0.00   13.82       0       0   0.294     340       0 0.05277 0.03460 0.00000  0.00173  0.09948  0.01211  0.04758  0.00173  0.00173																
119.89  Site980     1555   15.55  0.4228       0       0       0       0  0.2114       0   20.08  0.2114  0.2114       0       0   16.49    0.85   30.23    3.38       0   12.69       0       0       0  0.4228    0.21    0.00   13.53       0       0   1.057     473       0 0.04246 0.03486 0.00000  0.00179  0.06392  0.00715  0.02682  0.00089  0.00045																
120.06  Site980     1559   15.59  0.2155       0       0       0       0       0       0   20.69  0.2155  0.2155       0       0   17.46    1.29   29.09    2.16       0   11.64  0.2155  0.2155       0   0.431    1.51    0.00   12.93       0       0   1.724     464       0 0.04459 0.03762 0.00000  0.00279  0.06270  0.00464  0.02508  0.00093  0.00325																
120.19  Site980     1562   15.62  0.3425       0       0       0       0       0       0   13.70       0  0.3425       0       0   10.96    1.71   32.88   11.64       0   10.62  1.3699  0.3425       0  0.6849    0.00    0.00   13.70       0       0   1.712     292    0.01 0.04691 0.03753 0.00000  0.00586  0.11259  0.03988  0.03636  0.00235  0.00000																
120.36  Site980     1566   15.66  0.5545       0       0       0       0       0       0   20.70  0.3697  0.1848       0       0   11.65    0.92   36.78    3.33       0   11.46  0.3697  0.5545       0       0    0.18    0.00   11.65       0       0   1.294     541       0 0.03827 0.02153 0.00000  0.00171  0.06799  0.00615  0.02118  0.00000  0.00034																
120.53  Site980     1570    15.7  1.4644       0       0       0       0       0  0.2092   26.78  0.2092       0       0       0   13.18    0.63   24.06    3.35       0   14.23   1.046  0.2092       0  1.4644    0.84    0.00   10.88       0       0   1.464     478       0 0.05602 0.02757 0.00000  0.00131  0.05033  0.00700  0.02976  0.00306  0.00175																
120.69  Site980     1574   15.74  0.8333       0       0       0       0       0       0   23.33  0.5556       0       0       0   11.67    0.28   27.78    3.33       0   17.50  0.5556  0.5556       0  0.5556    0.28    0.00   11.11       0       0   1.667     360       0 0.06481 0.03241 0.00000  0.00077  0.07716  0.00926  0.04861  0.00154  0.00077																
120.82  Site980     1577   15.77  1.2422       0       0       0       0       0       0   21.43       0       0       0       0   13.98    0.93   34.16    4.35       0   12.11  0.3106  0.6211       0       0    0.62    0.00    9.01       0       0   1.242     322       0 0.06655 0.04340 0.00000  0.00289  0.10609  0.01350  0.03761  0.00000  0.00193																
120.99  Site980     1581   15.81  0.2571       0       0       0       0       0       0   20.31  0.7712  0.2571       0       0   13.88    0.51   25.71    3.34  0.2571   14.65  0.2571  1.2853       0  2.0566    0.51    0.00   14.65       0       0   1.285     389       0 0.05221 0.03569 0.00000  0.00132  0.06608  0.00859  0.03767  0.00529  0.00132																
121.20  Site980     1586   15.86  0.9231       0       0       0       0  0.3077       0   25.23       0  0.3077       0       0   14.15    0.31   32.62    2.77       0    9.85  0.3077  0.3077       0  0.6154    2.77    0.00    8.62       0       0   0.923     325       0 0.07763 0.04355 0.00000  0.00095  0.10036  0.00852  0.03030  0.00189  0.00852																
121.46  Site980     1592   15.92  0.9091       0  0.6061       0       0       0   0.303   19.39   0.303       0       0       0    6.06    1.82   37.58    3.94   0.303   13.33  1.2121  1.8182       0  1.5152    0.30    0.00   10.00       0       0   0.606     330    0.01 0.05877 0.01837 0.00184  0.00551  0.11387  0.01194  0.04040  0.00459  0.00092																
121.63  Site980     1596   15.96  1.1765       0       0       0       0       0       0   18.53       0       0       0       0    9.12    1.76   40.00    2.35       0   11.18  1.1765  1.7647       0  2.0588    1.47    0.00    7.94       0       0   1.471     340    0.01 0.05450 0.02682 0.00000  0.00519  0.11765  0.00692  0.03287  0.00606  0.00433																
121.80  Site980     1600      16  0.4808       0  0.2404       0       0       0       0   20.43  0.2404  0.2404       0       0   10.10    1.20   42.31    2.88       0    8.89       0       0       0  1.4423    2.16    0.00    8.65       0       0   0.721     416       0 0.04912 0.02427 0.00058  0.00289  0.10170  0.00693  0.02138  0.00347  0.00520																
121.97  Site980     1604   16.04  1.7007       0  0.3401       0       0       0  0.3401   15.31       0  0.3401       0       0    8.84    0.34   41.16    4.42       0   14.63  0.6803  1.0204       0  0.3401    1.36    0.00    8.50       0       0   0.680     294    0.01 0.05206 0.03008 0.00116  0.00116  0.13999  0.01504  0.04975  0.00116  0.00463																
122.10  Site980     1607   16.07  1.1364       0  0.2841       0       0       0  0.5682   17.90  1.1364  0.2841       0       0    3.41    0.28   40.06    6.25       0   11.08  0.8523  1.7045       0  0.8523    1.70    0.00   10.51       0       0   1.989     352    0.01 0.05085 0.00968 0.00081  0.00081  0.11380  0.01776  0.03148  0.00242  0.00484																
122.27  Site980     1611   16.11  1.2579       0  0.3145  0.6289       0       0  0.3145   18.24  0.3145       0       0       0   10.69    0.31   39.94    4.09       0   10.06  0.9434  3.1447       0  0.6289    1.26    0.00    5.97       0       0   1.887     318    0.01 0.05736 0.03362 0.00099  0.00099  0.12559  0.01286  0.03164  0.00198  0.00396																
122.48  Site980     1616   16.16  1.1261       0  0.4505  0.2252       0       0       0   18.47  0.2252  0.4505       0       0    9.23    0.90   39.86    5.63       0   11.71  0.4505  3.6036       0  0.9009    1.80    0.00    4.96       0       0   0.000     444    0.01 0.04160 0.02080 0.00101  0.00203  0.08979  0.01268  0.02638  0.00203  0.00406																
122.73  Site980     1622   16.22  0.3215       0  0.6431  0.6431       0       0       0   16.08  0.9646       0       0       0    3.86    0.00   44.05    6.75       0   10.29  0.6431   7.074       0  1.6077    0.64    0.00    4.50       0       0   1.929     311    0.02 0.05170 0.01241 0.00207  0.00000  0.14164  0.02171  0.03308  0.00517  0.00207																
122.90  Site980     1626   16.26  0.4975       0  0.2488       0       0       0       0   16.92  0.2488   0.995       0       0    5.97    1.24   39.30    4.73       0   13.43       0  4.4776       0   0.995    1.99    0.00    6.47       0       0   2.488     402    0.01 0.04208 0.01485 0.00062  0.00309  0.09777  0.01176  0.03341  0.00248  0.00495																
123.07  Site980     1630    16.3  0.5731       0  0.5731       0       0       0       0   15.76       0  0.5731       0       0    9.17    0.00   44.99    4.01  0.2865   12.03       0  2.8653       0  1.1461    1.15    0.00    4.58       0       0   2.292     349    0.01 0.04516 0.02627 0.00164  0.00000  0.12890  0.01149  0.03448  0.00328  0.00328																
123.24  Site980     1634   16.34       0       0  0.6944       0  0.2315       0       0   17.13   0.463       0  0.2315       0    7.87    0.46   42.13    6.48       0   13.43       0  3.4722       0  0.2315    0.69    0.00    5.32       0       0   1.157     432    0.01 0.03965 0.01822 0.00161  0.00107  0.09752  0.01500  0.03108  0.00054  0.00161																
123.37  Site980     1637   16.37  0.3472       0  1.7361       0       0       0       0   15.97  0.6944       0       0       0    6.60    0.35   39.93    8.68       0   10.42       0  6.5972       0  0.3472    3.47    0.00    4.51       0       0   0.347     288    0.02 0.05546 0.02291 0.00603  0.00121  0.13865  0.03014  0.03617  0.00121  0.01206																
123.54  Site980     1641   16.41  0.5714       0  0.2857       0       0       0       0   17.14  0.2857  0.5714       0       0    8.57    0.86   40.00    2.86       0   11.71  0.5714  6.8571       0  1.1429    2.57    0.00    4.86       0       0   1.143     350    0.02 0.04898 0.02449 0.00082  0.00245  0.11429  0.00816  0.03347  0.00327  0.00735																
123.75  Site980     1646   16.46  0.3135       0  0.3135       0       0       0       0    9.40   0.627   0.627  0.3135       0   10.03    0.94   45.14    4.08       0   12.23       0  8.1505       0   0.627    1.57    0.00    4.39       0       0   1.254     319    0.03 0.02948 0.03145 0.00098  0.00295  0.14151  0.01277  0.03833  0.00197  0.00491																
124.01  Site980     1652   16.52  0.6667       0       1       0       0       0  0.3333   16.67  0.6667  0.3333       0       0    6.67    0.67   32.67    6.00       0   18.67       0       5       0  0.3333    1.67    0.00    7.33       0       0   1.333     300    0.02 0.05556 0.02222 0.00333  0.00222  0.10889  0.02000  0.06222  0.00111  0.00556																
124.18  Site980     1656   16.56  0.8174       0   0.545       0       0       0  0.2725   14.17   0.545   0.545  0.2725       0    6.54    1.36   40.33    5.18       0   16.62       0  5.1771       0       0    1.63    0.00    4.36       0       0   1.635     367    0.01 0.03861 0.01782 0.00149  0.00371  0.10988  0.01411  0.04529  0.00000  0.00445																
124.35  Site980     1660    16.6  0.7026       0  0.4684  0.2342       0       0       0    7.03       0   1.171  0.2342       0    3.75    0.70   50.82    4.22       0    8.90  0.4684  8.1967       0  0.7026    1.87    0.00    9.84       0       0   0.703     427    0.02 0.01645 0.00878 0.00110  0.00165  0.11902  0.00987  0.02084  0.00165  0.00439																
124.60  Site980     1666   16.66  1.5444       0       0       0       0       0       0   15.44       0       0       0       0    3.09    1.16   52.90    9.65       0    3.47  0.3861  5.4054       0  0.3861    0.77    0.00    5.79       0       0   0.000     259    0.02 0.05963 0.01193 0.00000  0.00447  0.20423  0.03727  0.01342  0.00149  0.00298																
124.81  Site980     1671   16.71  0.6211       0       0       0       0       0       0   20.50       0  0.6211       0       0    4.35    1.55   46.27    5.28  0.3106    2.80  0.3106   7.764       0  1.2422    0.93    0.00    5.59       0       0   1.863     322    0.03 0.06365 0.01350 0.00000  0.00482  0.14371  0.01640  0.00868  0.00386  0.00289																
125.03  Site980     1676   16.76  0.5952       0  0.5952       0       0       0       0   19.94  0.2976       0       0       0    5.06    1.19   48.81    1.79       0    2.98  0.8929  5.6548       0  0.2976    0.60    0.00   11.31       0       0   0.000     336    0.02 0.05935 0.01506 0.00177  0.00354  0.14527  0.00531  0.00886  0.00089  0.00177																
125.28  Site980     1682   16.82       0       0       0  0.3003       0       0       0   28.23       0  0.3003       0       0    3.30    0.60   42.04    5.41       0    4.80  0.6006  5.4054       0  0.3003    0.60    0.00    6.91       0       0   1.201     333    0.02 0.08477 0.00992 0.00000  0.00180  0.12625  0.01623  0.01443  0.00090  0.00180																
125.45  Site980     1686   16.86       0       0  0.3356       0       0       0       0   30.20       0       0       0       0    0.34    2.68   46.64    1.34       0    5.03       0   4.698       0  0.3356    0.34    0.00    6.38       0       0   1.678     298    0.02 0.10135 0.00113 0.00113  0.00901  0.15652  0.00450  0.01689  0.00113  0.00113																
125.71  Site980     1692   16.92  0.9592  0.2398       0       0       0       0       0   24.46  0.9592       0       0       0    1.92    1.20   44.12    3.36  0.2398    8.39       0  5.7554       0  0.7194    1.20    0.00    6.24       0       0   0.240     417    0.01 0.05866 0.00460 0.00000  0.00288  0.10581  0.00805  0.02013  0.00173  0.00288																
125.92  Site980     1697   16.97  0.6431       0       0       0       0       0       0   30.23       0       0       0       0    2.57    5.79   38.59    1.93  0.3215    7.40       0  4.1801       0  0.6431    0.00    0.00    6.75       0       0   0.965     311    0.01 0.09719 0.00827 0.00000  0.01861  0.12407  0.00620  0.02378  0.00207  0.00000																
126.09  Site980     1701   17.01   1.061  0.2653       0       0       0       0       0   31.30  0.2653       0       0       0    2.12    2.92   37.93    3.71  0.2653    6.10       0  5.5703       0  0.7958    0.53    0.00    6.10       0       0   1.061     377    0.01 0.08302 0.00563 0.00000  0.00774  0.10061  0.00985  0.01618  0.00211  0.00141																
126.26  Site980     1705   17.05   0.409       0  0.2045       0       0       0       0   21.68   1.227       0       0       0    2.66    4.91   48.47    2.45       0    6.54       0  5.5215       0  1.4315    0.41    0.00    3.27       0       0   0.818     489    0.01 0.04433 0.00544 0.00042  0.01004  0.09911  0.00502  0.01338  0.00293  0.00084																
126.43  Site980     1709   17.09  0.8584  0.4292       0       0       0       0       0   22.96  0.4292       0       0       0    2.15    6.87   47.21    3.22       0    7.08       0  2.7897       0  0.8584    0.43    0.00    3.65       0       0   1.073     466    0.01 0.04927 0.00460 0.00000  0.01474  0.10131  0.00691  0.01520  0.00184  0.00092																
126.56  Site980     1712   17.12       0       0   0.361       0       0       0       0   17.69       0       0       0       0    2.53    5.78   51.62    2.89       0    8.30       0  2.1661       0   0.722    0.00    0.00    7.58       0       0   0.361     277    0.01 0.06386 0.00912 0.00130  0.02085  0.18637  0.01043  0.02998  0.00261  0.00000																
126.73  Site980     1716   17.16  0.9259       0       0       0       0       0       0   15.97  0.9259  0.2315       0       0    1.85    5.79   56.94    1.85       0    7.87       0  0.6944       0  0.2315    0.00    0.00    6.02       0       0   0.694     432       0 0.03697 0.00429 0.00000  0.01340  0.13182  0.00429  0.01822  0.00054  0.00000																
126.90  Site980     1720    17.2  0.2778       0       0       0       0       0       0    9.44       0  0.2778       0       0    3.06   16.67   48.61    3.89       0    9.17  0.2778  0.2778       0  0.2778    0.00    0.00    6.94       0       0   0.833     360       0 0.02623 0.00849 0.00000  0.04630  0.13503  0.01080  0.02546  0.00077  0.00000																
127.07  Site980     1724   17.24  0.8523       0  0.2841       0       0       0       0    9.94       0       0       0       0    2.27   21.88   48.01    3.69       0    6.82       0       0       0  0.2841    0.28    0.00    5.11       0       0   0.568     352       0 0.02825 0.00646 0.00081  0.06214  0.13640  0.01049  0.01937  0.00081  0.00081																
127.19  Site980     1727   17.27       0       0       0       0       0       0       0    8.60  0.3584  0.3584       0       0    4.66   27.96   41.94    2.15       0    6.09       0       0       0  0.3584    0.72    0.00    4.30       0  0.7168   1.792     279       0 0.03083 0.01670 0.00000  0.10020  0.15031  0.00771  0.02184  0.00128  0.00257																
127.36  Site980     1731   17.31  1.0616       0       0       0       0       0       0   10.62  0.4246  0.4246       0  0.8493    2.97   14.23   50.96    3.18       0    7.64       0       0       0  0.2123    0.64    0.00    6.37       0       0   0.425     471       0 0.02254 0.00631 0.00000  0.03020  0.10819  0.00676  0.01623  0.00045  0.00135																
127.58  Site980     1736   17.36  0.2833       0  0.2833       0       0       0       0    6.52       0       0       0  0.8499    4.82   14.45   54.11    1.70       0    8.22       0       0       0  0.5666    0.85    0.00    6.80       0       0   0.567     353       0 0.01846 0.01364 0.00080  0.04093  0.15328  0.00482  0.02327  0.00161  0.00241																
127.83  Site980     1742   17.42       0       0       0       0       0       0       0    1.80       0       0       0       0    2.10   85.29    6.61    0.60       0    1.50       0       0       0       0    0.00    0.00    0.60       0       0   1.502     333       0 0.00541 0.00631 0.00000  0.25611  0.01984  0.00180  0.00451  0.00000  0.00000																
127.83  Site980     1742   17.42       0       0       0       0       0       0       0    0.72       0       0       0       0    1.63   87.52    7.96    0.36       0    0.54       0       0       0       0    0.36    0.00    0.54       0       0   0.362     553       0 0.00131 0.00294 0.00000  0.15827  0.01439  0.00065  0.00098  0.00000  0.00065																
128.00  Site980     1746   17.46       0       0       0       0       0       0       0    0.86       0       0       0       0    0.29   96.28    2.58    0.00       0    0.00       0       0       0       0    0.00    0.00    0.00       0       0   0.000     349       0 0.00246 0.00082 0.00000  0.27586  0.00739  0.00000  0.00000  0.00000  0.00000																
128.21  Site980     1750    17.5       0       0       0       0       0       0       0    1.16       0       0       0       0    0.58   89.57    6.09    0.29       0    0.29       0       0       0       0    0.58    0.00    0.29       0       0   1.159     345       0 0.00336 0.00168 0.00000  0.25961  0.01764  0.00084  0.00084  0.00000  0.00168																
128.43  Site980     1754   17.54       0       0       0       0       0       0       0    0.76  0.2532       0  0.2532       0    0.00   95.44    3.04    0.25       0    0.00       0       0       0       0    0.00    0.00    0.00       0       0   0.000     395       0 0.00192 0.00000 0.00000  0.24163  0.00769  0.00064  0.00000  0.00000  0.00000																
128.59  Site980     1757   17.57       0       0       0       0       0       0       0    2.21       0       0       0       0    2.70   91.89    2.46    0.00       0    0.00       0       0       0       0    0.49    0.00    0.00       0       0   0.246     407       0 0.00543 0.00664 0.00000  0.22578  0.00604  0.00000  0.00000  0.00000  0.00121																
128.80  Site980     1761   17.61       0       0       0       0       0       0       0    2.27       0       0       0       0    1.01   96.22    0.00    0.00       0    0.25       0       0       0       0    0.00    0.00    0.25       0       0   0.000     397       0 0.00571 0.00254 0.00000  0.24237  0.00000  0.00000  0.00063  0.00000  0.00000																
129.39  Site980     1772   17.72  0.2801       0       0       0       0       0       0   15.69  0.5602       0       0       0   11.48   52.66   13.17    0.56       0    1.68       0       0       0  0.5602    0.84    0.00    1.40       0       0   1.120     357       0 0.04394 0.03217 0.00000  0.14751  0.03688  0.00157  0.00471  0.00157  0.00235																
129.60  Site980     1776   17.76       0       0       0       0       0       0       0   12.60       0       0       0       0    2.95   74.14    7.69    0.33       0    0.65       0       0       0       0    0.00    0.00    1.47       0       0   0.164     611       0 0.02063 0.00482 0.00000  0.12134  0.01259  0.00054  0.00107  0.00000  0.00000																
129.82  Site980     1780    17.8       0       0       0       0       0       0       0    6.38   0.304       0       0       0    5.47   76.90    6.69    0.61       0    0.91       0       0       0  0.9119    0.00    0.00    0.91       0       0   0.912     329       0 0.01940 0.01663 0.00000  0.23374  0.02032  0.00185  0.00277  0.00277  0.00000																
130.03  Site980     1784   17.84       0       0       0       0       0       0       0   16.70  0.2037       0       0       0    3.87   69.45    6.52    0.61       0    0.81       0       0       0  0.2037    0.00    0.00    1.22       0       0   0.407     491       0 0.03401 0.00788 0.00000  0.14145  0.01327  0.00124  0.00166  0.00041  0.00000																
130.24  Site980     1788   17.88       0       0       0       0       0       0       0    8.25  0.3175       0       0       0    6.98   64.76    9.84    0.95       0    1.59       0       0       0       0    0.00    0.00    5.08       0       0   2.222     315       0 0.02620 0.02217 0.00000  0.20559  0.03124  0.00302  0.00504  0.00000  0.00000																
130.51  Site980     1793   17.93       0       0       0       0       0       0       0   17.57       0       0       0       0    8.78   43.92   19.93    1.69       0    0.34       0       0       0       0    0.34    0.00    6.76       0       0   0.676     296       0 0.05935 0.02968 0.00000  0.14837  0.06734  0.00571  0.00114  0.00000  0.00114																
130.72  Site980     1797   17.97       0       0  0.2053       0       0       0       0   14.99       0       0       0       0    6.16   34.91   28.54    3.29       0    4.72       0  0.2053       0       0    0.21    0.00    5.54       0       0   1.232     487       0 0.03078 0.01265 0.00042  0.07168  0.05861  0.00675  0.00970  0.00000  0.00042																
130.94  Site980     1801   18.01  0.2024       0       0       0       0       0       0   27.73  0.4049       0       0       0   11.74   32.59   17.00    1.01       0    0.61       0       0       0  0.2024    1.01    0.00    5.67       0       0   1.822     494       0 0.05614 0.02377 0.00000  0.06597  0.03442  0.00205  0.00123  0.00041  0.00205																
131.31  Site980     1808   18.08       0       0       0       0       0       0       0   37.78  0.2841       0       0       0   12.78   29.55   11.08    1.70       0    2.27       0       0       0  0.2841    0.28    0.00    3.69       0       0   0.284     352       0 0.10734 0.03632 0.00000  0.08394  0.03148  0.00484  0.00646  0.00081  0.00081																
132.11  Site980     1823   18.23       0       0       0       0       0       0       0   28.36  0.3731       0       0       0   19.03   30.60   10.07    1.12       0    3.73       0       0       0  0.7463    0.00    0.00    3.73       0       0   2.239     268       0 0.10581 0.07101 0.00000  0.11417  0.03759  0.00418  0.01392  0.00278  0.00000																
132.80  Site980     1836   18.36       0       0       0       0       0       0       0   24.83  0.6897       0       0       0   22.76   33.79   10.34    0.69       0    0.69       0       0       0       0    0.00    0.00    4.83       0       0   1.379     290       0 0.08561 0.07848 0.00000  0.11653  0.03567  0.00238  0.00238  0.00000  0.00000																
132.91  Site980     1838   18.38       0       0       0       0       0       0       0   13.39       0       0       0       0   13.99   56.55   10.12    0.89       0    2.08       0       0       0       0    0.00    0.00    2.38       0       0   0.595     336       0 0.03986 0.04163 0.00000  0.16830  0.03012  0.00266  0.00620  0.00000  0.00000																
133.28  Site980     1845   18.45       0       0       0       0       0       0       0   17.60  0.5587       0       0       0   18.44   40.78   15.08    0.84       0    1.12       0       0  0.2793       0    0.00    0.00    2.51       0       0   2.793     358       0 0.04916 0.05150 0.00000  0.11392  0.04213  0.00234  0.00312  0.00000  0.00000																
134.03  Site980     1859   18.59       0       0       0       0       0       0       0   18.24       0       0       0       0    3.04   62.92   12.46    0.61       0    0.61       0       0       0       0    0.00    0.00    1.22       0       0   0.912     329       0 0.05543 0.00924 0.00000  0.19124  0.03788  0.00185  0.00185  0.00000  0.00000																
135.10  Site980     1879   18.79   0.277       0   0.277       0       0   0.277       0   61.50   0.554       0       0       0    6.65    2.22   11.36    1.66       0    6.93       0       0       0       0    0.00    0.00    6.09       0       0   2.216     361       0 0.17035 0.01842 0.00077  0.00614  0.03146  0.00460  0.01918  0.00000  0.00000																
136.46  Site980     1900      19       0       0       0       0       0       0       0   45.99   0.365       0       0       0    2.19   29.20   13.50    2.92       0    2.92       0       0       0       0    0.37    0.00    2.19       0       0   0.365     274       0 0.16783 0.00799 0.00000  0.10656  0.04928  0.01066  0.01066  0.00000  0.00133																
																
																
																
5.  SST 																
"Estimated using the modern analog technique, using the the average temperature"																
of the best five analogs from the North Atlantic Ocean.																
																
Age	KYr	CoreID	cmcd	mcd	DissAvg	DissStd	Env1Avg	Env1Std	Env2Avg	(wEnv2Std	DepthAvgDepthStd	LatAvg	LatStd	LonAvg	LonStd	Num
60.04	Site980	1037	10.37	0.2131	0.0578	6	1.53	10.91	0.71	2613.8	919.56	59.64	4.14	-29.57	16.24	10
61.7	Site980	1057	10.57	0.1338	0.0573	5.82	1.67	10.78	0.75	2650.2	938.54	58.64	3.75	-34.3	13.21	10
63.35	Site980	1077	10.77	0.0561	0.0112	1.44	3.11	6.09	3.12	2485.5	895.49	69.76	8.85	-11.28	21.44	10
65	Site980	1097	10.97	0.144	0.019	5.22	1.61	10.39	1.11	2843.4	600.31	64.15	4.54	-12.6	19.15	10
65.65	Site980	1102	11.02	0.0861	0.0287	5.38	1.26	10.4	0.97	2840.3	581.18	63.37	4.4	-16.04	21.16	10
66.3	Site980	1107	11.07	0.1297	0.0437	6.04	1.38	10.88	0.61	2542.7	835.72	60.82	3.99	-24.98	17.52	10
66.94	Site980	1112	11.12	0.1429	0.02	8.82	1.35	12.8	1.58	1843.4	482.29	58.66	3.45	-19.14	6.58	10
67.59	Site980	1117	11.17	0.1154	0.023	9.52	0.93	13.64	1.27	2002.8	865.52	56.92	3.61	-17.03	3.51	10
68.24	Site980	1122	11.22	0.1323	0.0241	9.29	1.22	13.35	1.6	2035.7	838.18	57.33	4.04	-18.96	4.8	10
68.89	Site980	1127	11.27	0.1109	0.039	6.04	1.38	10.88	0.61	2542.7	835.72	60.82	3.99	-24.98	17.52	10
69.53	Site980	1132	11.32	0.1513	0.0266	8.82	1.35	12.8	1.58	1843.4	482.29	58.66	3.45	-19.14	6.58	10
70.18	Site980	1137	11.37	0.1004	0.0126	8.73	1.36	12.68	1.65	1733.9	395.27	58.86	3.59	-19.62	6.76	10
70.83	Site980	1142	11.42	0.1299	0.0241	9.42	0.87	13.4	1.29	1811	549.95	57.57	3.12	-17.39	3.84	10
71.48	Site980	1147	11.47	0.1447	0.0183	9	1.2	12.93	1.46	1947.6	494.5	58.36	3.19	-18.66	6.05	10
72.13	Site980	1152	11.52	0.1549	0.0555	6.21	1.24	10.7	0.87	2364.6	763.49	61.89	3.36	-23.26	15.9	10
72.77	Site980	1157	11.57	0.2055	0.0473	7.13	1.64	11.27	1	2090.4	797.27	60.29	2.78	-25.99	11.63	10
73.42	Site980	1162	11.62	0.175	0.0355	7.75	1.48	11.67	0.85	1964.9	670.32	60.07	2.73	-24.1	10.1	10
74.07	Site980	1167	11.67	0.2109	0.0306	8.25	1.89	12.41	1.63	2043.6	661.82	58.49	3.61	-22.24	10.74	10
74.72	Site980	1172	11.72	0.1825	0.0265	7.98	1.69	12.04	1.28	2061	677.91	59.41	3.07	-22.88	10.55	10
75.36	Site980	1177	11.77	0.2237	0.0427	7.31	1.73	11.53	0.86	2085	853.13	59.53	3.31	-26.42	12.21	10
76.01	Site980	1182	11.82	0.167	0.0167	8.36	1.1	12.11	1.22	1865.5	460.71	60.2	2.49	-20.66	6.75	10
76.66	Site980	1187	11.87	0.1646	0.0106	8.72	1.29	12.6	1.51	1957.6	481.37	59.09	3.26	-19.54	6.67	10
77.31	Site980	1192	11.92	0.2141	0.0495	7.89	1.66	11.92	1.28	1951.5	660.41	59.6	3.17	-23.36	10.47	10
77.95	Site980	1197	11.97	0.2657	0.0345	7.55	0.95	11.37	0.8	1634.5	413.59	61.5	1.47	-21.59	10.24	4
78.6	Site980	1202	12.02	0.1638	0.0419	8.38	1.11	12.16	1.25	1714.4	420.89	60.08	2.53	-20.3	6.93	10
79.25	Site980	1207	12.07	0.2128	0.0411	8.87	1.03	12.67	1.22	1891.3	554.43	58.84	2.28	-19.76	6.14	10
80.85	Site980	1217	12.17	0.1998	0.0477	8.56	1.2	12.44	1.37	1691.5	436.47	59.42	2.83	-19.77	6.82	10
81.65	Site980	1222	12.22	0.1705	0.0368	8.47	1.12	12.28	1.23	1823.9	508.2	59.88	2.45	-19.81	6.81	10
82.46	Site980	1227	12.27	0.1854	0.0354	8.92	0.91	12.7	1.16	1815.3	561.59	59.1	2.57	-19.22	5.01	10
83.26	Site980	1232	12.32	0.1426	0.013	8.77	1.13	12.59	1.47	1792.7	461.96	59.47	3.45	-18.89	5.38	10
84.06	Site980	1237	12.37	0.1435	0.0257	8.8	0.99	12.64	1.21	1737.9	512.86	59.43	2.83	-18.4	5.04	10
84.86	Site980	1242	12.42	0.1536	0.0236	8.8	0.99	12.64	1.21	1737.9	512.86	59.43	2.83	-18.4	5.04	10
85.66	Site980	1247	12.47	0.1279	0.024	9.28	0.82	13.15	1.26	1818.5	559.21	58.11	2.95	-17.99	4.19	10
86.46	Site980	1252	12.52	0.1424	0.0381	8.13	1.83	12.28	1.59	1851.5	671.83	58.76	3.71	-22.7	10.57	10
87.26	Site980	1257	12.57	0.1128	0.0404	5.78	1.59	10.73	0.64	2658.7	924.55	58.72	3.8	-34.31	13.2	10
88.07	Site980	1262	12.62	0.0966	0.0244	4.58	1.47	9.98	1.24	2966.4	307.32	65.23	5.06	-10.92	19.98	10
88.87	Site980	1267	12.67	0.1992	0.0646	6.25	1.32	10.75	0.96	2356.1	776.8	61.81	3.38	-23.25	15.9	10
89.67	Site980	1272	12.72	0.1672	0.0443	7.39	1.79	11.61	0.89	2176.3	838.85	59.3	3.2	-26.29	12.24	10
90.47	Site980	1277	12.77	0.2849	0.0568	6.63	1.92	11.23	0.89	2481.7	918.84	58.92	3.5	-30.06	13.84	10
91.2	Site980	1282	12.82	0.1554	0.0342	8.44	1.11	12.19	1.19	1956.8	482.3	59.97	2.42	-20.53	6.69	10
92.43	Site980	1292	12.92	0.1712	0.0484	8.73	1.36	12.68	1.65	1733.9	395.27	58.86	3.59	-19.62	6.76	10
93.05	Site980	1297	12.97	0.202	0.0565	7.17	1.67	11.33	1.06	2163	750.72	60.22	2.75	-26.36	11.16	10
93.67	Site980	1302	13.02	0.1568	0.0326	8.45	1.19	12.27	1.38	1733.1	395.9	59.75	2.92	-20.61	6.76	10
94.29	Site980	1307	13.07	0.2446	0.0646	7.02	1.78	11.19	1.53	2117.1	779.66	60.34	3.32	-26.66	11.35	10
94.66	Site980	1310	13.1	0.1902	0.0625	6.49	1.42	10.76	0.97	2223	789.84	61.45	3.13	-25.68	13.61	10
95.28	Site980	1315	13.15	0.243	0.0502	7.31	1.83	11.52	1.32	2178.4	780.86	59.83	2.93	-25.98	11.36	10
96.14	Site980	1322	13.22	0.2435	0.0694	6.96	1.68	11.08	1.31	2193	729.41	60.5	3.08	-26.92	11.17	10
96.76	Site980	1327	13.27	0.1927	0.0482	8.84	1.35	12.85	1.59	1692.3	435.98	58.54	3.42	-18.77	6.67	10
97.38	Site980	1332	13.32	0.2393	0.0624	7.38	1.84	11.48	1.59	2031	723.46	59.85	3.42	-25.46	11.2	10
98	Site980	1337	13.37	0.1845	0.042	8.84	1.35	12.85	1.59	1692.3	435.98	58.54	3.42	-18.77	6.67	10
98.69	Site980	1342	13.42	0.2254	0.0582	6.96	1.68	11.08	1.31	2193	729.41	60.5	3.08	-26.92	11.17	10
99.38	Site980	1347	13.47	0.1966	0.059	7.34	1.42	11.15	1.31	1997.5	584.88	61.3	2.08	-24.7	8.89	10
100.08	Site980	1352	13.52	0.2201	0.0609	6.6	1.49	10.9	1.11	2273.1	759.59	61.35	3.18	-24.76	14.07	10
100.77	Site980	1357	13.57	0.1906	0.0431	6.87	1.56	10.96	1.15	2116.2	780.68	60.94	2.83	-25.93	12.11	10
101.46	Site980	1362	13.62	0.1674	0.0429	8.1	1.25	11.77	1.47	1776.5	415.52	60.5	2.77	-21.91	7	10
102.15	Site980	1367	13.67	0.1887	0.054	6.96	1.68	11.08	1.31	2193	729.41	60.5	3.08	-26.92	11.17	10
102.85	Site980	1372	13.72	0.18	0.0436	8.54	1.19	12.39	1.35	1842.6	483.01	59.55	2.82	-20.13	6.66	10
103.54	Site980	1377	13.77	0.1983	0.0509	8.8	1.29	12.78	1.47	1785.8	478.35	58.69	3.14	-18.94	6.59	10
104.23	Site980	1382	13.82	0.1787	0.0446	7.35	1.87	11.61	1.4	2140.1	774.44	59.57	3.06	-25.83	11.41	10
104.92	Site980	1387	13.87	0.1742	0.0486	7.81	1.98	12.06	1.6	2078.9	726.37	58.87	3.25	-24.05	11.52	10
105.62	Site980	1392	13.92	0.128	0.0435	6.27	1.7	10.97	0.77	2456.9	998.43	59.22	3.66	-30.74	14.14	10
106.31	Site980	1397	13.97	0.0942	0.0444	5.51	1.3	10.67	0.54	2815.6	795.71	59.14	4.31	-33.14	15.72	10
107	Site980	1402	14.02	0.1395	0.0617	5.82	1.67	10.78	0.75	2650.2	938.54	58.64	3.75	-34.3	13.21	10
107.59	Site980	1407	14.07	0.1491	0.0566	6.24	1.66	10.92	0.72	2480.7	970.69	59.28	3.7	-32	12.73	10
108.18	Site980	1412	14.12	0.1887	0.0272	7.59	1.47	11.65	0.76	2119.1	700.37	59.68	2.94	-24.79	10.59	10
108.41	Site980	1414	14.14	0.1825	0.0378	7.59	1.47	11.65	0.76	2119.1	700.37	59.68	2.94	-24.79	10.59	10
108.76	Site980	1417	14.17	0.152	0.02	8.72	0.93	12.5	1	1978.2	547.4	58.92	2.44	-20.2	6.26	10
108.76	Site980	1417	14.17	0.1958	0.018	8.23	1.2	12.14	1.2	1963.2	490.2	59.51	2.88	-21.56	7.78	10
109.24	Site980	1421	14.21	0.1705	0.0137	8.49	1.09	12.39	1.1	1858.5	545.96	59.39	2.89	-19.83	6.86	10
109.35	Site980	1422	14.22	0.102	0.0213	8.83	1	12.68	1.13	1987.6	533.81	58.41	2.6	-20.93	5.51	10
109.71	Site980	1425	14.25	0.1276	0.0252	8.54	1.06	12.37	1.12	1874	542.97	59.22	2.71	-20.68	6.65	10
110.18	Site980	1429	14.29	0.1356	0.0242	8.72	0.93	12.5	1	1978.2	547.41	58.92	2.44	-20.2	6.26	10
110.18	Site980	1429	14.29	0.1312	0.0147	8.49	1.09	12.39	1.1	1858.5	545.96	59.39	2.89	-19.83	6.86	10
110.41	Site980	1431	14.31	0.1289	0.0143	8.49	1.09	12.39	1.1	1858.5	545.96	59.39	2.89	-19.83	6.86	10
110.53	Site980	1432	14.32	0.1596	0.0164	8.49	1.09	12.39	1.1	1858.5	545.96	59.39	2.89	-19.83	6.86	10
111	Site980	1436	14.36	0.1335	0.0169	8.49	1.09	12.39	1.1	1858.5	545.96	59.39	2.89	-19.83	6.86	10
111.12	Site980	1437	14.37	0.2152	0.0444	7.97	1.69	12	1.27	2042.8	662.61	59.38	3.07	-23.23	10.47	10
111.94	Site980	1444	14.44	0.166	0.0335	7.98	1.69	12.04	1.28	2061	677.91	59.41	3.07	-22.88	10.55	10
112.18	Site980	1446	14.46	0.1546	0.0184	8.36	1.1	12.11	1.22	1865.5	460.71	60.2	2.49	-20.66	6.75	10
112.65	Site980	1450	14.5	0.1833	0.0322	7.98	1.69	12.04	1.28	2061	677.91	59.41	3.07	-22.88	10.55	10
113.12	Site980	1454	14.54	0.1777	0.0304	8.47	1.12	12.28	1.23	1823.9	508.2	59.88	2.45	-19.81	6.81	10
113.71	Site980	1459	14.59	0.1818	0.0535	7.89	1.66	11.92	1.28	1951.5	660.41	59.6	3.17	-23.36	10.47	10
113.94	Site980	1461	14.61	0.1808	0.0337	8.47	1.12	12.28	1.23	1823.9	508.2	59.88	2.45	-19.81	6.81	10
114.53	Site980	1466	14.66	0.2311	0.0389	8.47	1.12	12.28	1.23	1823.9	508.2	59.88	2.45	-19.81	6.81	10
115	Site980	1470	14.7	0.2088	0.0455	8.47	1.12	12.28	1.23	1823.9	508.2	59.88	2.45	-19.81	6.81	10
115.47	Site980	1474	14.74	0.2583	0.0464	8.44	1.11	12.19	1.19	1956.8	482.3	59.97	2.42	-20.53	6.69	10
115.71	Site980	1476	14.76	0.1607	0.0265	8.47	1.12	12.28	1.23	1823.9	508.2	59.88	2.45	-19.81	6.81	10
116.18	Site980	1480	14.8	0.2031	0.0477	7.89	1.66	11.92	1.28	1951.5	660.41	59.6	3.17	-23.36	10.47	10
116.65	Site980	1484	14.84	0.2728	0.047	8.47	1.12	12.28	1.23	1823.9	508.2	59.88	2.45	-19.81	6.81	10
117.08	Site980	1489	14.89	0.3139	0.078	8	1.71	12.09	1.31	1909.9	700.07	59.28	3.08	-22.51	10.75	10
117.17	Site980	1491	14.91	0.3064	0.0476	8.84	1.41	12.76	1.76	2019	763.27	58.51	3.97	-20.91	6.75	10
117.38	Site980	1496	14.96	0.2735	0.0455	7.98	1.69	12.04	1.28	2061	677.91	59.41	3.07	-22.88	10.55	10
117.64	Site980	1502	15.02	0.2412	0.0086	9.91	1.31	14.15	2	2470.3	1025.69	55.58	5.03	-19.48	4.95	10
117.81	Site980	1506	15.06	0.3425	0.0411	8.95	1.49	12.92	1.86	2144.4	703.29	58.06	4.19	-21.04	6.65	10
117.98	Site980	1510	15.1	0.3175	0.0301	10.54	1.66	15.08	2.49	2534.5	1228.44	53.36	6.22	-17.54	4.36	10
118.15	Site980	1514	15.14	0.3002	0.0189	10.28	1.93	14.69	2.9	2813.9	1208.18	54.27	7.13	-19.32	5.13	10
118.36	Site980	1519	15.19	0.2205	0.0197	9.79	1.2	13.96	1.82	2316.1	887.64	56.06	4.59	-18.94	4.91	10
118.44	Site980	1521	15.21	0.2261	0.0145	10.57	0.89	15.13	1.43	2998.8	916.54	52.9	3.69	-20.73	3.93	10
118.66	Site980	1526	15.26	0.201	0.0143	9.76	1.18	13.91	1.78	2567.7	970.13	56.05	4.59	-19.62	4.79	10
118.78	Site980	1529	15.29	0.1946	0.0085	10.17	1.89	14.52	2.82	2817.8	1212.26	54.58	6.96	-19.29	5.11	10
118.95	Site980	1533	15.33	0.1038	0.0088	10.2	0.74	14.58	1.13	2609.4	991.34	54.28	3.07	-18.87	3.49	10
119.17	Site980	1538	15.38	0.0824	0.0064	10	0.93	14.27	1.45	2546	1000.85	55.25	3.95	-19.39	3.75	10
119.34	Site980	1542	15.42	0.1374	0.0094	10.26	1.01	14.66	1.59	2492.9	1030.37	54.32	4.12	-19.01	4.42	10
119.63	Site980	1549	15.49	0.106	0.0097	10.1	1.09	14.39	1.72	2835	924.67	54.96	4.72	-20.03	4.19	10
119.72	Site980	1551	15.51	0.0844	0.0086	9.65	1	13.76	1.51	2326.5	973.37	56.49	3.76	-19.35	3.68	10
119.89	Site980	1555	15.55	0.0878	0.0101	9.49	1	13.51	1.51	2052.3	833.92	57.29	3.69	-18.3	4.31	10
120.06	Site980	1559	15.59	0.0848	0.0115	9.42	0.87	13.4	1.29	1811	549.95	57.57	3.12	-17.39	3.84	10
120.27	Site980	1564	15.64	0.1138	0.013	10.15	1	15.41	3.68	2514	991.21	53.23	6.81	-25.25	17.36	10
120.36	Site980	1566	15.66	0.0679	0.0091	9.58	0.89	13.65	1.32	2085.2	837.56	56.77	3.29	-18.44	3.45	10
120.53	Site980	1570	15.7	0.1102	0.0083	10.53	0.92	15.08	1.45	2892.1	1047.64	53.02	3.75	-20.92	3.76	10
120.69	Site980	1574	15.74	0.0948	0.0062	10.27	0.94	14.68	1.47	2735.2	1071.54	54.13	3.84	-20.1	3.53	10
120.82	Site980	1577	15.77	0.0953	0.007	9.8	0.67	13.97	1.05	2214.5	828.36	56	2.93	-18.04	2.75	10
120.99	Site980	1581	15.81	0.0984	0.0064	10.49	0.92	15.01	1.45	2985.6	941.8	53.17	3.77	-21.09	3.51	10
121.2	Site980	1586	15.86	0.1002	0.014	9.94	0.86	14.18	1.34	2333.7	984	55.56	3.55	-18.16	2.92	10
121.54	Site980	1594	15.94	0.0686	0.0097	10.93	0.64	15.76	1.03	3338.4	1134.46	51.28	2.4	-20.9	3.66	10
121.63	Site980	1596	15.96	0.0911	0.0161	10.58	0.72	15.17	1.13	2946.2	1089.73	52.73	2.66	-20.32	3.52	10
121.8	Site980	1600	16	0.0664	0.0132	10.13	0.77	14.46	1.22	2532.3	1112.04	54.78	3.11	-18.59	3.1	10
121.97	Site980	1604	16.04	0.0927	0.0117	10.68	0.58	15.33	0.89	2977.2	1066.93	52.45	2.29	-19.87	3.66	10
122.18	Site980	1609	16.09	0.0505	0.0088	10.99	0.68	15.83	1.09	3289.7	1142.38	51.23	2.58	-20.77	3.69	10
122.27	Site980	1611	16.11	0.1045	0.0115	10.46	0.69	14.99	1.03	2704	1158.49	53.34	2.82	-19	3.54	10
122.48	Site980	1616	16.16	0.0964	0.0137	10.86	0.71	15.63	1.14	3176.9	1134.27	51.63	2.65	-20.45	3.49	10
122.82	Site980	1624	16.24	0.1223	0.0122	11.83	2.64	16.52	2.3	3443.5	956.84	48.48	8.58	-20.99	3.38	10
122.9	Site980	1626	16.26	0.0802	0.0142	10.82	0.64	15.59	1.05	3213.2	1165.53	51.79	2.44	-20.03	3.47	10
123.07	Site980	1630	16.3	0.1282	0.0152	10.53	0.75	15.1	1.13	2945.1	1120.67	53.06	3.03	-19.91	3.61	10
123.24	Site980	1634	16.34	0.0944	0.014	10.68	0.58	15.33	0.89	2977	1066.79	52.45	2.29	-19.87	3.66	10
123.46	Site980	1639	16.39	0.1134	0.0132	11.76	2.66	16.41	2.33	3202.2	1126.31	48.76	8.67	-20.08	3.61	10
123.54	Site980	1641	16.41	0.112	0.0154	10.89	0.74	15.72	1.24	3282	1227.34	51.55	2.75	-19.6	3.15	10
123.75	Site980	1646	16.46	0.1427	0.0158	10.9	0.76	15.77	1.34	3277.4	1222.09	51.4	3.02	-19.3	3.25	10
124.01	Site980	1652	16.52	0.0883	0.0102	11.02	0.7	15.91	1.17	3372.2	1216.42	51.07	2.71	-20.04	3.65	10
124.18	Site980	1656	16.56	0.1035	0.0126	11.66	2.71	16.31	2.43	3217.3	1223.24	49.15	8.83	-18.78	2.42	10
124.35	Site980	1660	16.6	0.1469	0.0184	10.9	0.76	15.77	1.34	3277.4	1222.09	51.4	3.02	-19.3	3.25	10
124.69	Site980	1668	16.68	0.1358	0.0236	10.22	0.77	15.6	3.62	2381.5	1280.14	52.7	6.19	-24.75	17.65	10
124.81	Site980	1671	16.71	0.1418	0.0246	10.31	0.86	14.73	1.38	2730.3	1153.43	53.95	3.6	-19.41	3.5	10
125.03	Site980	1676	16.76	0.1007	0.0147	9.74	0.93	13.87	1.41	2326	1059.89	55.95	3.34	-19.28	3.35	10
125.28	Site980	1682	16.82	0.1118	0.0176	10.21	0.72	14.59	1.11	2575.3	1074.81	54.39	3.15	-18.69	3.35	10
125.45	Site980	1686	16.86	0.1189	0.0213	10.1	1.03	14.39	1.75	2731.5	1122.2	54.75	3.98	-19.46	2.64	10
125.71	Site980	1692	16.92	0.0854	0.0156	10.75	0.71	15.47	1.15	3068.6	1165.13	52.29	2.59	-19.32	3.09	10
126	Site980	1699	16.99	0.109	0.0212	9.44	1.22	13.57	1.48	2560.4	918.32	56	3.34	-21.15	4.75	10
126.09	Site980	1701	17.01	0.1055	0.0189	10.49	1.01	15.03	1.68	3041	1151.3	53.07	3.84	-20.65	3.03	10
126.26	Site980	1705	17.05	0.109	0.0306	10.51	1.09	15.1	1.85	3095.4	1297.6	52.99	4.08	-19.74	2.52	10
126.43	Site980	1709	17.09	0.0967	0.0293	9.92	1.01	14.29	1.65	2914.3	1203.44	54.43	4.01	-21.79	7.41	10
126.64	Site980	1714	17.14	0.0877	0.0267	10.17	1.04	14.52	1.79	2898.9	1188.54	54.32	4.13	-20.04	2.83	10
126.73	Site980	1716	17.16	0.0895	0.0293	10.09	0.96	15.4	3.85	2550.6	1368.7	53.1	6.63	-25.03	17.43	10
126.9	Site980	1720	17.2	0.1241	0.0195	9.83	1.17	16.1	3.98	3054.5	1370.89	51.35	6.91	-30.14	19.85	10
127.07	Site980	1724	17.24	0.1391	0.0303	9.14	1.41	15.12	3.59	2757.8	1438.28	54.22	7.79	-23.67	18.96	10
127.28	Site980	1729	17.29	0.1375	0.0464	7.18	1.63	12.65	3.24	2264.1	957.3	60.63	7.59	-14.94	20.28	10
127.36	Site980	1731	17.31	0.113	0.022	9.83	1.15	14.03	1.85	2675.9	1195.07	55.55	4.46	-19.03	2.95	10
127.58	Site980	1736	17.36	0.1397	0.0204	9.34	1.24	14.43	2.68	2518.7	1271.12	55.25	5.96	-20.62	13.65	10
127.92	Site980	1744	17.44	0.0496	0.0098	1.66	2.87	6.44	2.82	2359.4	863.67	68.9	8.04	-11.4	21.99	10
127.92	Site980	1744	17.44	0.0361	0.0067	1.63	3.07	6.17	2.85	2387.5	867.07	68.75	7.94	-13.27	20.56	10
128	Site980	1746	17.46	0.0076	0.0023	0.02	1.6	5.63	2.24	2654.5	764.6	66.09	9.68	-29.53	25.98	10
128.21	Site980	1750	17.5	0.031	0.0042	0.45	1.68	5.9	1.7	2576.4	729.45	68.46	8.75	-17.18	24.91	10
128.43	Site980	1754	17.54	0.0166	0.0036	-0.38	0.86	5.24	2.03	2814.8	468.76	68.14	8.84	-24.61	26.3	10
128.69	Site980	1759	17.59	0.0285	0.0043	1.51	3.16	6.15	3.02	2489	867.96	68.08	9.34	-17.27	24.55	10
128.8	Site980	1761	17.61	0.0443	0.0088	-0.14	1.64	5.15	2.24	2714.8	712.58	68.81	9.83	-22.89	26.51	10
129.49	Site980	1774	17.74	0.0864	0.028	5.36	1.27	10.5	0.94	2906.5	633.46	61.77	4.61	-21.55	21.3	10
129.6	Site980	1776	17.76	0.1031	0.0498	3.54	2.76	8.55	2.53	2578.6	941.17	62.8	7.13	-24.32	23.95	10
129.82	Site980	1780	17.8	0.0881	0.0271	3.84	2.68	8	3.35	2777.4	703	65.54	7.13	-16.24	19.72	10
130.03	Site980	1784	17.84	0.1147	0.0526	5.13	1.93	9.97	1.55	2656.3	885.19	61.5	5.45	-23.28	21.72	10
130.24	Site980	1788	17.88	0.0994	0.0191	5.15	1.92	9.87	1.53	2590.1	826.59	63.11	5.36	-17.77	22.08	10
130.51	Site980	1793	17.93	0.0861	0.0278	5.82	1.5	10.48	1.03	2581.2	644.41	62.29	4.13	-20.76	19.93	10
130.72	Site980	1797	17.97	0.1262	0.0459	6.5	1.29	11.04	0.92	2266.7	748.93	63.4	3.1	-13.34	16.37	10
130.94	Site980	1801	18.01	0.0806	0.0256	5.78	1.59	10.73	0.64	2658.7	924.55	58.72	3.8	-34.31	13.2	10
131.31	Site980	1808	18.08	0.093	0.0487	5.78	1.59	10.73	0.64	2658.7	924.55	58.72	3.8	-34.31	13.2	10
132.11	Site980	1823	18.23	0.0928	0.0426	5.78	1.59	10.73	0.64	2658.7	924.55	58.72	3.8	-34.31	13.2	10
132.8	Site980	1836	18.36	0.0828	0.0417	5.51	1.3	10.67	0.54	2815.6	795.71	59.14	4.31	-33.14	15.72	10
132.91	Site980	1838	18.38	0.0844	0.0303	5.13	1.64	10.21	1.26	2797.6	585.94	63.58	4.79	-16.34	20.79	10
133.28	Site980	1845	18.45	0.0721	0.026	5.54	1.31	10.74	0.62	2845.7	669.03	60.48	4.67	-25.38	20.59	10
134.03	Site980	1859	18.59	0.106	0.0452	5.66	1.86	10.29	1.41	2471.8	881.08	60.84	4.77	-24.06	21.47	10
135.1	Site980	1879	18.79	0.2125	0.0216	7.9	2.06	12.27	1.22	2388	792.27	57.57	2.87	-25.98	11.9	10
136.46	Site980	1900	19	0.1707	0.057	5.63	1.75	10.59	1.01	2737.5	877.74	58.59	3.72	-33.79	14.79	10
137.88	Site980	1922	19.22	0.0145	0.0025	0.44	1.51	5.71	2.13	2575.4	729.31	66.84	9.23	-23.76	25.8	10
139.44	Site980	1946	19.46	0.0159	0.006	-0.01	1.5	5.41	2.21	2620.5	773.42	67.84	9.22	-24.01	25.58	10
139.44	Site980	1946	19.46	0.0083	0.0023	0.01	1.73	5.33	2.13	2832.3	424.1	67.92	8.99	-24.92	25.42	10
140.34	Site980	1960	19.6	0.0567	0.0104	1.76	3.09	6.46	3	2528.7	894.38	66.4	9.38	-21.63	25.06	10
140.34	Site980	1960	19.6	0.0382	0.008	1.28	3.05	6.71	2.55	2551	888.28	66.45	8.98	-22.57	26.92	10
141.31	Site980	1975	19.75	0.0664	0.0107	1.52	2.99	6.87	2.55	2436.2	858.84	66.46	9.04	-21.5	28.09	10
142.16	Site980	1988	19.88	0.1172	0.0461	5.04	1.38	10.15	1.24	2924.8	707.32	58.57	4.2	-35.27	16.75	10
142.16	Site980	1988	19.88	0.147	0.0646	5.04	1.38	10.15	1.24	2924.8	707.32	58.57	4.2	-35.27	16.75	10
142.29	Site980	1990	19.9	0.1388	0.0521	6.12	1.56	10.93	0.71	2702	787.19	58.5	3.76	-34.03	10.63	10