# East China Sea, offshore Yangtze River Valley d18O, d13C, and Mg/Ca Data and SST Reconstruction over the last 400,000 years
#----------------------------------------------------
#                World Data Service for Paleoclimatology, Boulder
#                                  and
#                     NOAA Paleoclimatology Program
#             National Centers for Environmental Information (NCEI)
#----------------------------------------------------
# Template Version 4.0
# Encoding: UTF-8
# NOTE: Please cite original publication, NOAA Landing Page URL, dataset and publication DOIs (where available), and date accessed when using downloaded data. If there is no publication information, please cite investigator, study title, NOAA Landing Page URL, and date accessed.
#
# Description/Documentation lines begin with #
# Data lines have no #
#
# NOAA_Landing_Page: https://www.ncei.noaa.gov/access/paleo-search/study/24810
#   Landing_Page_Description: NOAA Landing Page of this file's parent study, which includes all study metadata.
#
# Study_Level_JSON_Metadata: https://www.ncei.noaa.gov/pub/data/metadata/published/paleo/json/noaa-ocean-24810.json
#   Study_Level_JSON_Description: JSON metadata of this data file's parent study, which includes all study metadata.
#
# Data_Type: Paleoceanography
#
# Dataset_DOI: 10.25921/ztxm-pm44
#
# Science_Keywords: 
#--------------------
# Resource_Links
#
# Data_Download_Resource:  https://www.ncei.noaa.gov/pub/data/paleo/contributions_by_author/clemens2018/clemens2018-u1429-interp-noaa.txt
#   Data_Download_Description: NOAA Template File; U1429 Interpolated Data
#
#--------------------
# Contribution_Date
#   Date: 2018-07-30
#--------------------
# File_Last_Modified_Date
#   Date: 2024-08-17
#--------------------
# Title
#   Study_Name: East China Sea, offshore Yangtze River Valley d18O, d13C, and Mg/Ca Data and SST Reconstruction over the last 400,000 years
#--------------------
# Investigators
#   Investigators: Clemens, S.C.(https://orcid.org/0000-0002-1136-7815); Holbourn, A.(https://orcid.org/0000-0002-3167-0862); Kubota, Y.; Lee, K.E.; Liu, Z.(https://orcid.org/0000-0003-4554-2666); Chen, G.; Nelson, A.; Fox-Kemper, B.
#--------------------
# Description_Notes_and_Keywords
#   Description: Seawater d18O reconstruction as a proxy for Asian monsoon rainfall and runoff from the Yangtze River Valley, China. Provided Keywords: Asian Monsoon, paleoclimate paleoceanography, East China Sea, IODP, Site U1429
#--------------------
# Publication
#   Authors: Clemens, S.C., Holbourn, A., Kubota, Y., Lee, K.E., Liu, Z., Chen, G.,Nelson, A., Fox-Kemper, B.
#   Journal_Name: Nature Communications
#   Published_Title: Precession-band Variance Missing from East Asian monsoon Runoff
#   Published_Date_or_Year: 2018
#   Volume: 9
#   Pages: 
#   Issue: 
#   Report_Number: 3364
#   DOI: 10.1038/s41467-018-05814-0
#   Full_Citation:
#   Abstract: Speleothem CaCO3 d18O is a commonly employed paleomonsoon proxy. However, inferring local rainfall amount from speleothem d18O can be complicated due to changing source water d18O, temperature effects, and rainout over the moisture transport path. These complications are addressed using d18O of planktonic foraminiferal CaCO3, offshore from the Yangtze River Valley (YRV). The advantage is that the effects of global seawater d18O and local temperature changes can be quantitatively removed, yielding a record of local seawater d18O, a proxy that responds primarily to dilution by local precipitation and runoff. Whereas YRV speleothem d18O is dominated by precession-band (23-ky) cyclicity, local seawater d18O is dominated by eccentricity (100-ky) and obliquity (41-ky) cycles, with almost no precession-scale variance. These results, consistent with records outside the YRV, suggest that East Asian monsoon rainfall is more sensitive to greenhouse gas and high latitude ice sheet forcing than to direct insolation forcing.
#--------------------
# Funding_Agency
#   Funding_Agency_Name: National Science Foundation of China 
#   Grant: 41690115
#--------------------
# Funding_Agency
#   Funding_Agency_Name: US National Science Foundation
#   Grant: OCE-1435266, OCE-1129408
#--------------------
# Funding_Agency
#   Funding_Agency_Name: Japan Society for the Promotion of Science (JSPS)
#   Grant: JP15K21656
#--------------------
# Funding_Agency
#   Funding_Agency_Name: Office of Naval Research
#   Grant: N00014-17-1-2393
#--------------------
# Funding_Agency
#   Funding_Agency_Name: Korea Meteorological Industry Promotion Agency
#   Grant: 2015-6070
#--------------------
# Funding_Agency
#   Funding_Agency_Name: University of Kiel Institute for Geoscience
#   Grant:
#--------------------
# Site_Information
#   Site_Name: IODP U1429
#   Location: East China Sea
#   Northernmost_Latitude: 31.617333
#   Southernmost_Latitude: 31.617333
#   Easternmost_Longitude: 128.9975
#   Westernmost_Longitude: 128.9975
#   Elevation_m: -732
#--------------------
# Data_Collection
#   Collection_Name: IODP U1429 Interpolated Clemens2018
#   First_Year: 393000
#   Last_Year: 0
#   Time_Unit: cal yr BP
#   Core_Length_m: 181.6
#   Parameter_Keywords: trace metals in carbonates, carbon isotopes, oxygen isotopes, reconstruction
#   Notes: 
#--------------------
# Chronology_Information
# Chronology:
# 
# Chronology established by correlation of U1429 benthic d18O to global Benthic d18O Stack of Lisiecke and Raymo (2005; doi:10.1029/2004PA001071)
# Benthic Chronology
# Splice Depth CCSF-D (mbsf)	Age (cal yr BP)
# 0.82	2.0671
# 3.07	8.944
# 8.65	18.09
# 21.84	37.939
# 27.85	44.999
# 34.55	55
# 43.29	75.049
# 46.75	84.055
# 49.90078773	89.88404638
# 53.12571968	90.04398241
# 56.75077288	96.13328334
# 59.18969254	102.8388645
# 60.81	108.82
# 64.56	122.9
# 70.69	134.97
# 90.6	166.93
# 103.203033	199.4779797
# 106.5190035	210.1559376
# 110.29	216.89
# 119.4	237.05
# 120.86	242.43
# 125.8	242.58
# 130.3	251.96
# 145.25	283.4
# 153.0552774	300.409919
# 160.72	329.06
# 165.29	341.07
# 181.14	393.27
#
# Speleothem Chronology
# Splice Depth CCSF-D (mbsf)	Age (cal yr BP)
# 0.221718095	0.494757347
# 3.820548188	9.635708149
# 5.43423521	12.36450594
# 8.649856182	16.11165295
# 18.09884749	29.14108184
# 18.53910565	30.7924625
# 19.10766661	32.47845211
# 19.53777345	33.72694744
# 20.24101513	35.08544633
# 20.83582709	36.05293109
# 22.03219795	38.38590911
# 22.83326338	39.52734438
# 23.27821033	40.04148456
# 23.84623573	41.22850272
# 24.40401191	42.61512863
# 25.43584431	44.01352333
# 27.32202361	46.45755922
# 28.97516369	48.2264256
# 30.62297287	49.38576626
# 31.80900329	53.0354562
# 33.20619051	55.11499299
# 34.48439539	58.76125059
# 35.7131823	59.92602422
# 37.80192464	65.07772861
# 42.04287848	72.21968879
# 42.99906569	73.33348471
# 43.86317553	76.05162058
# 48.71456255	88.5096199
# 50.08582315	90.56247183
# 53.17034338	91.81444878
# 54.09257839	94.39149169
# 57.31459323	100.4128905
# 58.30231666	105.1365212
# 60.15479929	108.1957783
# 60.75864785	108.6973927
# 62.11931207	115.6166781
# 63.17224106	117.5169418
# 64.07724292	120.3816551
# 64.4564897	121.062658
# 66.64408981	128.4849314
# 67.96511399	130.5885302
# 70.72835299	133.4753083
# 72.20979254	136.1460791
# 80.28123189	147.3842006
# 84.72767581	157.0040038
# 87.48768297	160.8489467
# 88.81313778	164.6892349
# 90.34907666	165.4917173
# 92.2572382	169.8189323
# 96.17489595	175.8167323
# 96.84880203	178.5294442
# 97.52741786	179.6431355
# 101.0347749	191.1454841
# 101.9760854	193.0209983
# 104.4210279	200.5516183
# 105.1672467	208.7713353
# 116.8816099	229.17073
# 117.1946623	232.1474044
# 118.6780308	234.5264574
# 120.226059	242.0700074
# 126.7330252	243.6478637
# 127.806697	249.0744054
# 129.0620409	250.3864207
# 130.8024298	251.6314491
# 137.1094592	263.8543862
# 142.5347196	280.2982904
# 144.6568007	282.5578609
# 145.6733868	286.8859376
# 148.0043367	289.9076893
# 149.7900761	294.5365827
# 153.8045695	302.3231075
# 157.4383559	317.3100677
# 158.528684	323.1295231
# 162.2766043	334.6166386
# 165.7589496	338.6792408
# 173.7897604	366.0365271
# 177.1110735	377.808767
#
#--------------------
# Variables
# PaST_Thesaurus_Download_Resource: https://www.ncei.noaa.gov/access/paleo-search/skos/past-thesaurus.rdf
#   PaST_Thesaurus_Download_Description: Paleoenvironmental Standard Terms (PaST) Thesaurus terms, definitions, and relationships in SKOS format.
#
# Data variables follow that are preceded by '##' in columns one and two.
# Variables list, one per line, shortname-tab-var components: what, material, error, units, seasonality, data type, detail, method, C or N for Character or Numeric data)
#
## Hole	sample identification,,,,,paleoceanography,,,C,hole; 10.2204/iodp.proc.346.102.2015
## Core	sample identification,,,,,paleoceanography,,,C,core; 10.2204/iodp.proc.346.102.2015
## Section	sample identification,,,,,paleoceanography,,,N,section; 10.2204/iodp.proc.346.102.2015
## SectDepth	depth,,,centimeter,,climate reconstructions;paleoceanography,,,N,depth witin section; middle of 2 cm interval
## Depth_CSF-A	depth,,,meter,,climate reconstructions;paleoceanography,,,N,core depth below seafloor
## Depth_CCSF-A	depth,,,meter,,climate reconstructions;paleoceanography,,,N,composite depth below seafloor
## SpliceDepth_CCSF-D	depth,,,meter,,climate reconstructions;paleoceanography,,,N,spliced composite depth below seafloor
## d18O_G.rub	delta 18O,Globigerinoides ruber sensu stricto,,per mil VPDB,,paleoceanography,,isotope ratio mass spectrometry,N,
## d13C_G.rub	delta 13C,Globigerinoides ruber sensu stricto,,per mil VPDB,,paleoceanography,,isotope ratio mass spectrometry,N,
## d18O_G.rub-notch	delta 18O,Globigerinoides ruber,,per mil VPDB,,paleoceanography,filtered,,N,G. ruber notched d18O (per mil VPDB)
## d18O_benth-int	delta 18O,benthic foraminifer,,per mil VPDB,,paleoceanography,interpolated,isotope ratio mass spectrometry,N,Interpolated Benthic d18O (per mil VPDB)
## d18O_benth-sw	delta 18O,benthic foraminifer,,per mil VPDB,,paleoceanography,interpolated,,N,Benthic d18O scaled to Waelbroeck d18O seawater (per mil VPDB)
## RSL-d18O_benth	relative sea level,delta 18O,,meter,,climate reconstructions;paleoceanography,interpolated,,N,Benthic d18O scaled to Waelbroeck RSL (m)
## Uk37-SST-int	sea surface temperature,alkenone unsaturation index,,degree Celsius,,climate reconstructions;paleoceanography,interpolated,gas chromatography,N,Interpolated UK'37 SST (C)
## Mg/Ca-int	magnesium/calcium,calcite,,millimole per mole,,paleoceanography,interpolated,inductively-coupled plasma mass spectrometry,N,Interpolated Mg/Ca (mmol/mol)
## Mg/Ca-SST_PSU	sea surface temperature,magnesium/calcium,,degree Celsius,,climate reconstructions;paleoceanography,,,N,10.1002/2016PA002970
## d18Osw-local_PSU	delta 18O,sea water,,per mil VSMOW,,climate reconstructions;paleoceanography,,,N,PSU Solver; 10.1002/2016PA002970
## d18Osw-local_PSU_1s_up	delta 18O,sea water,68% confidence interval upper bound,per mil VSMOW,,climate reconstructions;paleoceanography,,,N,PSU Solver d18Osw-local (per mil VSMOW) plus 1s; 10.1002/2016PA002970
## d18Osw-local_PSU_1s_low	delta 18O,sea water,68% confidence interval lower bound,per mil VSMOW,,climate reconstructions;paleoceanography,,,N,PSU Solver d18Osw-local (per mil VSMOW) minus 1s; 10.1002/2016PA002970
## d18Osw-total_PSU	delta 18O,sea water,,per mil VSMOW,,climate reconstructions;paleoceanography,,,N,PSU Solver d18Osw-total (per mil VSMOW); 10.1002/2016PA002970
#--------------------
# Data:
# Data lines follow (have no #)
# Data line format - tab-delimited text, variable short name as header
# Missing_Values: -999
Hole	Core	Section	SectDepth	Depth_CSF-A	Depth_CCSF-A	SpliceDepth_CCSF-D	d18O_G.rub	d13C_G.rub	d18O_G.rub-notch	d18O_benth-int	d18O_benth-sw	RSL-d18O_benth	Uk37-SST-int	Mg/Ca-int	Mg/Ca-SST_PSU	d18Osw-local_PSU	d18Osw-local_PSU_1s_up	d18Osw-local_PSU_1s_low	d18Osw-total_PSU
U1429A	1H	1	1	0.01	0.18	0.18	-2.52	1.14	-0.56	2.54	-0.270	0.00	23.40	4.01	26.9	-0.32	-0.18	-0.52	-0.32
U1429A	1H	1	6	0.06	0.23	0.23	-2.85	1.44	-0.60	2.54	-0.270	0.00	23.46	3.89	26.3	-0.24	-0.07	-0.37	-0.24
U1429A	1H	1	11	0.11	0.28	0.28	-2.40	1.41	-0.57	2.57	-0.242	-3.28	23.76	3.76	25.8	-0.19	-0.08	-0.30	-0.17
U1429A	1H	1	16	0.16	0.33	0.33	-2.33	1.30	-0.42	2.60	-0.214	-6.56	23.98	3.63	25.7	-0.35	-0.20	-0.52	-0.29
U1429A	1H	1	21	0.21	0.38	0.38	-2.54	1.36	-0.36	2.64	-0.186	-9.84	23.88	3.50	25.1	-0.28	-0.14	-0.42	-0.20
U1429A	1H	1	26	0.26	0.43	0.43	-2.19	1.35	-0.36	2.59	-0.223	-5.51	23.77	3.37	25.2	-0.28	-0.16	-0.40	-0.23
U1429A	1H	1	31	0.31	0.48	0.48	-2.40	1.25	-0.50	2.55	-0.260	-1.17	23.62	3.47	25.9	-0.40	-0.26	-0.55	-0.39
U1429A	1H	1	36	0.36	0.53	0.53	-2.76	1.54	-0.46	2.50	-0.297	3.16	23.54	3.57	25.7	-0.17	0.12	-0.31	-0.19
U1429A	1H	1	41	0.41	0.58	0.58	-2.26	1.33	-0.37	2.53	-0.278	0.90	23.74	3.67	25.7	-0.18	-0.05	-0.30	-0.19
U1429A	1H	1	46	0.46	0.63	0.63	-2.41	1.30	-0.45	2.55	-0.258	-1.37	23.91	3.65	25.9	-0.26	-0.15	-0.38	-0.25
U1429A	1H	1	51	0.51	0.68	0.68	-2.48	1.48	-0.37	2.57	-0.239	-3.63	23.96	3.64	25.5	-0.11	0.07	-0.26	-0.08
U1429A	1H	1	56	0.56	0.73	0.73	-2.14	1.29	-0.18	2.54	-0.266	-0.51	23.97	3.63	25.4	-0.11	0.00	-0.22	-0.11
U1429A	1H	1	61	0.61	0.78	0.78	-2.31	1.33	-0.25	2.51	-0.292	2.62	23.82	3.61	25.3	-0.10	0.02	-0.21	-0.12
U1429A	1H	1	66	0.66	0.83	0.83	-2.22	1.40	-0.30	2.48	-0.319	5.74	23.73	3.60	25.4	-0.13	-0.01	-0.24	-0.18
U1429A	1H	1	71	0.71	0.88	0.88	-2.29	1.24	-0.31	2.53	-0.276	0.74	23.88	3.58	25.4	-0.14	-0.02	-0.25	-0.15
U1429A	1H	1	76	0.76	0.93	0.93	-2.20	1.42	-0.43	2.58	-0.234	-4.27	23.96	3.57	25.8	-0.34	-0.19	-0.57	-0.31
U1429A	1H	1	81	0.81	0.98	0.98	-2.58	1.51	-0.51	2.63	-0.191	-9.27	23.76	3.55	25.8	-0.34	-0.22	-0.46	-0.27
U1429A	1H	1	86	0.86	1.03	1.03	-2.43	1.43	-0.47	2.61	-0.213	-6.72	23.61	3.54	25.6	-0.27	-0.16	-0.39	-0.21
U1429A	1H	1	91	0.91	1.08	1.08	-2.38	1.30	-0.42	2.58	-0.235	-4.17	23.66	3.58	25.6	-0.19	-0.08	-0.31	-0.16
U1429A	1H	1	96	0.96	1.13	1.13	-2.32	1.30	-0.38	2.55	-0.256	-1.62	23.72	3.63	25.7	-0.18	-0.06	-0.28	-0.16
U1429A	1H	1	101	1.01	1.18	1.18	-2.37	1.42	-0.42	2.56	-0.249	-2.48	23.82	3.67	26.2	-0.15	-0.04	-0.26	-0.13
U1429A	1H	1	106	1.06	1.23	1.23	-2.42	1.47	-0.60	2.57	-0.242	-3.34	23.87	3.92	27.4	-0.27	-0.14	-0.43	-0.24
U1429A	1H	1	111	1.11	1.28	1.28	-2.88	1.48	-0.89	2.58	-0.234	-4.20	23.72	4.17	26.9	0.22	0.77	0.08	0.26
U1429A	1H	1	116	1.16	1.33	1.33	-2.05	1.28	-0.51	2.59	-0.226	-5.21	23.60	4.41	26.9	0.17	0.29	0.03	0.21
U1429A	1H	1	121	1.21	1.38	1.38	-2.29	1.29	-0.31	2.58	-0.238	-3.74	23.60	4.34	27.1	0.04	0.15	-0.08	0.07
U1429A	1H	1	126	1.26	1.43	1.43	-2.47	1.51	-0.45	2.56	-0.251	-2.28	23.62	4.28	26.7	0.09	0.22	-0.04	0.10
U1429A	1H	1	131	1.31	1.48	1.48	-2.22	1.40	-0.52	2.54	-0.263	-0.82	23.72	4.21	26.9	-0.06	0.08	-0.26	-0.05
U1429A	1H	1	136	1.36	1.53	1.53	-2.58	1.47	-0.55	2.53	-0.275	0.65	23.77	4.14	26.9	-0.13	-0.02	-0.23	-0.13
U1429A	1H	1	141	1.41	1.58	1.58	-2.58	1.47	-0.49	2.51	-0.288	2.11	23.62	4.07	26.1	0.10	0.34	-0.04	0.09
U1429A	1H	1	146	1.46	1.63	1.63	-2.06	1.41	-0.52	2.52	-0.286	1.85	23.47	4.00	27.0	0.02	0.15	-0.16	0.01
U1429A	1H	2	1	1.51	1.68	1.68	-2.56	1.45	-0.59	2.52	-0.284	1.60	23.32	4.29	27.4	0.11	0.27	-0.02	0.10
U1429A	1H	2	6	1.56	1.73	1.73	-2.41	1.42	-0.55	2.52	-0.281	1.34	23.24	4.59	28.0	0.19	0.28	0.09	0.17
U1429A	1H	2	11	1.61	1.78	1.78	-2.51	1.30	-0.47	2.55	-0.261	-1.02	23.44	4.89	27.7	0.26	0.38	0.16	0.27
U1429A	1H	2	16	1.66	1.83	1.83	-2.23	1.36	-0.33	2.57	-0.241	-3.37	23.59	4.72	27.5	0.17	0.30	0.03	0.20
U1429A	1H	2	21	1.71	1.88	1.88	-2.40	1.23	-0.28	2.60	-0.221	-5.73	23.54	4.54	26.8	0.25	0.39	0.12	0.29
U1429A	1H	2	26	1.76	1.93	1.93	-2.03	1.21	-0.32	2.57	-0.244	-3.02	23.51	4.37	26.8	0.07	0.22	-0.18	0.09
U1429A	1H	2	31	1.81	1.98	1.98	-2.44	1.40	-0.52	2.54	-0.267	-0.31	23.56	4.19	26.8	-0.10	0.01	-0.24	-0.10
U1429A	1H	2	36	1.86	2.03	2.03	-2.57	1.27	-0.50	2.51	-0.290	2.39	23.58	4.02	26.2	-0.07	0.05	-0.18	-0.09
U1429A	1H	2	41	1.91	2.08	2.08	-2.27	1.21	-0.43	2.54	-0.266	-0.44	23.48	3.85	26.2	-0.02	0.09	-0.12	-0.02
U1429A	1H	2	46	1.96	2.13	2.13	-2.30	1.11	-0.44	2.57	-0.242	-3.28	23.36	3.99	26.7	-0.04	0.07	-0.14	-0.01
U1429A	1H	2	51	2.01	2.18	2.18	-2.42	1.22	-0.60	2.60	-0.218	-6.11	23.16	4.13	27.4	-0.15	-0.02	-0.29	-0.10
U1429A	1H	2	56	2.06	2.23	2.23	-2.73	1.21	-0.81	2.63	-0.196	-8.73	22.97	4.28	27.4	-0.09	0.05	-0.21	-0.02
U1429A	1H	2	61	2.11	2.28	2.28	-2.46	1.58	-0.64	2.65	-0.174	-11.34	22.82	4.29	27.2	-0.02	0.08	-0.13	0.07
U1429A	1H	2	66	2.16	2.33	2.33	-2.41	1.22	-0.55	2.68	-0.151	-13.95	22.76	4.30	27.2	-0.01	0.09	-0.11	0.10
U1429A	1H	2	71	2.21	2.38	2.38	-2.41	1.20	-0.54	2.66	-0.169	-11.87	23.06	4.30	27.4	-0.06	0.04	-0.17	0.04
U1429A	1H	2	96	2.46	2.63	2.63	-2.53	1.12	-0.66	2.70	-0.138	-15.48	22.71	4.35	27.2	0.03	0.17	-0.10	0.16
U1429A	1H	2	111	2.61	2.78	2.78	-2.29	1.42	-0.46	2.67	-0.161	-12.81	22.62	4.37	27.3	0.08	0.26	-0.04	0.18
U1429A	1H	2	131	2.81	2.98	2.98	-2.36	1.18	-0.50	2.63	-0.191	-9.24	23.44	4.41	27.2	0.12	0.23	0.02	0.19
U1429A	1H	2	136	2.86	3.03	3.03	-2.26	1.09	-0.56	2.62	-0.199	-8.34	23.61	4.41	27.7	-0.09	0.04	-0.34	-0.03
U1429A	1H	2	141	2.91	3.08	3.08	-2.76	1.27	-0.83	2.61	-0.207	-7.45	23.66	4.42	27.7	-0.07	0.05	-0.20	-0.01
U1429A	1H	2	146	2.96	3.13	3.13	-2.53	1.02	-0.89	2.64	-0.189	-9.51	23.71	4.43	27.8	-0.10	0.02	-0.21	-0.02
U1429A	1H	3	1	3.01	3.18	3.18	-2.70	1.14	-0.86	2.66	-0.172	-11.56	23.76	4.44	27.7	-0.05	0.06	-0.16	0.04
U1429A	1H	3	6	3.06	3.23	3.23	-2.50	0.98	-0.72	2.68	-0.154	-13.62	23.75	4.45	27.5	0.03	0.13	-0.08	0.14
U1429A	1H	3	11	3.11	3.28	3.28	-2.37	1.15	-0.70	2.70	-0.137	-15.67	23.50	4.46	27.7	-0.02	0.09	-0.15	0.10
U1429A	1H	3	16	3.16	3.33	3.33	-2.53	1.09	-0.75	2.75	-0.094	-20.69	23.30	4.46	27.6	0.04	0.17	-0.08	0.20
U1429A	1H	3	21	3.21	3.38	3.38	-2.26	0.99	-0.57	2.81	-0.051	-25.71	23.30	4.47	27.4	0.09	0.20	-0.01	0.30
U1429A	1H	3	26	3.26	3.43	3.43	-2.21	1.08	-0.55	2.83	-0.029	-28.39	23.31	4.48	27.8	-0.06	0.06	-0.23	0.16
U1429A	1H	3	31	3.31	3.48	3.48	-2.52	1.04	-0.74	2.86	-0.006	-31.07	23.36	4.49	27.8	-0.17	-0.06	-0.29	0.08
U1429A	1H	3	36	3.36	3.53	3.53	-2.54	0.99	-0.60	2.89	0.017	-33.74	23.40	4.30	26.8	-0.04	0.14	-0.18	0.23
U1429A	1H	3	41	3.41	3.58	3.58	-2.06	0.91	-0.42	2.92	0.040	-36.42	23.40	4.11	26.2	0.00	0.11	-0.10	0.30
U1429A	1H	3	46	3.46	3.63	3.63	-1.98	1.14	-0.30	2.90	0.023	-34.48	23.41	3.93	26.1	-0.03	0.08	-0.14	0.25
U1429A	1H	3	51	3.51	3.68	3.68	-2.06	1.00	-0.36	2.88	0.007	-32.53	23.46	3.92	26.4	-0.09	0.02	-0.19	0.17
U1429A	1H	3	56	3.56	3.73	3.73	-2.22	0.81	-0.48	2.86	-0.010	-30.59	23.47	3.92	26.8	-0.09	0.02	-0.19	0.15
U1429A	1H	3	61	3.61	3.78	3.78	-2.26	0.95	-0.51	2.91	0.031	-35.37	23.32	4.19	27.1	-0.05	0.07	-0.14	0.24
U1429A	1H	3	71	3.71	3.88	3.88	-2.18	1.17	-0.50	2.96	0.073	-40.40	23.02	4.25	27.1	-0.05	0.10	-0.16	0.27
U1429A	1H	3	76	3.76	3.93	3.93	-2.19	0.95	-0.48	2.96	0.076	-40.66	22.92	4.25	27.0	-0.28	-0.12	-0.54	0.05
U1429A	1H	3	81	3.81	3.98	3.98	-2.51	1.12	-0.47	2.96	0.078	-40.91	23.02	3.92	26.4	-0.31	-0.19	-0.43	0.01
U1429A	1H	3	86	3.86	4.03	4.03	-2.14	1.19	-0.46	2.98	0.092	-42.60	23.08	3.59	26.8	-0.30	-0.19	-0.41	0.04
U1429A	1H	3	91	3.91	4.08	4.08	-2.45	1.07	-0.47	3.00	0.107	-44.29	22.98	3.98	26.8	-0.26	-0.14	-0.41	0.10
U1429A	1H	3	96	3.96	4.13	4.13	-2.30	0.79	-0.48	3.02	0.121	-45.98	22.91	3.96	26.4	-0.08	0.10	-0.24	0.28
U1429A	1H	3	101	4.01	4.18	4.18	-1.91	0.71	-0.47	2.98	0.087	-41.97	22.96	3.94	26.3	-0.07	0.06	-0.20	0.27
U1429A	1H	3	106	4.06	4.23	4.23	-2.17	0.90	-0.44	2.93	0.053	-37.95	22.95	3.93	26.2	-0.07	0.05	-0.19	0.24
U1429A	1H	3	111	4.11	4.28	4.28	-2.05	0.88	-0.41	2.89	0.018	-33.94	22.70	3.91	26.1	-0.03	0.08	-0.14	0.24
U1429A	1H	3	116	4.16	4.33	4.33	-1.96	0.99	-0.39	2.93	0.054	-38.08	22.50	3.89	26.1	-0.07	0.10	-0.19	0.23
U1429A	1H	3	121	4.21	4.38	4.38	-2.00	0.81	-0.37	2.98	0.089	-42.22	22.50	3.87	26.2	-0.31	-0.16	-0.57	0.03
U1429A	1H	3	126	4.26	4.43	4.43	-2.31	0.95	-0.45	3.02	0.124	-46.36	22.49	3.69	26.2	-0.39	-0.26	-0.57	-0.02
U1429A	1H	3	131	4.31	4.48	4.48	-2.28	0.96	-0.53	3.06	0.154	-49.90	22.44	3.51	26.6	-0.24	-0.03	-0.40	0.16
U1429A	1H	3	136	4.36	4.53	4.53	-2.12	0.90	-0.45	3.10	0.184	-53.44	22.41	4.04	26.7	-0.20	-0.07	-0.38	0.23
U1429A	1H	3	141	4.41	4.58	4.58	-2.23	0.87	-0.25	3.13	0.214	-56.98	22.46	3.96	26.0	0.00	0.26	-0.18	0.45
U1429A	1H	3	146	4.46	4.63	4.63	-1.60	0.83	-0.11	3.12	0.204	-55.78	22.45	3.88	25.8	-0.01	0.12	-0.16	0.44
U1429A	1H	4	1.5	4.515	4.69	4.685	-1.81	0.91	-0.21	3.11	0.193	-54.47	22.15	3.79	25.9	-0.07	0.04	-0.18	0.36
U1429A	1H	4	7	4.57	4.74	4.74	-1.93	0.73	-0.30	3.09	0.182	-53.15	21.90	3.83	25.9	0.00	0.13	-0.17	0.42
U1429B	2H	2	11	4.51	4.81	4.81	-1.78	0.61	-0.05	3.12	0.206	-56.00	21.90	3.88	25.7	0.11	0.28	-0.05	0.56
U1429B	2H	2	16	4.56	4.86	4.86	-1.47	0.63	0.12	3.14	0.223	-58.04	21.85	3.92	25.6	0.05	0.22	-0.14	0.51
U1429B	2H	2	21	4.61	4.91	4.91	-1.78	0.84	0.11	3.16	0.241	-60.07	21.60	3.78	25.2	0.03	0.20	-0.14	0.51
U1429B	2H	2	26	4.66	4.96	4.96	-1.38	0.76	0.11	3.19	0.258	-62.11	21.41	3.64	25.0	-0.03	0.16	-0.22	0.47
U1429B	2H	2	31	4.71	5.01	5.01	-1.73	0.73	0.18	3.21	0.275	-64.14	21.46	3.51	24.6	0.02	0.21	-0.13	0.53
U1429B	2H	2	36	4.76	5.06	5.06	-1.28	0.64	0.28	3.23	0.293	-66.18	21.46	3.44	24.2	0.05	0.20	-0.08	0.58
U1429B	2H	2	41	4.81	5.11	5.11	-1.22	0.70	0.36	3.25	0.310	-68.21	21.26	3.36	24.0	-0.01	0.15	-0.15	0.54
U1429B	2H	2	46	4.86	5.16	5.16	-1.36	0.86	0.40	3.27	0.327	-70.25	21.13	3.22	23.9	-0.02	0.14	-0.18	0.54
U1429B	2H	2	51	4.91	5.21	5.21	-1.12	0.68	0.44	3.29	0.344	-72.28	21.28	3.25	24.2	-0.09	0.06	-0.26	0.49
U1429B	2H	2	56	4.96	5.26	5.26	-1.48	0.84	0.31	3.31	0.362	-74.32	21.39	3.29	24.5	-0.13	-0.01	-0.26	0.46
U1429B	2H	2	61	5.01	5.31	5.31	-1.47	0.86	0.18	3.33	0.379	-76.36	21.34	3.36	24.4	-0.08	0.05	-0.24	0.53
U1429B	2H	2	66	5.06	5.36	5.36	-1.38	0.72	0.19	3.36	0.396	-78.39	21.32	3.33	23.9	0.04	0.24	-0.18	0.67
U1429B	2H	2	71	5.11	5.41	5.41	-0.86	0.57	0.30	3.36	0.400	-78.85	21.42	3.29	23.9	-0.01	0.18	-0.22	0.62
U1429B	2H	2	76	5.16	5.46	5.46	-1.19	0.62	0.37	3.37	0.404	-79.32	21.49	3.25	24.0	-0.12	0.04	-0.30	0.52
U1429B	2H	2	81	5.21	5.51	5.51	-1.46	0.71	0.26	3.37	0.408	-79.78	21.44	3.22	24.1	-0.16	-0.01	-0.30	0.48
U1429B	2H	2	86	5.26	5.56	5.56	-1.24	0.75	0.15	3.38	0.412	-80.24	21.40	3.18	24.1	-0.21	-0.04	-0.37	0.43
U1429B	2H	2	91	5.31	5.61	5.61	-1.46	0.74	0.03	3.38	0.416	-80.70	21.40	3.18	24.2	-0.25	-0.06	-0.44	0.40
U1429B	2H	2	96	5.36	5.66	5.66	-1.70	0.95	0.02	3.39	0.420	-81.16	21.40	3.16	24.1	-0.17	0.07	-0.33	0.48
U1429B	2H	2	101	5.41	5.71	5.71	-1.18	0.85	0.06	3.37	0.409	-79.92	21.40	3.15	24.1	-0.10	0.07	-0.22	0.54
U1429B	2H	2	106	5.46	5.76	5.76	-1.34	0.94	0.10	3.36	0.399	-78.68	21.40	3.31	24.7	-0.10	0.02	-0.22	0.53
U1429B	2H	2	116	5.56	5.86	5.86	-1.48	0.79	0.06	3.32	0.369	-75.14	21.42	3.39	24.9	-0.11	0.01	-0.22	0.49
U1429B	2H	2	121	5.61	5.91	5.91	-1.59	0.76	0.00	3.30	0.349	-72.85	21.52	3.56	24.9	-0.11	0.01	-0.23	0.47
U1429B	2H	2	126	5.66	5.96	5.96	-1.63	0.83	-0.06	3.27	0.330	-70.55	21.57	3.46	24.6	-0.08	0.07	-0.20	0.49
U1429B	2H	2	131	5.71	6.01	6.01	-1.35	0.75	-0.08	3.32	0.368	-75.11	21.42	3.37	24.3	-0.08	0.19	-0.21	0.52
U1429B	2H	2	136	5.76	6.06	6.06	-1.17	0.67	-0.10	3.37	0.407	-79.67	21.32	3.28	24.2	-0.29	-0.10	-0.60	0.34
U1429B	2H	2	141	5.81	6.11	6.11	-1.64	0.79	-0.13	3.42	0.446	-84.22	21.42	3.14	24.1	-0.40	-0.26	-0.59	0.28
U1429B	2H	2	146	5.86	6.16	6.16	-1.63	0.82	-0.12	3.42	0.447	-84.38	21.47	3.01	23.8	-0.40	-0.25	-0.59	0.28
U1429B	2H	3	1	5.91	6.21	6.21	-1.52	0.87	-0.08	3.42	0.449	-84.54	21.30	2.88	23.7	-0.30	-0.12	-0.48	0.37
U1429B	2H	3	6	5.96	6.26	6.26	-1.22	0.64	-0.03	3.42	0.450	-84.70	21.25	3.00	24.0	-0.23	-0.06	-0.38	0.45
U1429B	2H	3	11	6.01	6.31	6.31	-1.47	0.81	0.02	3.42	0.451	-84.86	21.20	3.12	24.4	-0.17	0.00	-0.31	0.51
U1429B	2H	3	16	6.06	6.36	6.36	-1.39	0.77	0.06	3.43	0.453	-85.02	21.15	3.40	24.6	-0.12	0.02	-0.25	0.56
U1429B	2H	3	21	6.11	6.41	6.41	-1.44	0.73	0.10	3.43	0.454	-85.18	21.10	3.38	24.6	-0.07	0.07	-0.22	0.61
U1429B	2H	3	26	6.16	6.46	6.46	-1.36	0.76	0.14	3.39	0.427	-82.02	21.15	3.37	24.6	0.00	0.14	-0.13	0.65
U1429B	2H	3	31	6.21	6.51	6.51	-1.25	0.69	0.16	3.36	0.400	-78.87	21.20	3.52	24.6	0.02	0.16	-0.10	0.65
U1429B	2H	3	36	6.26	6.56	6.56	-1.27	0.96	0.15	3.33	0.374	-75.71	21.20	3.47	24.5	-0.01	0.13	-0.16	0.59
U1429B	2H	3	41	6.31	6.61	6.61	-1.44	0.77	0.14	3.34	0.383	-76.85	21.20	3.41	24.3	-0.01	0.14	-0.19	0.61
U1429B	2H	3	46	6.36	6.66	6.66	-1.32	0.61	0.13	3.35	0.393	-77.99	21.25	3.36	24.0	0.06	0.23	-0.14	0.68
U1429B	2H	3	51	6.41	6.71	6.71	-0.86	0.85	0.14	3.36	0.403	-79.13	21.30	3.35	23.9	0.05	0.22	-0.13	0.69
U1429B	2H	3	56	6.46	6.76	6.76	-1.14	0.63	0.15	3.38	0.412	-80.27	21.25	3.33	24.0	0.00	0.15	-0.16	0.64
U1429B	2H	3	61	6.51	6.81	6.81	-1.25	0.75	0.16	3.39	0.422	-81.41	21.20	3.30	24.0	-0.04	0.11	-0.25	0.61
U1429B	2H	3	66	6.56	6.86	6.86	-1.35	1.00	0.16	3.40	0.432	-82.55	21.10	3.25	23.9	0.00	0.17	-0.21	0.66
U1429B	2H	3	71	6.61	6.91	6.91	-0.78	0.50	0.17	3.41	0.441	-83.69	21.00	3.20	24.0	0.02	0.17	-0.16	0.69
U1429B	2H	3	76	6.66	6.96	6.96	-1.21	0.77	0.18	3.42	0.451	-84.83	20.95	3.33	24.3	0.01	0.14	-0.13	0.69
U1429B	2H	3	81	6.71	7.01	7.01	-1.26	0.67	0.19	3.44	0.461	-85.97	20.90	3.39	24.4	0.02	0.16	-0.13	0.71
U1429B	2H	3	86	6.76	7.06	7.06	-1.25	0.77	0.20	3.45	0.470	-87.11	20.95	3.44	24.3	0.05	0.21	-0.12	0.75
U1429B	2H	3	91	6.81	7.11	7.11	-0.97	0.71	0.21	3.46	0.480	-88.25	21.00	3.50	23.9	0.03	0.19	-0.17	0.73
U1429B	2H	3	97	6.87	7.17	7.17	-1.20	0.91	0.23	3.48	0.493	-89.77	20.82	3.25	23.5	0.01	0.18	-0.18	0.73
U1429B	2H	3	101	6.91	7.21	7.21	-0.91	0.66	0.26	3.49	0.506	-91.31	20.70	3.08	23.2	0.03	0.22	-0.19	0.76
U1429B	2H	3	106	6.96	7.26	7.26	-0.63	0.51	0.30	3.51	0.523	-93.23	20.60	3.18	23.2	-0.06	0.11	-0.34	0.69
U1429B	2H	3	111	7.01	7.31	7.31	-1.13	0.74	0.34	3.53	0.539	-95.16	20.50	3.05	23.3	-0.11	0.03	-0.29	0.65
U1429B	2H	3	116	7.06	7.36	7.36	-1.00	0.53	0.41	3.55	0.555	-97.08	20.50	2.92	23.6	-0.07	0.09	-0.23	0.71
U1429B	2H	3	121	7.11	7.41	7.41	-1.12	0.73	0.53	3.57	0.572	-99.01	20.50	3.27	23.7	0.00	0.16	-0.19	0.80
U1429B	2H	3	126	7.16	7.46	7.46	-0.99	0.68	0.66	3.59	0.588	-100.93	20.38	3.26	23.5	0.12	0.31	-0.06	0.92
U1429B	2H	3	131	7.21	7.51	7.51	-0.59	0.49	0.78	3.61	0.604	-102.85	20.25	3.26	23.4	0.14	0.30	0.00	0.96
U1429B	2H	3	136	7.26	7.56	7.56	-0.71	0.64	0.78	3.63	0.621	-104.78	20.28	3.26	23.3	0.09	0.23	-0.05	0.93
U1429B	2H	3	141	7.31	7.61	7.61	-0.82	0.44	0.77	3.68	0.659	-109.25	20.40	3.16	23.2	0.05	0.21	-0.09	0.92
U1429B	2H	3	146	7.36	7.66	7.66	-0.63	0.56	0.76	3.73	0.697	-113.72	20.36	3.06	23.1	0.00	0.29	-0.15	0.91
U1429B	2H	4	1	7.41	7.71	7.71	-0.63	0.52	0.66	3.77	0.735	-118.19	20.33	2.99	23.3	-0.19	0.06	-0.46	0.76
U1429B	2H	4	6	7.46	7.76	7.76	-1.19	0.71	0.47	3.82	0.773	-122.66	20.31	2.99	23.6	-0.31	-0.15	-0.53	0.67
U1429B	2H	4	16	7.56	7.86	7.86	-1.27	0.85	0.11	3.76	0.723	-116.82	20.40	2.99	23.5	-0.26	-0.08	-0.43	0.68
U1429B	2H	4	21	7.61	7.91	7.91	-0.89	0.69	0.26	3.73	0.698	-113.91	20.40	2.98	22.9	-0.06	0.10	-0.20	0.85
U1429B	2H	4	36	7.76	8.06	8.06	-0.71	0.47	0.58	3.66	0.645	-107.62	20.20	2.95	22.8	-0.03	0.10	-0.16	0.83
U1429B	2H	4	41	7.81	8.11	8.11	-0.70	0.39	0.53	3.68	0.656	-108.94	20.20	2.94	23.1	-0.06	0.07	-0.18	0.82
U1429B	2H	4	46	7.86	8.16	8.16	-0.87	0.74	0.48	3.69	0.667	-110.25	20.19	3.02	23.3	-0.07	0.05	-0.19	0.81
U1429B	2H	4	51	7.91	8.21	8.21	-0.91	0.76	0.44	3.70	0.678	-111.57	20.14	3.11	23.9	-0.09	0.05	-0.22	0.80
U1429B	2H	4	66	8.06	8.36	8.36	-0.97	0.72	0.34	3.77	0.736	-118.35	20.07	3.28	24.1	-0.12	0.03	-0.26	0.83
U1429B	2H	4	71	8.11	8.41	8.41	-1.11	0.59	0.38	3.83	0.782	-123.71	19.92	3.27	23.9	-0.12	0.05	-0.27	0.87
U1429B	2H	4	76	8.16	8.46	8.46	-0.72	0.64	0.45	3.89	0.827	-129.06	19.82	3.16	23.7	-0.13	0.04	-0.29	0.91
U1429B	2H	4	81	8.21	8.51	8.51	-1.00	0.49	0.52	3.94	0.873	-134.42	19.92	3.11	23.6	-0.11	0.06	-0.27	0.97
U1429B	2H	4	86	8.26	8.56	8.56	-0.63	0.72	0.59	3.97	0.893	-136.87	19.99	3.06	23.3	-0.05	0.11	-0.19	1.04
U1429B	2H	4	96	8.36	8.66	8.66	-0.63	0.80	0.70	4.02	0.935	-141.78	19.90	3.08	23.3	-0.02	0.13	-0.19	1.11
U1429B	2H	4	101	8.41	8.71	8.71	-0.54	0.50	0.76	3.89	0.834	-129.83	19.90	3.09	23.3	-0.01	0.18	-0.21	1.03
U1429B	2H	4	106	8.46	8.76	8.76	-1.01	0.80	0.73	3.77	0.732	-117.88	19.88	3.10	23.1	0.06	0.31	-0.12	1.01
U1429B	2H	4	111	8.51	8.81	8.81	-0.51	0.66	0.71	3.64	0.630	-105.93	19.78	3.08	23.0	0.08	0.27	-0.08	0.93
U1429B	2H	4	116	8.56	8.86	8.86	-0.63	0.67	0.67	3.67	0.653	-108.60	19.71	3.07	23.0	0.00	0.17	-0.17	0.87
U1429B	2H	4	121	8.61	8.91	8.91	-0.86	0.88	0.58	3.70	0.676	-111.28	19.76	3.06	22.9	-0.07	0.13	-0.23	0.82
U1429B	2H	4	126	8.66	8.96	8.96	-0.69	0.77	0.49	3.73	0.699	-113.96	19.81	2.92	22.7	-0.13	0.08	-0.30	0.78
U1429B	2H	4	131	8.71	9.01	9.01	-0.92	0.71	0.45	3.77	0.735	-118.19	19.86	2.77	22.5	-0.13	0.05	-0.30	0.81
U1429B	2H	4	136	8.76	9.06	9.06	-0.57	0.88	0.53	3.82	0.771	-122.43	19.90	2.86	22.4	-0.13	0.03	-0.27	0.85
U1429B	2H	4	141	8.81	9.11	9.11	-0.56	0.68	0.60	3.86	0.807	-126.67	19.90	2.80	22.5	-0.16	0.00	-0.32	0.85
U1429B	2H	4	146	8.86	9.16	9.16	-0.67	0.74	0.62	3.91	0.843	-130.91	19.89	2.74	22.7	-0.22	0.00	-0.37	0.83
U1429B	2H	5	1	8.91	9.21	9.21	-0.67	0.78	0.54	3.95	0.879	-135.15	19.84	2.87	22.8	-0.31	-0.09	-0.50	0.77
U1429B	2H	5	6	8.96	9.26	9.26	-1.05	0.82	0.47	3.99	0.915	-139.39	19.80	2.78	22.6	-0.31	-0.13	-0.47	0.81
U1429B	2H	5	11	9.01	9.31	9.31	-0.63	0.73	0.45	3.94	0.874	-134.64	19.80	2.68	22.4	-0.27	-0.11	-0.42	0.81
U1429B	2H	5	16	9.06	9.36	9.36	-0.77	0.74	0.50	3.89	0.834	-129.89	19.78	2.72	22.5	-0.22	-0.06	-0.37	0.82
U1429B	2H	5	21	9.11	9.41	9.41	-0.68	0.81	0.55	3.85	0.794	-125.14	19.68	2.81	22.9	-0.15	-0.01	-0.29	0.85
U1429B	2H	5	31	9.21	9.51	9.51	-0.70	0.78	0.48	3.85	0.797	-125.52	19.78	2.98	23.1	-0.15	-0.01	-0.29	0.85
U1429B	2H	5	36	9.26	9.56	9.56	-0.80	0.81	0.43	3.85	0.799	-125.72	19.93	2.96	23.2	-0.18	-0.05	-0.32	0.83
U1429A	2H	2	121	9.11	9.59	9.59	-0.84	0.81	0.42	3.89	0.833	-129.80	20.00	2.95	23.2	-0.18	-0.05	-0.31	0.86
U1429A	2H	2	126	9.16	9.64	9.64	-0.77	0.83	0.45	3.97	0.891	-136.61	20.10	2.97	23.1	-0.13	0.01	-0.25	0.96
U1429A	2H	2	135	9.25	9.73	9.73	-0.73	0.78	0.50	3.86	0.810	-127.04	20.05	3.01	22.8	-0.11	0.03	-0.23	0.91
U1429A	2H	2	141	9.31	9.79	9.79	-0.74	0.86	0.56	3.80	0.756	-120.65	20.02	2.91	22.6	-0.10	0.03	-0.24	0.86
U1429A	2H	2	146	9.36	9.84	9.84	-0.57	0.77	0.61	3.83	0.783	-123.87	20.00	2.83	22.6	-0.10	0.04	-0.24	0.89
U1429A	2H	3	1	9.41	9.89	9.89	-0.59	0.68	0.60	3.87	0.810	-127.09	20.00	2.74	23.0	-0.09	0.07	-0.26	0.92
U1429A	2H	3	6	9.46	9.94	9.94	-0.75	0.73	0.53	3.90	0.838	-130.30	20.00	3.06	23.3	-0.07	0.18	-0.26	0.97
U1429A	2H	3	11	9.51	9.99	9.99	-0.68	0.76	0.47	3.89	0.830	-129.38	20.00	3.37	22.9	-0.14	0.13	-0.40	0.89
U1429A	2H	3	16	9.56	10	10.04	-0.89	0.71	0.43	3.88	0.822	-128.46	20.02	2.67	22.6	-0.20	0.04	-0.47	0.83
U1429A	2H	3	21	9.61	10.09	10.09	-0.48	0.57	0.41	3.87	0.814	-127.53	20.12	2.75	22.6	-0.21	0.04	-0.49	0.81
U1429A	2H	3	26	9.66	10.14	10.14	-1.03	0.77	0.39	3.87	0.816	-127.79	20.21	2.83	22.7	-0.14	0.14	-0.40	0.89
U1429A	2H	3	31	9.71	10.2	10.19	-0.34	0.69	0.43	3.88	0.818	-128.04	20.26	2.90	22.8	-0.12	0.10	-0.34	0.90
U1429A	2H	3	36	9.76	10.24	10.24	-0.86	0.84	0.51	3.88	0.821	-128.30	20.28	2.91	22.8	-0.15	0.05	-0.37	0.87
U1429A	2H	3	41	9.81	10.29	10.29	-0.50	0.67	0.58	3.91	0.846	-131.29	20.18	2.92	22.8	-0.20	-0.02	-0.41	0.85
U1429A	2H	3	46	9.86	10.3	10.34	-0.90	0.80	0.60	3.94	0.871	-134.29	20.10	2.80	22.6	-0.19	-0.02	-0.37	0.88
U1429A	2H	3	51	9.91	10.39	10.39	-0.59	0.55	0.61	3.97	0.897	-137.28	20.10	2.79	22.5	-0.16	0.00	-0.31	0.94
U1429A	2H	3	56	9.96	10.44	10.44	-0.55	0.76	0.62	3.95	0.880	-135.31	20.11	2.78	22.5	-0.15	0.00	-0.28	0.93
U1429A	2H	3	61	10.01	10.5	10.49	-0.55	0.51	0.58	3.93	0.863	-133.33	20.16	2.78	22.8	-0.14	0.00	-0.27	0.92
U1429A	2H	3	66	10.06	10.54	10.54	-0.76	0.70	0.53	3.91	0.847	-131.36	20.19	2.91	23.2	-0.11	0.03	-0.25	0.94
U1429A	2H	3	71	10.11	10.59	10.59	-0.69	0.75	0.47	3.93	0.863	-133.29	20.14	3.04	23.4	-0.07	0.07	-0.18	1.00
U1429A	2H	3	76	10.16	10.6	10.64	-0.71	0.57	0.47	3.95	0.879	-135.23	20.10	3.17	23.4	-0.06	0.07	-0.18	1.02
U1429A	2H	3	81	10.21	10.69	10.69	-0.67	0.82	0.47	3.97	0.896	-137.16	20.10	3.10	23.3	-0.08	0.05	-0.21	1.02
U1429A	2H	3	86	10.26	10.74	10.74	-0.69	0.81	0.46	3.99	0.912	-139.10	20.12	3.03	23.1	-0.07	0.07	-0.22	1.05
U1429A	2H	3	91	10.31	10.8	10.79	-0.73	0.67	0.46	3.83	0.781	-123.66	20.22	2.96	22.9	-0.02	0.13	-0.16	0.97
U1429A	2H	3	96	10.36	10.84	10.84	-0.66	0.76	0.45	3.67	0.650	-108.22	20.29	3.00	22.9	0.02	0.17	-0.13	0.89
U1429A	2H	3	101	10.41	10.89	10.89	-0.70	0.79	0.44	3.72	0.690	-112.90	20.24	3.04	23.0	0.05	0.23	-0.12	0.95
U1429A	2H	3	106	10.46	10.9	10.94	-0.50	0.63	0.40	3.77	0.730	-117.59	20.21	3.11	23.2	0.00	0.18	-0.18	0.94
U1429A	2H	3	111	10.51	10.99	10.99	-0.89	0.76	0.35	3.82	0.769	-122.27	20.26	3.09	23.4	-0.04	0.10	-0.18	0.94
U1429A	2H	3	121	10.61	11.1	11.09	-0.68	0.70	0.35	3.86	0.802	-126.16	20.36	3.07	23.4	-0.04	0.10	-0.15	0.97
U1429A	2H	3	126	10.66	11.14	11.14	-0.79	0.82	0.37	3.88	0.819	-128.11	20.38	3.15	23.7	0.23	0.50	0.06	1.26
U1429A	2H	3	141	10.81	11.29	11.29	-0.57	0.63	0.55	3.84	0.789	-124.57	20.38	3.41	23.8	0.31	0.48	0.17	1.31
U1429A	2H	3	146	10.86	11.34	11.34	-0.48	0.66	0.57	3.83	0.781	-123.64	20.51	3.50	23.7	0.32	0.65	0.16	1.30
U1429A	2H	4	1	10.91	11.4	11.39	-0.39	0.43	0.51	3.82	0.773	-122.72	20.56	3.59	23.4	0.07	0.34	-0.29	1.05
U1429A	2H	4	6	10.96	11.44	11.44	-0.74	0.76	0.45	3.81	0.765	-121.80	20.55	3.07	22.6	-0.10	0.08	-0.39	0.88
U1429A	2H	4	11	11.01	11.49	11.49	-0.59	0.64	0.42	3.80	0.759	-121.08	20.30	2.55	22.6	-0.13	0.02	-0.27	0.84
U1429A	2H	4	21	11.11	11.59	11.59	-0.62	0.70	0.40	3.79	0.747	-119.64	20.10	2.82	23.0	-0.12	0.02	-0.25	0.83
U1429A	2H	4	26	11.16	11.64	11.64	-0.88	0.81	0.42	3.78	0.741	-118.93	20.09	2.95	23.3	-0.11	0.03	-0.24	0.84
U1429A	2H	4	31	11.21	11.7	11.69	-0.78	1.02	0.45	3.92	0.855	-132.36	20.04	3.12	23.4	-0.09	0.04	-0.22	0.97
U1429A	2H	4	36	11.26	11.74	11.74	-0.58	0.62	0.49	4.06	0.969	-145.79	19.98	3.11	23.4	-0.10	0.05	-0.24	1.06
U1429A	2H	4	46	11.36	11.8	11.84	-0.65	0.82	0.34	4.00	0.922	-140.25	19.81	3.09	23.4	-0.14	0.02	-0.30	0.98
U1429A	2H	4	51	11.41	11.89	11.89	-0.85	0.75	0.26	3.97	0.899	-137.48	19.86	3.01	23.4	-0.14	0.03	-0.32	0.96
U1429A	2H	4	56	11.46	11.94	11.94	-0.74	0.80	0.29	3.96	0.883	-135.66	19.92	2.92	23.5	-0.05	0.15	-0.20	1.04
U1429A	2H	4	61	11.51	12	11.99	-0.67	0.94	0.33	3.94	0.868	-133.84	20.02	3.27	23.6	0.02	0.18	-0.11	1.09
U1429A	2H	4	66	11.56	12.04	12.04	-0.69	0.64	0.38	3.92	0.852	-132.03	20.11	3.24	23.3	0.08	0.22	-0.05	1.13
U1429A	2H	4	76	11.66	12.1	12.14	-0.64	0.64	0.44	3.77	0.729	-117.49	20.20	3.17	23.1	0.09	0.23	-0.05	1.03
U1429A	2H	4	81	11.71	12.19	12.19	-0.60	0.84	0.46	3.69	0.667	-110.23	20.20	3.14	23.1	0.05	0.20	-0.09	0.93
U1429A	2H	4	86	11.76	12.24	12.24	-0.73	0.83	0.45	3.73	0.700	-114.12	20.19	3.10	23.0	-0.01	0.13	-0.15	0.90
U1429A	2H	4	91	11.81	12.29	12.29	-0.73	0.67	0.44	3.77	0.733	-118.00	20.14	3.00	22.7	-0.04	0.10	-0.18	0.90
U1429A	2H	4	96	11.86	12.34	12.34	-0.61	0.78	0.42	3.81	0.766	-121.89	20.12	2.90	22.4	-0.08	0.06	-0.21	0.90
U1429A	2H	4	101	11.91	12.39	12.39	-0.63	0.82	0.40	3.81	0.766	-121.83	20.22	2.80	22.2	-0.10	0.05	-0.24	0.88
U1429A	2H	4	106	11.96	12.4	12.44	-0.45	0.66	0.39	3.81	0.765	-121.76	20.31	2.75	22.2	-0.13	0.03	-0.29	0.85
U1429A	2H	4	111	12.01	12.49	12.49	-0.76	0.65	0.37	3.81	0.764	-121.70	20.36	2.74	22.4	-0.10	0.07	-0.28	0.87
U1429A	2H	4	116	12.06	12.54	12.54	-0.60	0.89	0.34	3.79	0.748	-119.72	20.37	2.73	22.7	-0.02	0.16	-0.18	0.94
U1429A	2H	4	121	12.11	12.6	12.59	-0.60	0.87	0.32	3.77	0.731	-117.73	20.22	3.00	23.4	0.06	0.22	-0.12	1.00
U1429A	2H	4	126	12.16	12.64	12.64	-0.82	0.84	0.31	3.75	0.714	-115.75	20.11	3.26	23.7	0.15	0.32	-0.02	1.07
U1429A	2H	4	131	12.21	12.69	12.69	-0.68	0.84	0.34	3.73	0.697	-113.77	20.16	3.53	23.7	0.18	0.33	0.04	1.09
U1429A	2H	4	136	12.26	12.7	12.74	-0.62	0.85	0.37	3.74	0.711	-115.39	20.21	3.35	23.5	0.14	0.31	-0.01	1.06
U1429A	2H	4	141	12.31	12.79	12.79	-0.67	0.77	0.38	3.76	0.725	-117.02	20.26	3.17	23.1	-0.05	0.12	-0.25	0.89
U1429A	2H	5	1	12.41	12.9	12.89	-0.74	0.87	0.32	3.85	0.796	-125.37	20.24	2.95	22.9	-0.13	0.01	-0.26	0.88
U1429A	2H	5	6	12.46	12.94	12.94	-0.70	0.72	0.30	3.89	0.831	-129.54	20.18	2.92	22.8	-0.16	-0.03	-0.29	0.88
U1429A	2H	5	16	12.56	13	13.04	-0.74	0.82	0.26	3.82	0.775	-122.90	20.01	2.86	22.7	-0.16	-0.01	-0.29	0.83
U1429A	2H	5	21	12.61	13.09	13.09	-0.84	0.65	0.30	3.79	0.746	-119.57	20.06	2.86	22.5	-0.14	0.01	-0.29	0.82
U1429A	2H	5	26	12.66	13.14	13.14	-0.68	0.92	0.37	3.75	0.718	-116.25	20.13	2.85	22.3	-0.14	0.04	-0.30	0.79
U1429A	2H	5	31	12.71	13.2	13.19	-0.50	0.73	0.44	3.82	0.771	-122.47	20.28	2.76	22.2	-0.21	-0.04	-0.39	0.77
U1429A	2H	5	36	12.76	13.24	13.24	-0.74	0.88	0.41	3.88	0.824	-128.68	20.40	2.66	22.2	-0.25	-0.10	-0.41	0.78
U1429A	2H	5	41	12.81	13.29	13.29	-0.64	0.79	0.35	3.86	0.808	-126.86	20.40	2.57	22.3	-0.23	-0.09	-0.40	0.78
U1429A	2H	5	46	12.86	13.3	13.34	-0.70	0.82	0.30	3.84	0.793	-125.05	20.39	2.73	22.7	-0.18	-0.02	-0.37	0.82
U1429A	2H	5	51	12.91	13.39	13.39	-0.87	0.93	0.32	3.83	0.777	-123.23	20.34	2.89	22.9	-0.10	0.10	-0.29	0.89
U1429A	2H	5	56	12.96	13.44	13.44	-0.57	0.78	0.36	3.85	0.796	-125.43	20.31	3.05	23.2	-0.07	0.15	-0.26	0.93
U1429A	2H	5	61	13.01	13.5	13.49	-0.58	0.86	0.41	3.87	0.815	-127.63	20.36	3.05	23.4	-0.16	0.04	-0.38	0.87
U1429A	2H	5	66	13.06	13.54	13.54	-1.02	0.89	0.35	3.89	0.834	-129.83	20.38	3.06	23.6	-0.19	-0.03	-0.40	0.84
U1429A	2H	5	71	13.11	13.59	13.59	-1.09	0.98	0.28	3.84	0.789	-124.64	20.28	3.06	23.5	-0.14	0.04	-0.32	0.86
U1429A	2H	5	76	13.16	13.6	13.64	-0.76	0.66	0.22	3.79	0.745	-119.45	20.25	3.06	23.3	-0.08	0.09	-0.27	0.88
U1429A	2H	5	81	13.21	13.69	13.69	-0.96	0.94	0.24	3.73	0.701	-114.27	20.50	3.07	23.2	-0.03	0.14	-0.23	0.88
U1429A	2H	5	86	13.26	13.74	13.74	-0.56	0.86	0.27	3.68	0.657	-109.08	20.72	3.07	23.1	-0.03	0.13	-0.23	0.84
U1429A	2H	5	91	13.31	13.8	13.79	-0.74	1.00	0.29	3.73	0.704	-114.59	20.82	3.03	23.1	-0.08	0.08	-0.26	0.83
U1429A	2H	5	96	13.36	13.84	13.84	-0.91	0.90	0.30	3.79	0.751	-120.11	20.90	2.99	23.0	-0.12	0.03	-0.26	0.84
U1429A	2H	5	106	13.46	13.9	13.94	-0.62	0.67	0.32	3.85	0.800	-125.86	20.89	2.91	23.0	-0.11	0.03	-0.25	0.89
U1429A	2H	5	111	13.51	13.99	13.99	-0.82	0.84	0.25	3.86	0.802	-126.10	20.84	2.95	23.1	-0.10	0.04	-0.23	0.91
U1429A	2H	5	116	13.56	14.04	14.04	-0.72	0.79	0.19	3.80	0.754	-120.43	20.81	2.99	23.3	-0.10	0.05	-0.24	0.86
U1429A	2H	5	126	13.66	14.14	14.14	-1.08	0.95	0.13	3.68	0.657	-109.08	20.90	3.07	23.3	-0.08	0.08	-0.22	0.79
U1429A	2H	5	131	13.71	14.19	14.19	-0.85	0.84	0.12	3.65	0.637	-106.66	20.90	3.11	23.0	-0.07	0.08	-0.21	0.79
U1429A	2H	5	136	13.76	14.2	14.24	-0.88	0.87	0.15	3.63	0.616	-104.24	20.90	2.99	22.7	-0.06	0.07	-0.21	0.77
U1429A	2H	5	141	13.81	14.29	14.29	-0.75	0.81	0.23	3.60	0.595	-101.81	20.90	2.88	22.5	-0.06	0.09	-0.21	0.76
U1429A	2H	5	146	13.86	14.34	14.34	-0.76	0.88	0.31	3.63	0.621	-104.81	20.88	2.76	22.5	0.00	0.16	-0.16	0.84
U1429A	2H	6	1	13.91	14.4	14.39	-0.48	0.89	0.33	3.66	0.646	-107.81	20.78	2.90	22.8	0.02	0.18	-0.12	0.89
U1429A	2H	6	6	13.96	14.44	14.44	-0.77	0.83	0.31	3.70	0.672	-110.80	20.70	3.04	23.0	0.02	0.17	-0.13	0.90
U1429A	2H	6	11	14.01	14.49	14.49	-0.66	0.85	0.29	3.74	0.706	-114.85	20.70	3.18	22.9	-0.01	0.14	-0.17	0.91
U1429A	2H	6	16	14.06	14.5	14.54	-0.74	0.79	0.33	3.78	0.741	-118.90	20.68	3.02	22.6	-0.06	0.09	-0.21	0.89
U1429A	2H	6	21	14.11	14.59	14.59	-0.61	0.76	0.40	3.82	0.775	-122.94	20.58	2.86	22.2	-0.09	0.05	-0.22	0.90
U1429A	2H	6	26	14.16	14.64	14.64	-0.48	0.79	0.47	3.82	0.776	-123.10	20.48	2.70	22.0	-0.11	0.03	-0.25	0.88
U1429A	2H	6	31	14.21	14.7	14.69	-0.50	0.73	0.46	3.83	0.778	-123.26	20.38	2.69	21.9	-0.15	-0.01	-0.29	0.84
U1429A	2H	6	36	14.26	14.74	14.74	-0.63	0.73	0.42	3.83	0.779	-123.42	20.34	2.68	22.0	-0.17	-0.02	-0.31	0.81
U1429A	2H	6	41	14.31	14.79	14.79	-0.57	0.83	0.39	3.82	0.769	-122.27	20.54	2.67	22.1	-0.22	-0.06	-0.37	0.76
U1429A	2H	6	51	14.41	14.89	14.89	-0.79	0.62	0.31	3.79	0.750	-119.98	21.00	2.67	22.1	-0.22	-0.07	-0.40	0.74
U1429A	2H	6	56	14.46	14.94	14.94	-0.71	0.90	0.27	3.77	0.731	-117.75	21.18	2.66	22.2	-0.20	-0.03	-0.39	0.74
U1429A	2H	6	61	14.51	15	14.99	-0.54	1.09	0.28	3.74	0.712	-115.52	21.08	2.71	22.3	-0.21	-0.01	-0.40	0.71
U1429A	2H	6	66	14.56	15.04	15.04	-1.09	0.89	0.29	3.72	0.693	-113.29	20.99	2.75	22.5	-0.21	-0.01	-0.38	0.70
U1429A	2H	6	71	14.61	15.09	15.09	-0.64	0.81	0.30	3.75	0.716	-115.96	20.94	2.80	22.5	-0.21	-0.04	-0.38	0.71
U1429A	2H	6	76	14.66	15.1	15.14	-0.83	0.87	0.28	3.78	0.738	-118.64	20.90	2.78	22.5	-0.22	-0.06	-0.38	0.73
U1429A	2H	6	81	14.71	15.19	15.19	-0.84	0.63	0.26	3.81	0.761	-121.32	20.90	2.76	22.5	-0.22	-0.08	-0.36	0.75
U1429A	2H	6	86	14.76	15.24	15.24	-0.70	0.98	0.24	3.82	0.773	-122.72	20.89	2.75	22.5	-0.17	-0.03	-0.30	0.81
U1429A	2H	6	91	14.81	15.3	15.29	-0.70	1.07	0.26	3.83	0.785	-124.12	20.84	2.80	22.6	-0.14	0.00	-0.26	0.85
U1429A	2H	6	96	14.86	15.34	15.34	-0.67	0.98	0.28	3.85	0.797	-125.52	20.81	2.85	22.6	-0.11	0.04	-0.24	0.89
U1429A	2H	6	101	14.91	15.39	15.39	-0.66	0.83	0.29	3.84	0.788	-124.43	20.86	2.89	22.6	-0.11	0.05	-0.24	0.88
U1429A	2H	6	106	14.96	15.4	15.44	-0.56	0.92	0.28	3.83	0.778	-123.33	20.86	2.87	22.6	-0.12	0.04	-0.27	0.86
U1429A	2H	6	111	15.01	15.49	15.49	-0.86	0.85	0.26	3.81	0.769	-122.23	20.66	2.84	22.5	-0.12	0.05	-0.26	0.86
U1429A	2H	6	116	15.06	15.54	15.54	-0.63	0.87	0.26	3.80	0.760	-121.13	20.52	2.81	22.4	-0.12	0.05	-0.28	0.85
U1429A	2H	6	121	15.11	15.6	15.59	-0.49	0.84	0.29	3.82	0.775	-122.94	20.62	2.79	22.3	-0.13	0.05	-0.30	0.85
U1429A	2H	6	126	15.16	15.64	15.64	-0.81	0.99	0.32	3.84	0.790	-124.76	20.69	2.76	22.3	-0.15	0.01	-0.33	0.85
U1429A	2H	6	131	15.21	15.69	15.69	-0.46	0.78	0.31	3.84	0.793	-125.11	20.64	2.73	22.5	-0.22	-0.06	-0.41	0.78
U1429A	2H	6	141	15.31	15.79	15.79	-0.88	0.89	0.16	3.85	0.799	-125.81	20.54	2.77	22.6	-0.23	-0.08	-0.40	0.77
U1429A	2H	6	146	15.36	15.84	15.84	-0.77	0.94	0.18	3.81	0.768	-122.10	20.51	2.80	22.3	-0.17	0.00	-0.38	0.80
U1429B	3H	2	136	15.26	16	15.95	-0.45	0.81	0.41	3.73	0.699	-113.94	20.63	2.75	22.2	-0.19	-0.02	-0.40	0.72
U1429B	3H	2	141	15.31	16	16	-0.94	1.01	0.35	3.69	0.667	-110.23	20.78	2.74	22.2	-0.22	-0.07	-0.40	0.66
U1429B	3H	2	146	15.36	16.05	16.05	-0.74	0.78	0.25	3.71	0.683	-112.11	20.89	2.72	22.1	-0.26	-0.11	-0.42	0.63
U1429B	3H	3	1	15.41	16.1	16.1	-0.80	1.05	0.16	3.73	0.699	-113.99	20.84	2.66	22.0	-0.30	-0.16	-0.44	0.62
U1429B	3H	3	6	15.46	16.15	16.15	-0.83	0.79	0.16	3.75	0.715	-115.87	20.79	2.59	21.9	-0.31	-0.17	-0.46	0.61
U1429B	3H	3	11	15.51	16.2	16.2	-0.67	0.82	0.16	3.78	0.737	-118.51	20.74	2.52	22.1	-0.31	-0.16	-0.45	0.64
U1429B	3H	3	16	15.56	16.25	16.25	-0.80	0.91	0.16	3.80	0.760	-121.16	20.76	2.60	22.3	-0.29	-0.13	-0.44	0.68
U1429B	3H	3	21	15.61	16.3	16.3	-0.87	0.92	0.15	3.83	0.782	-123.80	21.06	2.69	22.5	-0.23	-0.05	-0.40	0.77
U1429B	3H	3	26	15.66	16.35	16.35	-0.73	0.97	0.15	3.76	0.728	-117.40	21.30	2.77	22.7	-0.14	0.04	-0.31	0.80
U1429B	3H	3	31	15.71	16.4	16.4	-0.83	0.90	0.14	3.70	0.673	-110.99	21.30	2.88	22.9	-0.05	0.12	-0.21	0.83
U1429B	3H	3	36	15.76	16.45	16.45	-0.79	0.91	0.14	3.63	0.619	-104.59	21.31	3.00	23.2	0.01	0.16	-0.14	0.85
U1429B	3H	3	41	15.81	16.5	16.5	-0.62	0.89	0.15	3.70	0.679	-111.60	21.36	3.12	23.6	0.03	0.17	-0.10	0.92
U1429B	3H	3	46	15.86	16.55	16.55	-0.87	0.93	0.14	3.78	0.738	-118.61	21.40	3.22	24.0	0.04	0.18	-0.09	0.99
U1429B	3H	3	51	15.91	16.6	16.6	-0.74	0.99	0.11	3.85	0.798	-125.62	21.40	3.33	24.3	0.06	0.21	-0.08	1.06
U1429B	3H	3	56	15.96	16.65	16.65	-1.02	1.07	0.09	3.82	0.771	-122.50	21.39	3.44	24.5	0.10	0.26	-0.04	1.08
U1429B	3H	3	61	16.01	16.7	16.7	-0.82	0.96	0.07	3.78	0.745	-119.37	21.34	3.55	24.7	0.15	0.29	0.03	1.11
U1429B	3H	3	66	16.06	16.75	16.75	-0.87	1.04	0.08	3.75	0.718	-116.25	21.31	3.65	24.7	0.16	0.29	0.03	1.09
U1429B	3H	3	71	16.11	16.8	16.8	-1.06	0.96	0.09	3.71	0.686	-112.46	21.36	3.76	24.2	0.15	0.29	0.00	1.05
U1429B	3H	3	76	16.16	16.85	16.85	-0.72	0.97	0.08	3.67	0.654	-108.67	21.40	3.48	23.6	0.10	0.32	-0.06	0.97
U1429B	3H	3	81	16.21	16.9	16.9	-0.77	1.03	0.07	3.63	0.621	-104.87	21.40	3.19	23.3	-0.04	0.13	-0.26	0.80
U1429B	3H	3	86	16.26	16.95	16.95	-0.86	0.96	0.06	3.64	0.628	-105.64	21.40	2.91	23.2	-0.12	0.04	-0.27	0.73
U1429B	3H	3	91	16.31	17	17	-0.96	0.78	0.02	3.65	0.634	-106.40	21.40	2.97	23.4	-0.16	-0.03	-0.29	0.69
U1429B	3H	3	96	16.36	17.05	17.05	-1.02	0.82	-0.05	3.66	0.641	-107.17	21.42	3.04	23.5	-0.18	-0.04	-0.31	0.67
U1429B	3H	3	101	16.41	17.1	17.1	-1.07	1.02	-0.11	3.68	0.660	-109.40	21.52	3.10	23.5	-0.20	-0.05	-0.33	0.68
U1429B	3H	3	106	16.46	17.15	17.15	-1.15	1.05	-0.07	3.70	0.679	-111.63	21.57	3.02	23.3	-0.20	-0.06	-0.34	0.69
U1429B	3H	3	111	16.51	17.2	17.2	-0.94	1.10	0.02	3.73	0.698	-113.86	21.42	2.95	23.0	-0.20	-0.05	-0.33	0.72
U1429B	3H	3	116	16.56	17.25	17.25	-0.77	0.82	0.12	3.74	0.706	-114.78	21.29	2.87	22.9	-0.20	-0.05	-0.34	0.72
U1429B	3H	3	121	16.61	17.3	17.3	-0.94	1.10	0.15	3.75	0.714	-115.71	21.24	2.85	22.8	-0.20	-0.06	-0.34	0.72
U1429B	3H	3	126	16.66	17.35	17.35	-0.91	0.81	0.15	3.76	0.721	-116.63	21.19	2.84	22.7	-0.17	-0.02	-0.31	0.76
U1429B	3H	3	131	16.71	17.4	17.4	-0.81	0.98	0.15	3.69	0.667	-110.26	21.14	2.82	22.7	-0.14	0.01	-0.28	0.74
U1429B	3H	3	136	16.76	17.45	17.45	-0.85	0.85	0.15	3.62	0.613	-103.89	21.10	2.87	22.7	-0.10	0.04	-0.24	0.73
U1429B	3H	3	141	16.81	17.5	17.5	-0.86	0.93	0.16	3.56	0.559	-97.51	21.10	2.92	22.8	-0.06	0.07	-0.20	0.72
U1429B	3H	3	146	16.86	17.55	17.55	-0.80	1.05	0.17	3.60	0.594	-101.61	21.16	2.96	23.1	0.00	0.13	-0.14	0.81
U1429B	3H	4	6	16.96	17.65	17.65	-0.77	1.09	0.09	3.68	0.663	-109.80	21.68	3.16	24.9	-0.13	0.02	-0.30	0.75
U1429B	3H	4	21	17.11	17.8	17.8	-1.25	0.92	-0.27	3.81	0.768	-122.08	21.56	3.46	25.3	-0.19	-0.07	-0.30	0.78
U1429B	3H	4	31	17.21	17.9	17.9	-1.56	1.10	-0.41	3.61	0.601	-102.52	21.72	3.66	25.2	-0.21	-0.09	-0.34	0.61
U1429B	3H	4	36	17.26	17.95	17.95	-1.54	0.85	-0.41	3.51	0.518	-92.73	21.84	3.44	24.1	-0.28	-0.14	-0.42	0.46
U1429B	3H	4	46	17.36	18.1	18.05	-1.14	0.94	-0.29	3.75	0.714	-115.74	22.14	3.01	23.7	-0.34	-0.20	-0.47	0.59
U1429A	3H	2	6	17.46	18.1	18.1	-1.15	0.95	-0.19	3.87	0.812	-127.25	21.84	2.94	23.3	-0.32	-0.18	-0.45	0.69
U1429A	3H	2	11	17.51	18.15	18.15	-0.96	1.07	0.01	3.84	0.791	-124.79	21.54	2.87	22.9	-0.28	-0.13	-0.41	0.72
U1429A	3H	2	16	17.56	18.2	18.2	-0.83	1.00	0.08	3.82	0.770	-122.34	21.29	2.80	22.8	-0.32	-0.18	-0.48	0.66
U1429A	3H	2	21	17.61	18.25	18.25	-1.03	0.98	0.10	3.79	0.749	-119.88	21.24	2.77	22.4	-0.23	-0.06	-0.40	0.73
U1429A	3H	2	26	17.66	18.3	18.3	-0.66	1.06	0.24	3.78	0.744	-119.31	21.23	2.74	22.2	-0.19	0.00	-0.33	0.77
U1429A	3H	2	31	17.71	18.4	18.35	-0.65	0.92	0.18	3.78	0.739	-118.74	21.38	2.71	22.7	-0.47	-0.27	-0.77	0.48
U1429A	3H	2	36	17.76	18.4	18.4	-1.28	1.16	-0.06	3.77	0.734	-118.16	21.48	2.68	22.7	-0.45	-0.28	-0.62	0.49
U1429A	3H	2	41	17.81	18.45	18.45	-1.04	1.26	-0.05	3.72	0.693	-113.32	21.38	2.66	22.5	-0.33	-0.17	-0.49	0.58
U1429A	3H	2	46	17.86	18.5	18.5	-0.88	1.03	0.04	3.67	0.652	-108.47	21.31	2.72	22.8	-0.32	-0.17	-0.47	0.55
U1429A	3H	2	51	17.91	18.55	18.55	-1.13	1.19	-0.06	3.62	0.611	-103.63	21.36	2.78	22.9	-0.28	-0.13	-0.42	0.55
U1429A	3H	2	56	17.96	18.6	18.6	-1.03	1.26	0.00	3.65	0.635	-106.47	21.40	2.85	23.0	-0.22	-0.06	-0.35	0.64
U1429A	3H	2	61	18.01	18.7	18.65	-0.89	0.96	0.03	3.68	0.659	-109.30	21.40	2.90	23.3	-0.22	-0.07	-0.35	0.66
U1429A	3H	2	66	18.06	18.7	18.7	-1.08	0.98	0.05	3.71	0.683	-112.14	21.40	2.96	23.3	-0.18	-0.04	-0.34	0.71
U1429A	3H	2	71	18.11	18.75	18.75	-0.96	1.11	0.09	3.72	0.695	-113.48	21.40	3.01	23.1	-0.07	0.09	-0.26	0.84
U1429A	3H	2	76	18.16	18.8	18.8	-0.61	0.91	0.34	3.74	0.706	-114.82	21.41	3.01	23.1	-0.10	0.05	-0.27	0.82
U1429A	3H	2	81	18.21	18.85	18.85	-0.91	0.98	0.22	3.75	0.717	-116.16	21.46	3.00	23.2	-0.15	-0.03	-0.28	0.78
U1429A	3H	2	86	18.26	18.9	18.9	-0.92	0.97	0.14	3.75	0.714	-115.74	21.54	3.00	23.3	-0.17	-0.02	-0.30	0.76
U1429A	3H	2	91	18.31	19	18.95	-0.87	0.94	0.13	3.74	0.710	-115.33	21.74	2.99	23.6	-0.28	-0.10	-0.44	0.65
U1429A	3H	2	96	18.36	19	19	-1.25	1.06	-0.13	3.74	0.707	-114.91	21.88	2.99	23.8	-0.34	-0.20	-0.48	0.58
U1429A	3H	2	101	18.41	19.05	19.05	-1.14	0.97	-0.14	3.77	0.734	-118.13	21.78	2.99	23.8	-0.39	-0.24	-0.52	0.56
U1429A	3H	2	106	18.46	19.1	19.1	-1.21	1.15	-0.19	3.81	0.762	-121.35	21.69	2.98	23.9	-0.43	-0.27	-0.63	0.54
U1429A	3H	2	111	18.51	19.15	19.15	-1.41	0.98	-0.30	3.84	0.789	-124.57	21.64	2.98	23.4	-0.25	0.04	-0.43	0.74
U1429A	3H	2	116	18.56	19.2	19.2	-0.86	1.11	0.06	3.76	0.725	-117.05	21.60	2.97	23.2	-0.19	-0.06	-0.32	0.75
U1429A	3H	2	121	18.61	19.3	19.25	-1.00	1.14	0.09	3.68	0.661	-109.53	21.60	2.97	23.3	-0.21	-0.09	-0.34	0.66
U1429A	3H	2	126	18.66	19.3	19.3	-1.08	0.95	0.00	3.60	0.597	-102.01	21.61	2.96	23.3	-0.22	-0.08	-0.35	0.60
U1429A	3H	2	131	18.71	19.35	19.35	-1.14	1.01	-0.06	3.57	0.567	-98.47	21.66	2.96	23.3	-0.29	-0.16	-0.42	0.50
U1429A	3H	2	141	18.81	19.45	19.45	-1.29	1.09	-0.15	3.49	0.507	-91.39	21.76	2.91	23.3	-0.31	-0.18	-0.43	0.43
U1429A	3H	2	146	18.86	19.5	19.5	-1.23	1.14	-0.14	3.52	0.526	-93.59	21.79	2.89	23.2	-0.30	-0.16	-0.43	0.45
U1429A	3H	3	1	18.91	19.6	19.55	-1.13	1.09	-0.08	3.54	0.544	-95.79	21.74	2.88	23.2	-0.31	-0.17	-0.44	0.45
U1429A	3H	3	6	18.96	19.6	19.6	-1.23	1.16	-0.07	3.56	0.563	-97.99	21.68	2.88	23.2	-0.35	-0.20	-0.47	0.44
U1429A	3H	3	11	19.01	19.65	19.65	-1.33	1.17	-0.08	3.60	0.596	-101.88	21.58	2.87	23.1	-0.35	-0.20	-0.48	0.47
U1429A	3H	3	16	19.06	19.7	19.7	-1.02	1.12	-0.05	3.64	0.629	-105.77	21.49	2.81	22.9	-0.37	-0.22	-0.51	0.48
U1429A	3H	3	21	19.11	19.75	19.75	-1.10	1.06	0.00	3.68	0.662	-109.65	21.44	2.74	22.8	-0.40	-0.26	-0.53	0.48
U1429A	3H	3	26	19.16	19.8	19.8	-1.08	0.87	0.01	3.69	0.664	-109.85	21.40	2.68	22.8	-0.42	-0.28	-0.55	0.46
U1429A	3H	3	31	19.21	19.9	19.85	-1.14	0.94	-0.02	3.69	0.665	-110.04	21.40	2.69	22.7	-0.41	-0.26	-0.57	0.47
U1429A	3H	3	36	19.26	19.9	19.9	-1.17	0.96	0.00	3.69	0.667	-110.23	21.41	2.70	22.6	-0.38	-0.21	-0.54	0.50
U1429A	3H	3	41	19.31	19.95	19.95	-0.94	0.95	0.09	3.66	0.640	-107.07	21.46	2.72	22.6	-0.36	-0.18	-0.52	0.49
U1429A	3H	3	46	19.36	20	20	-0.99	0.74	0.14	3.62	0.613	-103.92	21.54	2.72	22.8	-0.40	-0.23	-0.57	0.43
U1429A	3H	3	51	19.41	20.05	20.05	-1.37	0.90	0.08	3.59	0.587	-100.76	21.74	2.73	22.8	-0.39	-0.22	-0.54	0.42
U1429A	3H	3	56	19.46	20.1	20.1	-1.01	1.01	0.02	3.64	0.625	-105.32	21.88	2.74	22.8	-0.39	-0.23	-0.53	0.45
U1429A	3H	3	61	19.51	20.2	20.15	-1.09	0.88	-0.03	3.69	0.664	-109.88	21.78	2.74	22.9	-0.42	-0.28	-0.57	0.46
U1429A	3H	3	66	19.56	20.2	20.2	-1.24	0.99	-0.06	3.73	0.703	-114.43	21.71	2.75	22.9	-0.41	-0.25	-0.56	0.51
U1429A	3H	3	71	19.61	20.25	20.25	-1.15	0.89	0.02	3.67	0.648	-107.97	21.76	2.75	22.8	-0.37	-0.21	-0.52	0.49
U1429A	3H	3	76	19.66	20.3	20.3	-1.04	1.11	0.08	3.60	0.593	-101.50	21.79	2.76	22.8	-0.35	-0.20	-0.49	0.46
U1429A	3H	3	81	19.71	20.35	20.35	-1.27	0.81	0.09	3.53	0.538	-95.03	21.74	2.77	22.8	-0.33	-0.18	-0.46	0.43
U1429A	3H	3	86	19.76	20.4	20.4	-1.10	0.75	0.08	3.54	0.546	-96.01	21.67	2.78	22.7	-0.32	-0.17	-0.46	0.45
U1429A	3H	3	91	19.81	20.5	20.45	-1.05	1.07	0.12	3.55	0.555	-97.00	21.52	2.74	22.5	-0.32	-0.17	-0.46	0.46
U1429A	3H	3	96	19.86	20.5	20.5	-1.13	0.88	0.19	3.56	0.563	-97.99	21.38	2.71	22.3	-0.31	-0.16	-0.46	0.47
U1429A	3H	3	101	19.91	20.55	20.55	-0.89	0.98	0.27	3.57	0.567	-98.50	21.28	2.67	22.2	-0.32	-0.16	-0.46	0.47
U1429A	3H	3	106	19.96	20.6	20.6	-0.99	1.12	0.23	3.57	0.572	-99.01	21.20	2.63	22.2	-0.34	-0.18	-0.48	0.45
U1429A	3H	3	111	20.01	20.65	20.65	-1.07	1.02	0.19	3.58	0.576	-99.52	21.20	2.60	22.1	-0.34	-0.18	-0.48	0.46
U1429A	3H	3	116	20.06	20.7	20.7	-0.92	0.89	0.15	3.60	0.595	-101.78	21.19	2.56	22.2	-0.33	-0.17	-0.49	0.49
U1429A	3H	3	121	20.11	20.8	20.75	-0.87	0.87	0.12	3.62	0.614	-104.05	21.14	2.63	22.3	-0.31	-0.14	-0.47	0.52
U1429A	3H	3	126	20.16	20.8	20.8	-1.10	0.97	0.10	3.65	0.634	-106.31	21.14	2.69	22.4	-0.24	-0.05	-0.40	0.61
U1429A	3H	3	131	20.21	20.85	20.85	-0.84	0.81	0.18	3.59	0.583	-100.32	21.34	2.75	22.5	-0.17	-0.01	-0.30	0.63
U1429A	3H	3	136	20.26	20.9	20.9	-0.89	0.96	0.27	3.52	0.532	-94.33	21.51	2.81	22.7	-0.15	-0.01	-0.28	0.60
U1429A	3H	3	141	20.31	20.95	20.95	-1.03	0.92	0.19	3.46	0.481	-88.33	21.56	2.87	22.9	-0.13	0.01	-0.26	0.57
U1429A	3H	3	146	20.36	21	21	-1.11	0.99	0.10	3.42	0.452	-84.92	21.62	2.94	23.1	-0.12	0.01	-0.25	0.56
U1429A	3H	4	1	20.41	21.1	21.05	-1.07	0.86	0.06	3.39	0.423	-81.51	21.72	3.00	23.6	-0.15	-0.01	-0.28	0.51
U1429A	3H	4	11	20.51	21.15	21.15	-1.24	1.05	-0.03	3.41	0.438	-83.24	21.92	3.12	23.8	-0.19	-0.05	-0.31	0.48
U1429A	3H	4	16	20.56	21.2	21.2	-1.29	0.93	-0.10	3.46	0.481	-88.37	21.99	3.12	23.9	-0.22	-0.07	-0.35	0.49
U1429A	3H	4	21	20.61	21.25	21.25	-1.39	0.88	-0.06	3.51	0.525	-93.50	21.94	3.11	23.8	-0.19	-0.04	-0.32	0.56
U1429A	3H	4	26	20.66	21.3	21.3	-1.21	0.97	0.01	3.49	0.507	-91.43	21.90	3.11	23.6	-0.15	-0.02	-0.29	0.58
U1429A	3H	4	31	20.71	21.4	21.35	-1.12	1.00	0.07	3.47	0.490	-89.35	21.90	3.11	23.3	-0.14	0.02	-0.30	0.58
U1429A	3H	4	36	20.76	21.4	21.4	-1.22	0.72	0.14	3.45	0.472	-87.28	21.92	3.00	22.8	-0.10	0.07	-0.29	0.59
U1429A	3H	4	41	20.81	21.45	21.45	-0.77	0.68	0.17	3.41	0.437	-83.14	22.02	2.89	22.5	-0.12	0.06	-0.31	0.55
U1429A	3H	4	46	20.86	21.5	21.5	-1.15	0.97	0.19	3.36	0.402	-79.00	22.09	2.82	22.4	-0.15	0.05	-0.34	0.49
U1429A	3H	4	51	20.91	21.55	21.55	-0.84	1.03	0.15	3.32	0.366	-74.85	22.04	2.76	22.4	-0.25	-0.05	-0.49	0.35
U1429A	3H	4	56	20.96	21.6	21.6	-1.30	0.95	0.05	3.33	0.371	-75.43	21.98	2.69	22.4	-0.34	-0.16	-0.53	0.27
U1429A	3H	4	61	21.01	21.7	21.65	-1.14	0.75	0.00	3.33	0.376	-76.00	21.88	2.67	22.4	-0.37	-0.18	-0.57	0.23
U1429A	3H	4	66	21.06	21.7	21.7	-1.48	0.83	0.01	3.34	0.381	-76.57	21.80	2.65	22.3	-0.36	-0.17	-0.57	0.25
U1429A	3H	4	71	21.11	21.75	21.75	-1.00	0.93	-0.01	3.31	0.360	-74.12	21.80	2.63	22.2	-0.38	-0.21	-0.57	0.21
U1429A	3H	4	76	21.16	21.8	21.8	-1.38	0.84	-0.06	3.29	0.339	-71.67	21.79	2.61	22.1	-0.38	-0.22	-0.54	0.20
U1429A	3H	4	81	21.21	21.85	21.85	-1.28	0.92	0.00	3.26	0.318	-69.21	21.74	2.59	22.0	-0.34	-0.17	-0.52	0.22
U1429A	3H	4	86	21.26	21.9	21.9	-1.18	1.01	0.18	3.32	0.364	-74.60	21.71	2.57	22.0	-0.25	-0.06	-0.44	0.35
U1429A	3H	4	91	21.31	22	21.95	-0.82	0.61	0.29	3.37	0.410	-79.98	21.76	2.65	22.2	-0.19	-0.02	-0.35	0.45
U1429A	3H	4	96	21.36	22	22	-1.06	0.91	0.28	3.43	0.456	-85.37	21.77	2.74	22.6	-0.05	0.13	-0.20	0.63
U1429A	3H	4	106	21.46	22.1	22.1	-0.86	0.70	0.30	3.44	0.461	-86.01	21.49	2.90	22.7	-0.01	0.12	-0.14	0.68
U1429A	3H	4	111	21.51	22.15	22.15	-0.88	0.72	0.32	3.44	0.464	-86.33	21.44	2.96	22.8	-0.03	0.10	-0.16	0.66
U1429A	3H	4	116	21.56	22.2	22.2	-0.98	0.81	0.32	3.42	0.451	-84.83	21.40	3.02	22.8	-0.03	0.11	-0.15	0.65
U1429A	3H	4	121	21.61	22.3	22.25	-0.87	0.91	0.30	3.41	0.438	-83.33	21.40	2.94	22.7	-0.04	0.11	-0.16	0.63
U1429A	3H	4	126	21.66	22.3	22.3	-1.00	0.78	0.28	3.39	0.426	-81.83	21.40	2.86	22.9	-0.03	0.12	-0.18	0.63
U1429A	3H	4	141	21.81	22.45	22.45	-0.91	0.84	0.37	3.49	0.504	-91.11	21.22	2.95	23.1	-0.02	0.15	-0.18	0.71
U1429A	3H	4	146	21.86	22.5	22.5	-0.78	0.62	0.42	3.56	0.562	-97.83	21.10	3.19	23.1	-0.06	0.09	-0.25	0.72
U1429A	3H	5	1	21.91	22.55	22.55	-1.00	0.90	0.46	3.63	0.619	-104.56	21.10	3.02	22.9	-0.10	0.04	-0.28	0.74
U1429A	3H	5	6	21.96	22.6	22.6	-0.75	0.70	0.50	3.70	0.676	-111.28	21.10	2.84	22.1	-0.23	-0.07	-0.39	0.66
U1429A	3H	5	21	22.11	22.75	22.75	-0.93	0.73	0.38	3.57	0.567	-98.47	21.16	2.55	22.0	-0.27	-0.12	-0.42	0.52
U1429A	3H	5	26	22.16	22.8	22.8	-0.74	0.76	0.41	3.64	0.626	-105.35	21.20	2.60	22.1	-0.26	-0.10	-0.40	0.59
U1429A	3H	5	31	22.21	22.9	22.85	-0.75	0.76	0.45	3.71	0.684	-112.24	21.20	2.66	22.3	-0.27	-0.13	-0.41	0.63
U1429A	3H	5	36	22.26	22.9	22.9	-0.84	1.00	0.47	3.78	0.743	-119.12	21.20	2.72	22.3	-0.28	-0.13	-0.42	0.67
U1429A	3H	5	41	22.31	22.95	22.95	-1.01	0.65	0.47	3.71	0.688	-112.68	21.20	2.78	22.1	-0.31	-0.13	-0.45	0.60
U1429A	3H	5	51	22.41	23.05	23.05	-0.82	0.87	0.47	3.58	0.578	-99.81	21.26	2.60	21.9	-0.36	-0.19	-0.53	0.44
U1429A	3H	5	56	22.46	23.1	23.1	-0.83	0.92	0.41	3.61	0.604	-102.87	21.30	2.50	21.9	-0.41	-0.24	-0.59	0.41
U1429A	3H	5	61	22.51	23.2	23.15	-1.02	1.02	0.34	3.64	0.630	-105.93	21.30	2.51	22.0	-0.46	-0.31	-0.63	0.39
U1429A	3H	5	66	22.56	23.2	23.2	-1.09	1.03	0.27	3.68	0.656	-108.98	21.31	2.52	22.0	-0.48	-0.33	-0.63	0.40
U1429A	3H	5	71	22.61	23.25	23.25	-1.06	1.12	0.24	3.62	0.613	-103.92	21.36	2.52	22.0	-0.48	-0.33	-0.64	0.35
U1429A	3H	5	76	22.66	23.3	23.3	-1.21	1.00	0.31	3.57	0.570	-98.85	21.40	2.53	22.0	-0.44	-0.26	-0.61	0.36
U1429A	3H	5	81	22.71	23.35	23.35	-0.90	1.04	0.39	3.52	0.527	-93.78	21.40	2.53	21.9	-0.44	-0.27	-0.61	0.31
U1429A	3H	5	86	22.76	23.4	23.4	-1.14	1.12	0.23	3.53	0.539	-95.12	21.37	2.54	21.8	-0.47	-0.29	-0.66	0.29
U1429A	3H	5	91	22.81	23.5	23.45	-1.22	1.05	0.11	3.55	0.550	-96.46	21.22	2.48	21.5	-0.41	-0.21	-0.61	0.36
U1429A	3H	5	96	22.86	23.5	23.5	-0.71	0.90	0.31	3.56	0.561	-97.80	21.12	2.42	21.2	-0.42	-0.23	-0.60	0.37
U1429A	3H	5	101	22.91	23.55	23.55	-0.87	0.98	0.45	3.56	0.562	-97.93	21.22	2.36	21.1	-0.50	-0.30	-0.68	0.29
U1429A	3H	5	106	22.96	23.6	23.6	-0.96	0.82	0.34	3.56	0.563	-98.05	21.29	2.31	21.2	-0.61	-0.36	-0.80	0.18
U1429A	3H	5	111	23.01	23.65	23.65	-1.08	0.94	0.22	3.56	0.565	-98.18	21.24	2.25	21.5	-0.73	-0.48	-0.94	0.06
U1429A	3H	5	116	23.06	23.7	23.7	-1.40	1.27	0.06	3.61	0.603	-102.67	21.20	2.19	22.2	-0.71	-0.47	-0.97	0.11
U1429A	3H	5	121	23.11	23.8	23.75	-1.34	1.05	-0.03	3.66	0.641	-107.17	21.20	2.46	22.7	-0.54	-0.29	-0.75	0.32
U1429A	3H	5	126	23.16	23.8	23.8	-1.09	0.97	0.01	3.70	0.679	-111.66	21.19	2.72	23.6	-0.43	-0.26	-0.62	0.46
U1429A	3H	5	131	23.21	23.85	23.85	-1.47	1.09	0.05	3.62	0.613	-103.82	21.14	2.99	24.0	-0.26	-0.03	-0.54	0.57
U1429A	3H	5	136	23.26	23.9	23.9	-1.27	0.81	0.11	3.54	0.546	-95.98	21.12	3.19	24.1	0.05	0.36	-0.13	0.82
U1429A	3H	5	141	23.31	23.95	23.95	-0.96	0.85	0.23	3.46	0.479	-88.14	21.22	3.39	24.3	0.14	0.30	0.01	0.84
U1429A	3H	5	146	23.36	24	24	-1.00	0.93	0.33	3.51	0.521	-93.02	21.27	3.59	24.3	0.08	0.22	-0.08	0.82
U1429A	3H	6	1	23.41	24.1	24.05	-1.12	0.85	0.33	3.56	0.562	-97.89	21.12	3.39	23.8	0.02	0.18	-0.12	0.80
U1429A	3H	6	6	23.46	24.1	24.1	-0.85	1.00	0.32	3.61	0.604	-102.77	21.00	3.20	23.4	-0.11	0.07	-0.30	0.72
U1429A	3H	6	11	23.51	24.15	24.15	-1.04	1.01	0.29	3.61	0.600	-102.32	21.00	3.00	23.1	-0.22	-0.07	-0.37	0.60
U1429A	3H	6	16	23.56	24.2	24.2	-1.09	1.01	0.31	3.60	0.596	-101.88	20.98	2.88	22.7	-0.24	-0.09	-0.37	0.58
U1429A	3H	6	21	23.61	24.25	24.25	-0.97	0.77	0.34	3.60	0.592	-101.43	20.88	2.77	22.4	-0.26	-0.05	-0.41	0.55
U1429A	3H	6	26	23.66	24.3	24.3	-0.80	0.95	0.38	3.60	0.592	-101.43	20.83	2.65	22.6	-0.45	-0.24	-0.72	0.36
U1429A	3H	6	31	23.71	24.35	24.35	-1.35	0.95	0.23	3.60	0.592	-101.43	20.98	2.65	22.9	-0.56	-0.37	-0.76	0.25
U1429A	3H	6	36	23.76	24.4	24.4	-1.29	1.13	0.05	3.60	0.592	-101.43	21.10	2.65	23.0	-0.55	-0.34	-0.78	0.26
U1429A	3H	6	41	23.81	24.45	24.45	-1.64	1.03	0.06	3.60	0.598	-102.13	21.10	2.65	23.0	-0.49	-0.24	-0.72	0.33
U1429A	3H	6	46	23.86	24.5	24.5	-1.03	1.06	0.07	3.61	0.604	-102.83	21.07	2.71	23.0	-0.41	-0.17	-0.61	0.41
U1429A	3H	6	51	23.91	24.55	24.55	-1.40	1.05	0.07	3.62	0.610	-103.54	20.92	2.78	23.1	-0.34	-0.12	-0.49	0.49
U1429A	3H	6	56	23.96	24.6	24.6	-1.15	0.82	0.04	3.53	0.535	-94.64	20.80	2.84	23.3	-0.29	-0.13	-0.43	0.46
U1429A	3H	6	61	24.01	24.7	24.65	-1.23	0.74	0.02	3.43	0.459	-85.75	20.80	2.91	23.4	-0.27	-0.13	-0.41	0.42
U1429A	3H	6	66	24.06	24.7	24.7	-1.42	0.96	-0.01	3.34	0.383	-76.86	20.81	2.97	23.5	-0.25	-0.10	-0.39	0.37
U1429A	3H	6	71	24.11	24.75	24.75	-1.32	0.82	-0.03	3.36	0.402	-79.09	20.86	3.04	23.6	-0.23	-0.08	-0.38	0.40
U1429A	3H	6	76	24.16	24.8	24.8	-1.30	0.97	-0.05	3.39	0.421	-81.32	20.90	3.05	23.6	-0.23	-0.07	-0.41	0.42
U1429A	3H	6	81	24.21	24.85	24.85	-1.49	1.08	-0.04	3.41	0.440	-83.55	20.90	3.06	23.5	-0.24	-0.05	-0.46	0.43
U1429A	3H	6	86	24.26	24.9	24.9	-0.96	0.87	0.00	3.47	0.487	-89.00	20.88	3.07	23.4	-0.27	-0.10	-0.50	0.44
U1429A	3H	6	91	24.31	25	24.95	-1.43	1.12	0.04	3.52	0.533	-94.45	20.78	2.96	23.1	-0.29	-0.13	-0.51	0.46
U1429A	3H	6	96	24.36	25	25	-1.16	1.08	0.08	3.58	0.579	-99.90	20.71	2.85	22.7	-0.30	-0.13	-0.49	0.50
U1429A	3H	6	101	24.41	25.05	25.05	-0.86	0.94	0.13	3.52	0.530	-94.17	20.76	2.75	22.3	-0.34	-0.16	-0.52	0.42
U1429A	3H	6	106	24.46	25.1	25.1	-1.16	0.98	0.19	3.46	0.482	-88.43	20.81	2.64	22.1	-0.40	-0.21	-0.58	0.31
U1429A	3H	6	111	24.51	25.15	25.15	-1.12	1.02	0.23	3.40	0.433	-82.69	20.86	2.54	21.9	-0.44	-0.23	-0.63	0.22
U1429A	3H	6	116	24.56	25.2	25.2	-1.33	0.76	0.28	3.43	0.455	-85.27	20.88	2.43	21.8	-0.45	-0.25	-0.65	0.23
U1429A	3H	6	121	24.61	25.3	25.25	-1.02	0.76	0.32	3.46	0.477	-87.86	20.78	2.42	21.9	-0.43	-0.23	-0.67	0.27
U1429A	3H	6	126	24.66	25.3	25.3	-1.01	0.94	0.36	3.48	0.499	-90.44	20.71	2.41	22.1	-0.37	-0.12	-0.65	0.35
U1429A	3H	6	131	24.71	25.35	25.35	-1.25	0.93	0.41	3.49	0.502	-90.86	20.75	2.40	22.2	-0.33	-0.09	-0.59	0.40
U1429B	4H	1	131	23.21	25.36	25.36	-1.02	0.89	0.42	3.49	0.503	-90.94	20.76	2.87	22.3	-0.26	0.05	-0.47	0.47
U1429B	4H	1	136	23.26	25.4	25.41	-0.86	0.96	0.46	3.49	0.507	-91.36	20.81	2.85	22.7	-0.23	-0.04	-0.40	0.50
U1429B	4H	1	146	23.36	25.51	25.51	-1.12	1.01	0.30	3.48	0.494	-89.93	20.91	2.80	22.9	-0.25	-0.10	-0.39	0.47
U1429B	4H	2	1	23.41	25.56	25.56	-1.16	1.17	0.21	3.46	0.479	-88.08	20.96	2.84	23.1	-0.23	-0.09	-0.37	0.48
U1429B	4H	2	11	23.51	25.66	25.66	-1.16	1.00	0.15	3.45	0.473	-87.41	20.94	2.94	23.4	-0.22	-0.07	-0.36	0.48
U1429B	4H	2	16	23.56	25.7	25.71	-1.18	0.89	0.13	3.46	0.483	-88.59	20.88	2.99	23.6	-0.23	-0.08	-0.42	0.48
U1429B	4H	2	26	23.66	25.81	25.81	-1.48	0.86	0.18	3.48	0.498	-90.34	20.75	3.11	23.7	-0.21	-0.02	-0.40	0.52
U1429B	4H	2	31	23.71	25.86	25.86	-1.03	0.87	0.22	3.49	0.503	-90.92	21.00	3.09	23.7	-0.20	-0.01	-0.38	0.53
U1429B	4H	2	41	23.81	25.96	25.96	-1.50	1.04	0.21	3.44	0.468	-86.87	21.08	3.07	23.7	-0.19	0.00	-0.36	0.51
U1429B	4H	2	46	23.86	26	26.01	-1.13	0.70	0.20	3.40	0.429	-82.25	20.98	3.06	23.5	-0.18	-0.02	-0.33	0.48
U1429B	4H	2	56	23.96	26.11	26.11	-1.24	0.97	0.15	3.39	0.426	-81.90	20.78	3.06	23.4	-0.21	-0.06	-0.34	0.45
U1429B	4H	2	61	24.01	26.16	26.16	-1.20	0.94	0.11	3.44	0.462	-86.17	20.68	3.01	23.4	-0.29	-0.14	-0.46	0.40
U1429B	4H	2	71	24.11	26.26	26.26	-1.40	1.10	0.13	3.47	0.490	-89.39	20.72	2.91	23.3	-0.32	-0.18	-0.49	0.39
U1429B	4H	2	76	24.16	26.3	26.31	-1.30	0.93	0.16	3.46	0.481	-88.33	20.80	2.88	22.9	-0.27	-0.10	-0.43	0.44
U1429B	4H	2	86	24.26	26.41	26.41	-0.92	0.88	0.18	3.48	0.494	-89.86	20.82	2.80	22.8	-0.25	-0.09	-0.42	0.47
U1429B	4H	2	91	24.31	26.46	26.46	-1.21	0.96	0.18	3.50	0.516	-92.45	20.92	2.82	23.0	-0.30	-0.13	-0.46	0.44
U1429B	4H	2	101	24.41	26.56	26.56	-1.12	0.84	0.08	3.47	0.491	-89.55	20.94	2.85	23.2	-0.32	-0.16	-0.47	0.39
U1429B	4H	2	106	24.46	26.6	26.61	-1.45	1.07	0.00	3.42	0.445	-84.06	20.89	2.87	23.5	-0.31	-0.17	-0.44	0.36
U1429B	4H	2	121	24.61	26.76	26.76	-1.33	1.07	-0.03	3.40	0.434	-82.85	21.16	2.92	23.8	-0.29	-0.17	-0.41	0.37
U1429B	4H	2	131	24.71	26.86	26.86	-1.41	1.05	-0.03	3.44	0.467	-86.74	21.40	3.06	23.9	-0.30	-0.18	-0.42	0.40
U1429B	4H	2	136	24.76	26.9	26.91	-1.40	1.01	-0.04	3.46	0.482	-88.49	21.40	3.08	24.0	-0.29	-0.17	-0.41	0.42
U1429B	4H	2	146	24.86	27.01	27.01	-1.41	0.89	-0.01	3.50	0.515	-92.32	21.40	3.14	24.0	-0.29	-0.16	-0.41	0.45
U1429B	4H	3	1	24.91	27.06	27.06	-1.38	0.88	0.03	3.52	0.532	-94.39	21.40	3.08	23.6	-0.27	-0.13	-0.40	0.48
U1429B	4H	3	11	25.01	27.16	27.16	-1.18	0.93	0.00	3.48	0.499	-90.50	21.40	2.94	23.4	-0.32	-0.04	-0.53	0.41
U1429B	4H	3	26	25.16	27.31	27.31	-1.66	0.90	-0.10	3.34	0.380	-76.45	21.27	2.75	23.4	-0.30	-0.04	-0.54	0.31
U1429B	4H	3	31	25.21	27.36	27.36	-1.32	0.93	-0.01	3.31	0.362	-74.31	21.12	2.91	23.8	-0.18	0.04	-0.39	0.41
U1429B	4H	3	41	25.31	27.46	27.46	-1.18	0.81	0.13	3.32	0.364	-74.54	20.88	3.25	24.0	-0.15	0.01	-0.34	0.44
U1429B	4H	3	46	25.36	27.5	27.51	-1.52	0.87	0.08	3.34	0.384	-76.89	20.80	3.26	24.0	-0.18	-0.02	-0.36	0.43
U1429B	4H	3	56	25.46	27.61	27.61	-1.36	0.93	-0.01	3.42	0.445	-84.10	20.79	3.23	23.9	-0.20	-0.02	-0.41	0.47
U1429B	4H	3	61	25.51	27.66	27.66	-1.38	0.96	-0.05	3.47	0.486	-88.94	20.74	3.06	23.3	-0.20	0.04	-0.50	0.51
U1429B	4H	3	71	25.61	27.76	27.76	-0.53	0.66	-0.14	3.41	0.443	-83.90	20.76	2.73	23.0	-0.20	0.09	-0.50	0.47
U1429B	4H	3	76	25.66	27.8	27.81	-1.55	0.87	-0.18	3.31	0.359	-74.03	20.78	2.80	23.1	-0.17	0.10	-0.37	0.42
U1429B	4H	3	86	25.76	27.91	27.91	-1.31	0.91	-0.07	3.22	0.282	-64.97	20.60	2.93	23.2	-0.15	0.04	-0.30	0.37
U1429B	4H	3	91	25.81	27.96	27.96	-1.16	0.93	0.00	3.22	0.289	-65.80	20.60	3.02	23.6	-0.16	0.00	-0.32	0.36
U1429B	4H	3	101	25.91	28.06	28.06	-1.40	0.92	0.07	3.29	0.344	-72.27	20.60	3.21	23.8	-0.19	-0.03	-0.34	0.39
U1429B	4H	3	106	25.96	28.1	28.11	-1.55	0.95	0.07	3.35	0.392	-77.91	20.56	3.13	23.5	-0.16	0.01	-0.31	0.47
U1429B	4H	3	116	26.06	28.21	28.21	-1.19	0.70	0.08	3.39	0.424	-81.67	20.22	2.97	23.2	-0.13	0.04	-0.29	0.53
U1429B	4H	3	121	26.11	28.26	28.26	-0.94	0.89	0.08	3.37	0.408	-79.79	20.32	2.98	23.2	-0.13	0.03	-0.30	0.51
U1429B	4H	3	131	26.21	28.36	28.36	-1.30	0.75	0.07	3.39	0.426	-81.83	20.04	3.01	23.2	-0.08	0.08	-0.22	0.58
U1429B	4H	3	146	26.36	28.51	28.51	-0.96	0.86	0.21	3.45	0.471	-87.16	19.75	3.04	23.2	-0.05	0.09	-0.19	0.65
U1429B	4H	4	1	26.41	28.56	28.56	-1.06	0.95	0.26	3.42	0.449	-84.64	20.00	3.04	23.3	-0.07	0.06	-0.19	0.61
U1429B	4H	4	11	26.51	28.66	28.66	-1.11	0.90	0.27	3.43	0.457	-85.47	20.02	3.05	23.4	-0.05	0.09	-0.18	0.64
U1429B	4H	4	26	26.66	28.81	28.81	-1.02	0.99	0.34	3.50	0.514	-92.29	20.21	3.13	23.4	-0.03	0.11	-0.17	0.71
U1429B	4H	4	31	26.71	28.86	28.86	-1.07	0.99	0.40	3.50	0.516	-92.41	20.26	3.13	23.4	0.00	0.15	-0.16	0.74
U1429B	4H	4	41	26.81	28.96	28.96	-0.75	0.91	0.49	3.49	0.502	-90.85	20.60	3.14	23.3	0.00	0.15	-0.15	0.73
U1429B	4H	4	46	26.86	29	29.01	-1.07	1.10	0.46	3.47	0.488	-89.16	20.78	3.15	23.3	-0.02	0.14	-0.16	0.69
U1429B	4H	4	56	26.96	29.11	29.11	-1.03	0.97	0.40	3.45	0.472	-87.28	20.66	3.16	23.3	-0.04	0.13	-0.18	0.66
U1429B	4H	4	61	27.01	29.16	29.16	-0.97	0.91	0.37	3.45	0.470	-87.09	20.96	3.05	23.4	-0.08	0.08	-0.22	0.62
U1429B	4H	4	71	27.11	29.26	29.26	-0.97	0.96	0.27	3.44	0.466	-86.58	21.26	2.84	23.7	-0.09	0.06	-0.24	0.60
U1429B	4H	4	76	27.16	29.3	29.31	-1.27	1.04	0.20	3.44	0.463	-86.26	21.30	3.06	24.2	-0.09	0.05	-0.24	0.60
U1429B	4H	4	86	27.26	29.41	29.41	-1.22	0.94	0.06	3.46	0.484	-88.75	21.29	3.49	24.3	-0.10	0.04	-0.24	0.61
U1429B	4H	4	91	27.31	29.46	29.46	-1.41	1.09	0.00	3.49	0.508	-91.55	21.24	3.43	24.3	-0.12	0.02	-0.27	0.61
U1429B	4H	4	101	27.41	29.56	29.56	-1.24	0.97	-0.06	3.50	0.511	-91.94	20.96	3.30	24.3	-0.14	0.01	-0.28	0.60
U1429B	4H	4	106	27.46	29.6	29.61	-1.36	1.16	-0.06	3.47	0.491	-89.51	20.81	3.24	24.0	-0.17	-0.01	-0.33	0.55
U1429B	4H	4	121	27.61	29.76	29.76	-1.44	1.02	-0.09	3.44	0.462	-86.07	21.02	3.04	23.9	-0.14	0.02	-0.31	0.55
U1429B	4H	4	131	27.71	29.86	29.86	-1.14	0.87	-0.12	3.39	0.424	-81.61	21.10	2.99	24.0	-0.10	0.06	-0.27	0.55
U1429B	4H	4	136	27.76	29.9	29.91	-1.27	0.80	-0.14	3.35	0.390	-77.66	21.11	3.20	24.3	-0.04	0.12	-0.19	0.58
U1429B	4H	4	146	27.86	30.01	30.01	-1.31	0.91	-0.17	3.35	0.394	-78.10	21.17	3.64	24.5	-0.02	0.13	-0.17	0.60
U1429B	4H	5	1	27.91	30.06	30.06	-1.49	1.06	-0.19	3.40	0.431	-82.50	21.02	3.56	24.4	-0.03	0.12	-0.16	0.63
U1429B	4H	5	11	28.01	30.16	30.16	-1.17	0.97	-0.10	3.41	0.442	-83.81	21.02	3.41	24.3	-0.04	0.11	-0.17	0.64
U1429B	4H	5	16	28.06	30.2	30.21	-1.28	1.02	-0.06	3.38	0.416	-80.72	21.11	3.34	24.0	-0.08	0.10	-0.22	0.57
U1429B	4H	5	26	28.16	30.31	30.31	-1.30	0.78	0.03	3.33	0.372	-75.49	21.24	3.19	23.9	-0.12	0.09	-0.27	0.48
U1429B	4H	5	31	28.21	30.36	30.36	-1.21	0.92	0.04	3.30	0.354	-73.36	21.44	3.15	23.8	-0.21	0.02	-0.41	0.38
U1429B	4H	5	41	28.31	30.46	30.46	-1.45	0.96	-0.08	3.31	0.356	-73.61	21.36	3.06	23.8	-0.28	-0.10	-0.50	0.30
U1429B	4H	5	46	28.36	30.5	30.51	-1.63	0.89	-0.14	3.33	0.376	-76.00	21.26	3.02	23.9	-0.35	-0.19	-0.55	0.25
U1429B	4H	5	56	28.46	30.61	30.61	-1.59	0.79	-0.26	3.39	0.423	-81.58	21.77	2.93	23.8	-0.37	-0.22	-0.51	0.28
U1429B	4H	5	61	28.51	30.66	30.66	-1.45	1.03	-0.23	3.42	0.451	-84.76	21.62	2.99	24.1	-0.33	-0.19	-0.45	0.35
U1429B	4H	5	71	28.61	30.76	30.76	-1.51	0.89	-0.22	3.46	0.477	-87.92	22.04	3.10	24.2	-0.31	-0.18	-0.43	0.39
U1429B	4H	5	76	28.66	30.8	30.81	-1.45	0.75	-0.18	3.46	0.477	-87.89	22.37	3.15	24.4	-0.25	-0.12	-0.38	0.45
U1429B	4H	5	86	28.76	30.91	30.91	-1.40	0.74	-0.20	3.46	0.478	-88.02	22.12	3.26	24.6	-0.28	-0.14	-0.43	0.42
U1429B	4H	5	91	28.81	30.96	30.96	-1.61	0.75	-0.32	3.46	0.480	-88.17	22.22	3.27	24.9	-0.34	-0.18	-0.56	0.37
U1429B	4H	5	101	28.91	31.06	31.06	-1.78	0.90	-0.41	3.45	0.474	-87.51	22.24	3.28	25.0	-0.21	0.04	-0.38	0.49
U1429B	4H	5	106	28.96	31.1	31.11	-1.43	0.85	-0.29	3.44	0.467	-86.68	22.20	3.47	25.4	0.02	0.16	-0.12	0.71
U1429B	4H	5	116	29.06	31.21	31.21	-1.40	0.93	-0.16	3.43	0.458	-85.66	22.19	3.86	25.5	0.03	0.15	-0.09	0.72
U1429B	4H	5	121	29.11	31.26	31.26	-1.44	0.93	-0.21	3.43	0.457	-85.47	22.14	3.71	25.1	-0.17	-0.03	-0.33	0.52
U1429B	4H	5	131	29.21	31.36	31.36	-1.55	0.73	-0.31	3.43	0.458	-85.59	22.04	3.41	24.9	-0.22	-0.11	-0.34	0.46
U1429B	4H	5	136	29.26	31.4	31.41	-1.55	0.80	-0.34	3.43	0.460	-85.91	21.99	3.33	24.8	-0.37	-0.22	-0.52	0.32
U1429B	4H	5	146	29.36	31.51	31.51	-1.76	0.87	-0.48	3.42	0.451	-84.76	21.92	3.19	24.7	-0.38	-0.25	-0.50	0.30
U1429B	4H	6	1	29.41	31.56	31.56	-1.65	0.80	-0.48	3.41	0.438	-83.30	22.02	3.26	25.0	-0.29	-0.17	-0.41	0.38
U1429B	4H	6	11	29.51	31.66	31.66	-1.66	0.96	-0.47	3.37	0.406	-79.54	22.28	3.40	25.1	-0.28	-0.17	-0.40	0.36
U1429B	4H	6	16	29.56	31.7	31.71	-1.75	0.76	-0.53	3.34	0.387	-77.24	22.35	3.39	25.0	-0.27	-0.16	-0.40	0.34
U1429B	4H	6	26	29.66	31.81	31.81	-1.73	0.83	-0.55	3.28	0.331	-70.71	21.93	3.37	25.0	-0.26	-0.14	-0.38	0.30
U1429B	4H	6	31	29.71	31.86	31.86	-1.81	0.76	-0.56	3.23	0.295	-66.47	22.08	3.39	25.0	-0.21	-0.09	-0.33	0.32
U1429B	4H	6	41	29.81	31.96	31.96	-1.68	0.73	-0.52	3.23	0.293	-66.19	22.26	3.43	25.0	-0.18	-0.06	-0.30	0.35
U1429B	4H	6	46	29.86	32	32.01	-1.72	0.69	-0.47	3.27	0.326	-70.14	22.30	3.45	24.8	-0.12	0.02	-0.26	0.44
U1429B	4H	6	56	29.96	32.11	32.11	-1.41	0.74	-0.38	3.31	0.362	-74.34	22.25	3.49	24.7	-0.09	0.06	-0.22	0.50
U1429B	4H	6	61	30.01	32.16	32.16	-1.52	0.87	-0.33	3.32	0.364	-74.60	22.00	3.41	24.4	-0.16	0.01	-0.31	0.44
U1429B	4H	6	71	30.11	32.26	32.26	-1.29	0.70	-0.32	3.42	0.446	-84.22	21.80	3.26	24.2	-0.23	-0.05	-0.40	0.44
U1429B	4H	6	76	30.16	32.3	32.31	-1.48	0.52	-0.32	3.52	0.526	-93.59	21.77	3.15	23.9	-0.32	-0.18	-0.49	0.42
U1429B	4H	6	86	30.26	32.41	32.41	-1.45	0.92	-0.23	3.51	0.525	-93.53	21.51	2.95	23.8	-0.32	-0.17	-0.48	0.43
U1429B	4H	6	91	30.31	32.46	32.46	-1.32	0.77	-0.22	3.42	0.445	-84.10	21.56	3.04	24.2	-0.32	-0.12	-0.49	0.36
U1429B	4H	6	101	30.41	32.56	32.56	-1.49	0.66	-0.44	3.39	0.425	-81.71	21.54	3.23	24.5	-0.37	-0.18	-0.57	0.28
U1429B	4H	6	106	30.46	32.6	32.61	-1.79	0.86	-0.44	3.46	0.484	-88.75	21.53	3.12	23.9	-0.35	-0.17	-0.51	0.36
U1429B	4H	6	116	30.56	32.71	32.71	-1.34	0.74	-0.23	3.48	0.497	-90.21	21.77	2.90	23.7	-0.31	-0.17	-0.45	0.41
U1429B	4H	6	121	30.61	32.76	32.76	-1.35	0.76	-0.31	3.42	0.449	-84.64	21.62	3.05	24.5	-0.31	-0.18	-0.43	0.37
U1429B	4H	6	131	30.71	32.86	32.86	-1.68	0.64	-0.50	3.41	0.439	-83.39	21.50	3.34	24.7	-0.31	-0.19	-0.43	0.36
U1429B	4H	6	136	30.76	32.9	32.91	-1.58	0.57	-0.30	3.45	0.476	-87.73	21.47	3.23	22.8	-0.11	0.14	-0.35	0.59
U1429B	4H	7	1	30.91	33.06	33.06	-0.67	0.68	0.21	3.49	0.503	-90.98	21.38	2.90	21.9	-0.14	0.06	-0.36	0.59
U1429B	4H	7	16	31.06	33.21	33.21	-0.83	0.68	0.26	3.53	0.534	-94.58	21.69	2.57	22.9	-0.44	-0.29	-0.61	0.32
U1429A	4H	4	116	31.06	33.41	33.41	-1.44	0.78	-0.27	3.45	0.473	-87.44	21.55	2.73	23.1	-0.47	-0.34	-0.61	0.23
U1429A	4H	4	121	31.11	33.5	33.46	-1.36	0.70	-0.30	3.49	0.504	-91.04	21.52	2.76	23.4	-0.45	-0.32	-0.57	0.28
U1429A	4H	4	131	31.21	33.56	33.56	-1.41	0.75	-0.35	3.50	0.510	-91.81	21.47	2.83	23.5	-0.45	-0.32	-0.58	0.28
U1429A	4H	4	136	31.26	33.6	33.61	-1.49	0.81	-0.38	3.47	0.486	-88.97	21.45	2.87	23.8	-0.45	-0.28	-0.59	0.27
U1429A	4H	4	146	31.36	33.71	33.71	-1.42	0.67	-0.43	3.47	0.489	-89.29	21.37	2.94	24.1	-0.51	-0.34	-0.68	0.21
U1429A	4H	5	1	31.41	33.8	33.76	-1.75	0.82	-0.51	3.50	0.516	-92.45	21.22	2.98	24.1	-0.38	-0.18	-0.52	0.36
U1429A	4H	5	11	31.51	33.86	33.86	-1.40	0.69	-0.37	3.48	0.495	-89.99	21.46	3.05	24.1	-0.34	-0.21	-0.45	0.38
U1429A	4H	5	16	31.56	33.9	33.91	-1.56	0.61	-0.47	3.42	0.447	-84.38	21.72	3.09	24.2	-0.33	-0.21	-0.45	0.34
U1429A	4H	5	26	31.66	34.01	34.01	-1.61	0.74	-0.56	3.35	0.391	-77.75	21.92	3.16	24.2	-0.31	-0.19	-0.43	0.31
U1429A	4H	5	31	31.71	34.1	34.06	-1.55	0.61	-0.52	3.34	0.382	-76.73	22.02	3.14	24.0	-0.25	-0.11	-0.39	0.37
U1429A	4H	5	41	31.81	34.16	34.16	-1.49	0.67	-0.40	3.38	0.417	-80.88	21.86	3.10	23.7	-0.19	-0.03	-0.33	0.46
U1429A	4H	5	46	31.86	34.2	34.21	-1.17	0.70	-0.17	3.44	0.461	-86.04	21.70	3.08	23.7	-0.22	-0.07	-0.36	0.47
U1429A	4H	5	56	31.96	34.31	34.31	-1.17	0.37	-0.22	3.55	0.552	-96.68	21.72	3.05	23.8	-0.30	-0.15	-0.44	0.48
U1429A	4H	5	61	32.01	34.4	34.36	-1.36	0.54	-0.32	3.60	0.598	-102.17	21.82	3.03	23.7	-0.17	0.00	-0.33	0.65
U1429A	4H	5	71	32.11	34.46	34.46	-1.12	0.60	-0.18	3.55	0.550	-96.49	21.78	2.99	23.7	-0.11	0.04	-0.26	0.66
U1429A	4H	5	76	32.16	34.5	34.51	-1.16	0.66	-0.16	3.43	0.455	-85.34	21.72	3.11	23.9	-0.10	0.05	-0.26	0.58
U1429A	4H	5	86	32.26	34.61	34.61	-1.23	0.53	-0.27	3.32	0.364	-74.57	21.88	3.34	24.0	-0.13	0.02	-0.30	0.47
U1429A	4H	5	91	32.31	34.7	34.66	-1.52	0.47	-0.32	3.32	0.367	-74.95	21.78	3.27	23.9	-0.18	-0.03	-0.35	0.42
U1429A	4H	5	101	32.41	34.76	34.76	-1.32	0.54	-0.37	3.33	0.379	-76.32	21.52	3.13	23.8	-0.22	-0.05	-0.38	0.39
U1429A	4H	5	106	32.46	34.8	34.81	-1.51	0.58	-0.34	3.34	0.387	-77.31	21.39	3.06	23.6	-0.25	-0.06	-0.44	0.37
U1429A	4H	5	116	32.56	34.91	34.91	-1.03	0.52	-0.28	3.37	0.408	-79.76	21.29	2.91	23.5	-0.29	-0.10	-0.51	0.34
U1429A	4H	5	121	32.61	35	34.96	-1.46	0.70	-0.27	3.39	0.420	-81.23	21.24	2.92	23.5	-0.37	-0.18	-0.59	0.28
U1429A	4H	5	131	32.71	35.06	35.06	-1.67	0.58	-0.28	3.44	0.467	-86.71	21.02	2.92	23.6	-0.41	-0.23	-0.60	0.28
U1429A	4H	5	136	32.76	35.1	35.11	-1.29	0.66	-0.28	3.49	0.501	-90.72	20.91	2.93	23.2	-0.19	0.05	-0.40	0.53
U1429A	4H	6	16	33.06	35.4	35.41	-1.14	0.49	-0.12	3.44	0.463	-86.23	21.08	2.98	22.8	-0.10	0.12	-0.25	0.59
U1429A	4H	6	26	33.16	35.51	35.51	-0.86	0.30	0.00	3.48	0.493	-89.77	20.95	2.98	22.3	-0.32	-0.12	-0.61	0.39
U1429A	4H	6	41	33.31	35.66	35.66	-0.99	0.33	0.01	3.58	0.577	-99.62	21.04	2.48	22.1	-0.39	-0.23	-0.55	0.41
U1429A	4H	6	46	33.36	35.7	35.71	-1.09	0.27	-0.03	3.56	0.563	-97.99	20.97	2.61	22.6	-0.16	0.15	-0.38	0.63
U1429A	4H	6	61	33.51	35.9	35.86	-0.90	0.33	0.03	3.46	0.484	-88.65	20.76	3.00	22.7	-0.15	0.06	-0.34	0.56
U1429A	4H	6	86	33.76	36.11	36.11	-1.06	0.63	0.03	3.68	0.659	-109.34	20.70	2.82	22.7	-0.19	-0.01	-0.35	0.69
U1429A	4H	6	91	33.81	36.2	36.16	-0.77	0.60	0.16	3.65	0.636	-106.53	20.70	2.81	22.1	-0.02	0.14	-0.19	0.83
U1429A	4H	6	101	33.91	36.26	36.26	-0.42	0.28	0.34	3.62	0.614	-103.98	20.64	2.77	22.1	-0.02	0.13	-0.19	0.81
U1429A	4H	6	106	33.96	36.3	36.31	-0.75	0.57	0.23	3.63	0.616	-104.24	20.58	2.83	22.4	0.03	0.19	-0.12	0.86
U1429A	4H	6	116	34.06	36.41	36.41	-0.66	0.66	0.27	3.56	0.562	-97.93	20.45	2.95	22.3	0.05	0.18	-0.07	0.83
U1429A	4H	6	131	34.21	36.56	36.56	-0.76	0.79	0.20	3.44	0.464	-86.33	20.54	2.90	22.3	0.05	0.18	-0.07	0.74
U1429A	4H	6	136	34.26	36.6	36.61	-0.72	0.54	0.19	3.46	0.477	-87.86	20.31	2.86	22.4	-0.21	-0.03	-0.48	0.49
U1429A	4H	7	1	34.41	36.8	36.76	-1.05	0.65	-0.04	3.57	0.571	-98.88	20.46	2.74	22.6	-0.18	-0.02	-0.32	0.61
U1429B	5H	2	146	34.36	37.02	37.02	-0.94	0.64	0.04	3.62	0.608	-103.28	20.49	2.84	22.5	-0.14	0.01	-0.26	0.69
U1429B	5H	3	1	34.41	37.07	37.07	-0.81	0.75	0.09	3.58	0.575	-99.39	20.44	2.82	22.5	-0.16	-0.02	-0.30	0.63
U1429B	5H	3	16	34.56	37.2	37.22	-0.81	0.60	0.09	3.63	0.619	-104.56	20.22	2.76	23.4	-0.16	-0.01	-0.47	0.67
U1429B	5H	3	26	34.66	37.32	37.32	-1.16	0.61	0.05	3.66	0.643	-107.42	20.41	3.04	23.6	0.06	0.40	-0.13	0.92
U1429B	5H	3	31	34.71	37.37	37.37	-0.72	0.45	0.15	3.64	0.629	-105.77	20.46	3.30	23.4	-0.13	0.03	-0.41	0.72
U1429B	5H	3	46	34.86	37.5	37.52	-1.11	0.63	-0.14	3.54	0.546	-96.01	20.40	2.98	23.3	-0.14	-0.01	-0.28	0.62
U1429B	5H	3	56	34.96	37.62	37.62	-1.13	0.72	-0.14	3.51	0.525	-93.56	20.40	3.02	23.3	-0.10	0.05	-0.23	0.65
U1429B	5H	3	61	35.01	37.67	37.67	-0.97	0.73	-0.08	3.53	0.539	-95.15	20.40	3.06	23.9	-0.19	-0.05	-0.34	0.57
U1429B	5H	3	71	35.11	37.77	37.77	-1.35	0.76	-0.36	3.51	0.519	-92.83	20.22	3.14	24.0	-0.20	-0.07	-0.34	0.54
U1429B	5H	3	76	35.16	37.8	37.82	-1.32	0.89	-0.29	3.47	0.486	-88.91	20.13	3.18	23.9	-0.06	0.10	-0.20	0.65
U1429B	5H	3	86	35.26	37.92	37.92	-1.11	0.65	-0.19	3.45	0.470	-87.00	20.36	3.26	23.8	-0.02	0.11	-0.13	0.68
U1429B	5H	3	91	35.31	37.97	37.97	-1.10	0.74	-0.13	3.47	0.487	-89.00	20.16	3.18	23.5	-0.02	0.11	-0.17	0.69
U1429B	5H	3	106	35.46	38.1	38.12	-1.04	0.78	-0.03	3.49	0.502	-90.82	20.20	3.09	23.5	0.04	0.20	-0.12	0.77
U1429B	5H	3	116	35.56	38.22	38.22	-0.74	0.69	0.21	3.56	0.566	-98.34	20.21	3.22	23.7	0.05	0.20	-0.12	0.83
U1429B	5H	3	121	35.61	38.27	38.27	-1.03	0.64	0.19	3.64	0.631	-105.96	20.26	3.27	23.9	0.10	0.26	-0.03	0.95
U1429B	5H	3	131	35.71	38.37	38.37	-0.78	0.70	0.14	3.66	0.640	-107.04	20.30	3.37	24.0	0.13	0.26	0.00	0.99
U1429B	5H	3	136	35.76	38.4	38.42	-0.94	1.00	0.13	3.59	0.584	-100.51	20.30	3.39	23.8	0.22	0.37	0.08	1.02
U1429B	5H	3	146	35.86	38.52	38.52	-0.78	0.78	0.12	3.44	0.465	-86.42	20.32	3.44	23.6	0.26	0.39	0.14	0.95
U1429B	5H	4	1	35.91	38.57	38.57	-0.90	0.74	0.12	3.36	0.400	-78.87	20.42	3.35	23.2	0.20	0.34	0.07	0.83
U1429B	5H	4	11	36.01	38.67	38.67	-0.73	0.64	0.20	3.40	0.431	-82.50	20.44	3.18	23.0	0.15	0.29	0.00	0.81
U1429B	5H	4	16	36.06	38.7	38.72	-0.81	0.57	0.20	3.52	0.526	-93.69	20.36	3.09	23.0	-0.14	0.04	-0.40	0.61
U1429B	5H	4	31	36.21	38.87	38.87	-1.06	0.67	0.03	3.63	0.621	-104.87	20.24	2.91	22.8	-0.15	0.01	-0.34	0.69
U1429B	5H	4	41	36.31	38.97	38.97	-0.98	0.83	0.09	3.59	0.584	-100.51	20.16	2.90	22.6	-0.06	0.13	-0.22	0.75
U1429B	5H	4	46	36.36	39	39.02	-0.68	0.63	0.21	3.54	0.547	-96.14	20.03	2.90	22.8	-0.09	0.07	-0.25	0.68
U1429B	5H	4	61	36.51	39.17	39.17	-0.89	0.92	0.14	3.56	0.566	-98.34	20.42	2.90	22.9	-0.15	0.00	-0.29	0.63
U1429B	5H	4	71	36.61	39.27	39.27	-1.06	0.68	0.09	3.60	0.597	-102.01	20.68	2.92	22.9	-0.15	0.00	-0.29	0.67
U1429B	5H	4	76	36.66	39.3	39.32	-0.84	0.76	0.12	3.61	0.600	-102.39	20.77	2.92	22.7	-0.03	0.12	-0.18	0.78
U1429B	5H	4	91	36.81	39.47	39.47	-0.77	0.71	0.24	3.51	0.517	-92.64	20.68	2.94	22.6	-0.18	0.00	-0.38	0.56
U1429B	5H	4	121	37.11	39.77	39.77	-1.01	0.64	0.06	3.59	0.586	-100.73	20.60	2.76	22.8	-0.18	-0.03	-0.32	0.62
U1429B	5H	4	136	37.26	39.9	39.92	-0.94	0.75	0.11	3.58	0.575	-99.46	20.80	2.90	23.4	-0.08	0.06	-0.21	0.72
U1429B	5H	5	1	37.41	40.07	40.07	-1.02	0.89	0.06	3.55	0.551	-96.62	20.86	3.16	23.5	-0.11	0.02	-0.24	0.67
U1429B	5H	5	31	37.71	40.37	40.37	-1.22	0.88	-0.09	3.38	0.416	-80.75	20.80	3.07	22.8	-0.01	0.16	-0.16	0.64
U1429B	5H	5	61	38.01	40.67	40.67	-0.73	0.81	0.33	3.49	0.503	-90.92	21.16	2.92	24.4	0.08	0.25	-0.07	0.81
U1429B	5H	5	136	38.76	41.4	41.42	-1.32	0.72	-0.11	3.33	0.378	-76.26	21.12	3.21	24.2	0.07	0.26	-0.07	0.68
U1429B	5H	6	1	38.91	41.57	41.57	-1.19	0.81	0.00	3.29	0.339	-71.70	21.48	3.43	24.7	0.15	0.28	0.03	0.73
U1429B	5H	6	11	39.01	41.67	41.67	-1.21	0.74	0.01	3.25	0.313	-68.54	21.84	3.66	24.8	0.13	0.27	0.00	0.68
U1429B	5H	6	16	39.06	41.7	41.72	-1.44	0.72	-0.06	3.23	0.292	-66.06	22.01	3.66	24.8	0.16	0.28	0.04	0.68
U1429B	5H	6	31	39.21	41.87	41.87	-1.32	0.88	-0.07	3.17	0.244	-60.45	22.04	3.66	24.0	0.13	0.30	0.00	0.61
U1429B	5H	6	46	39.36	42	42.02	-1.14	0.78	0.09	3.15	0.227	-58.51	22.00	3.28	24.2	-0.05	0.10	-0.26	0.41
U1429B	5H	6	61	39.51	42.17	42.17	-1.54	0.88	-0.19	3.24	0.302	-67.24	21.88	3.34	22.9	0.12	0.37	-0.08	0.66
U1429B	5H	6	91	39.81	42.47	42.47	-0.87	0.76	0.35	3.25	0.307	-67.87	21.12	3.01	22.8	0.26	0.44	0.11	0.81
U1429B	5H	6	106	39.96	42.6	42.62	-0.78	0.76	0.42	3.12	0.208	-56.27	21.03	3.20	23.2	0.21	0.36	0.06	0.66
U1429B	5H	6	121	40.11	42.8	42.77	-1.01	0.64	0.37	3.20	0.271	-63.67	21.48	3.28	23.3	0.10	0.23	-0.04	0.61
U1429A	5H	4	71	40.11	42.9	42.9	-0.97	0.89	0.29	3.27	0.326	-70.08	21.74	3.10	23.2	0.06	0.18	-0.08	0.62
U1429A	5H	4	76	40.16	43	42.95	-1.10	1.02	0.20	3.27	0.327	-70.27	21.82	3.15	23.8	-0.06	0.08	-0.21	0.50
U1429A	5H	4	86	40.26	43.05	43.05	-1.47	0.92	-0.09	3.21	0.274	-64.02	22.01	3.24	24.4	-0.12	-0.01	-0.24	0.39
U1429A	5H	4	91	40.31	43.1	43.1	-1.59	0.91	-0.22	3.14	0.219	-57.58	22.06	3.35	24.7	-0.02	0.11	-0.15	0.44
U1429A	5H	4	101	40.41	43.2	43.2	-1.63	0.96	-0.24	3.06	0.157	-50.28	22.40	3.57	24.5	0.02	0.13	-0.09	0.42
U1429A	5H	4	106	40.46	43.3	43.25	-1.46	0.83	-0.17	3.05	0.150	-49.42	22.61	3.39	24.0	-0.21	-0.05	-0.45	0.18
U1429A	5H	4	116	40.56	43.35	43.35	-1.70	0.87	-0.27	3.07	0.167	-51.46	22.68	3.05	24.0	-0.25	-0.12	-0.37	0.16
U1429A	5H	4	121	40.61	43.4	43.4	-1.63	0.84	-0.23	3.10	0.192	-54.36	22.58	3.17	24.6	-0.13	0.00	-0.26	0.30
U1429A	5H	4	131	40.71	43.5	43.5	-1.57	1.03	-0.20	3.13	0.214	-56.88	22.56	3.42	24.8	-0.12	0.00	-0.24	0.34
U1429A	5H	4	136	40.76	43.6	43.55	-1.71	0.95	-0.23	3.13	0.210	-56.50	22.62	3.43	24.7	-0.11	0.01	-0.22	0.35
U1429A	5H	4	146	40.86	43.65	43.65	-1.64	1.07	-0.19	3.10	0.189	-54.02	22.77	3.45	24.6	-0.10	0.01	-0.21	0.33
U1429A	5H	5	1	40.91	43.7	43.7	-1.64	1.05	-0.16	3.08	0.171	-51.92	22.60	3.39	24.1	-0.05	0.07	-0.17	0.36
U1429A	5H	5	11	41.01	43.8	43.8	-1.43	0.75	0.02	3.08	0.173	-52.16	22.44	3.26	23.9	-0.04	0.08	-0.15	0.38
U1429A	5H	5	16	41.06	43.85	43.85	-1.41	1.10	0.08	3.11	0.195	-54.73	22.34	3.20	23.5	-0.06	0.07	-0.26	0.38
U1429A	5H	5	31	41.21	44	44	-1.27	0.85	0.25	3.19	0.261	-62.45	21.74	3.02	23.5	0.23	0.52	0.07	0.73
U1429A	5H	5	41	41.31	44.1	44.1	-0.92	0.78	0.54	3.24	0.305	-67.60	21.76	3.44	23.6	0.25	0.37	0.13	0.79
U1429A	5H	5	46	41.36	44.2	44.15	-0.93	0.99	0.60	3.27	0.327	-70.18	21.83	3.32	23.6	-0.08	0.18	-0.37	0.49
U1429A	5H	5	56	41.46	44.25	44.25	-1.53	1.04	0.23	3.30	0.347	-72.62	22.16	3.08	23.6	-0.08	0.17	-0.27	0.50
U1429A	5H	5	61	41.51	44.3	44.3	-1.07	0.96	0.42	3.29	0.346	-72.50	22.46	3.13	24.3	-0.26	-0.11	-0.52	0.32
U1429A	5H	5	71	41.61	44.4	44.4	-1.63	1.17	-0.02	3.30	0.351	-73.10	22.70	3.22	24.7	-0.33	-0.21	-0.46	0.25
U1429A	5H	5	76	41.66	44.5	44.45	-1.77	1.14	-0.18	3.31	0.358	-73.83	22.67	3.26	24.9	-0.35	-0.20	-0.65	0.24
U1429A	5H	5	86	41.76	44.55	44.55	-1.97	1.19	-0.30	3.28	0.331	-70.65	22.42	3.33	24.6	-0.14	0.19	-0.33	0.43
U1429A	5H	5	91	41.81	44.6	44.6	-1.36	1.11	0.02	3.23	0.297	-66.73	22.52	3.37	25.3	-0.27	-0.12	-0.48	0.27
U1429A	5H	5	101	41.91	44.7	44.7	-1.96	1.30	-0.32	3.19	0.259	-62.19	22.66	3.44	25.6	-0.30	-0.18	-0.41	0.20
U1429A	5H	5	106	41.96	44.8	44.75	-1.99	1.25	-0.35	3.18	0.253	-61.56	22.68	3.58	26.0	-0.17	-0.03	-0.32	0.32
U1429A	5H	5	116	42.06	44.85	44.85	-2.00	1.32	-0.35	3.17	0.243	-60.32	22.54	3.85	25.9	-0.08	0.05	-0.21	0.40
U1429A	5H	5	121	42.11	44.9	44.9	-1.71	1.17	-0.15	3.16	0.237	-59.70	22.74	3.75	25.2	-0.04	0.09	-0.16	0.43
U1429A	5H	5	131	42.21	45	45	-1.61	1.08	0.00	3.07	0.164	-51.11	22.84	3.54	25.0	-0.08	0.06	-0.21	0.33
U1429A	5H	5	136	42.26	45.1	45.05	-1.89	1.22	-0.04	2.99	0.097	-43.14	22.81	3.53	25.1	-0.08	0.14	-0.24	0.27
U1429A	5H	5	141	42.31	45.1	45.1	-1.70	1.24	-0.15	2.90	0.029	-35.18	22.86	3.53	25.4	-0.21	0.00	-0.46	0.07
U1429A	5H	5	146	42.36	45.15	45.15	-2.25	1.29	-0.38	2.97	0.082	-41.36	22.92	3.52	25.3	-0.21	-0.03	-0.38	0.12
U1429A	5H	6	1	42.41	45.2	45.2	-1.78	1.14	-0.34	3.03	0.134	-47.54	23.02	3.52	25.4	-0.22	-0.09	-0.36	0.16
U1429A	5H	6	6	42.46	45.25	45.25	-1.96	1.30	-0.24	3.10	0.187	-53.73	23.10	3.52	25.5	-0.26	-0.14	-0.37	0.17
U1429A	5H	6	11	42.51	45.3	45.3	-1.98	1.17	-0.27	3.11	0.192	-54.39	23.10	3.51	25.5	-0.27	-0.16	-0.37	0.16
U1429A	5H	6	16	42.56	45.4	45.35	-1.99	1.21	-0.28	3.11	0.198	-55.06	23.18	3.51	25.4	-0.26	-0.14	-0.45	0.18
U1429A	5H	6	21	42.61	45.4	45.4	-1.99	1.20	-0.26	3.12	0.204	-55.73	23.58	3.51	25.0	-0.05	0.21	-0.24	0.39
U1429A	5H	6	26	42.66	45.45	45.45	-1.43	0.82	0.01	3.09	0.180	-52.90	23.88	3.50	25.1	-0.02	0.13	-0.16	0.40
U1429A	5H	6	31	42.71	45.5	45.5	-1.72	1.08	0.05	3.06	0.156	-50.06	23.78	3.59	25.5	-0.08	0.04	-0.19	0.32
U1429A	5H	6	36	42.76	45.55	45.55	-1.90	1.20	-0.16	3.03	0.131	-47.22	23.71	3.68	25.7	-0.07	0.05	-0.19	0.31
U1429A	5H	6	41	42.81	45.6	45.6	-1.93	1.19	-0.12	3.01	0.113	-45.09	23.76	3.77	25.7	0.01	0.15	-0.12	0.37
U1429A	5H	6	46	42.86	45.7	45.65	-1.76	1.17	-0.12	2.99	0.095	-42.95	23.80	3.86	25.8	-0.10	0.05	-0.28	0.25
U1429A	5H	6	56	42.96	45.75	45.75	-2.12	1.12	-0.19	2.96	0.073	-40.40	23.83	3.73	25.6	-0.11	0.03	-0.24	0.21
U1429A	5H	6	61	43.01	45.8	45.8	-1.85	0.97	-0.15	2.95	0.070	-39.99	23.98	3.67	25.1	-0.08	0.05	-0.24	0.24
U1429A	5H	6	71	43.11	45.9	45.9	-1.89	1.06	0.05	2.99	0.099	-43.46	24.22	3.53	24.8	-0.01	0.16	-0.16	0.34
U1429A	5H	6	76	43.16	46	45.95	-1.47	0.99	0.22	3.03	0.133	-47.35	24.31	3.47	24.6	-0.17	-0.01	-0.39	0.21
U1429A	5H	6	86	43.26	46.05	46.05	-1.92	1.04	0.03	3.01	0.117	-45.54	24.43	3.34	24.5	-0.19	-0.06	-0.32	0.17
U1429A	5H	6	91	43.31	46.1	46.1	-1.70	0.88	0.08	2.95	0.069	-39.83	24.58	3.27	24.3	-0.25	-0.11	-0.39	0.07
U1429A	5H	6	101	43.41	46.2	46.2	-1.86	1.16	-0.09	2.87	-0.001	-31.67	24.70	3.14	24.4	-0.31	-0.17	-0.44	-0.06
U1429A	5H	6	106	43.46	46.3	46.25	-2.07	1.16	-0.24	2.84	-0.022	-29.22	24.71	3.20	24.8	-0.29	-0.15	-0.42	-0.06
U1429A	5H	6	116	43.56	46.35	46.35	-1.98	1.00	-0.21	2.86	-0.005	-31.13	24.78	3.33	25.1	-0.30	-0.16	-0.43	-0.05
U1429A	5H	6	121	43.61	46.4	46.4	-2.17	0.98	-0.31	2.91	0.032	-35.50	24.68	3.40	25.4	-0.25	-0.12	-0.37	0.04
U1429A	5H	6	131	43.71	46.5	46.5	-2.01	0.87	-0.19	2.98	0.088	-42.10	24.65	3.53	25.5	-0.20	-0.09	-0.31	0.14
U1429B	6H	2	106	43.46	46.56	46.56	-2.01	0.99	-0.15	3.00	0.111	-44.79	24.69	3.62	25.5	-0.01	0.19	-0.19	0.35
U1429B	6H	2	116	43.56	46.66	46.66	-1.66	1.02	0.06	2.94	0.060	-38.87	24.59	3.78	25.7	0.01	0.16	-0.15	0.32
U1429B	6H	2	121	43.61	46.7	46.71	-2.08	0.86	-0.14	2.86	-0.009	-30.72	24.54	3.82	25.8	0.11	0.28	-0.03	0.35
U1429B	6H	2	131	43.71	46.81	46.81	-1.72	0.86	0.09	2.87	-0.003	-31.45	24.02	3.91	25.8	0.13	0.25	0.01	0.38
U1429B	6H	2	136	43.76	46.86	46.86	-1.83	1.02	0.06	2.96	0.073	-40.34	23.71	3.96	26.0	0.11	0.22	-0.01	0.43
U1429B	6H	2	146	43.86	46.96	46.96	-1.77	0.81	0.10	3.05	0.144	-48.69	23.72	4.05	25.9	0.10	0.20	-0.01	0.49
U1429B	6H	3	1	43.91	47	47.01	-1.74	0.70	0.17	3.04	0.139	-48.15	23.32	3.91	25.0	0.09	0.22	-0.03	0.47
U1429B	6H	3	11	44.01	47.11	47.11	-1.46	0.89	0.42	3.08	0.171	-51.85	23.18	3.64	24.7	0.05	0.19	-0.08	0.46
U1429B	6H	3	16	44.06	47.16	47.16	-1.53	0.97	0.41	3.12	0.207	-56.08	23.25	3.48	23.9	-0.05	0.09	-0.18	0.40
U1429B	6H	3	26	44.16	47.26	47.26	-1.34	0.97	0.52	3.13	0.211	-56.59	22.78	3.15	23.7	-0.11	0.04	-0.24	0.34
U1429B	6H	3	31	44.21	47.3	47.31	-1.54	1.12	0.43	3.09	0.179	-52.86	22.68	3.14	23.9	-0.20	0.02	-0.35	0.22
U1429B	6H	3	41	44.31	47.41	47.41	-1.51	0.85	0.30	3.08	0.171	-51.85	22.54	3.13	24.2	-0.33	-0.16	-0.57	0.08
U1429B	6H	3	46	44.36	47.46	47.46	-1.94	0.87	0.20	3.11	0.194	-54.55	22.49	3.12	23.8	-0.21	0.01	-0.46	0.23
U1429B	6H	3	56	44.46	47.56	47.56	-1.55	0.99	0.42	3.14	0.220	-57.61	22.40	3.11	23.4	-0.03	0.19	-0.21	0.43
U1429B	6H	3	61	44.51	47.6	47.61	-1.10	1.05	0.59	3.14	0.223	-57.96	22.40	3.12	23.4	0.00	0.16	-0.14	0.47
U1429B	6H	3	71	44.61	47.71	47.71	-1.33	0.89	0.71	3.19	0.265	-62.94	22.28	3.15	23.4	0.02	0.16	-0.13	0.52
U1429B	6H	3	76	44.66	47.76	47.76	-1.06	0.77	0.75	3.24	0.304	-67.56	22.24	3.16	23.8	0.05	0.19	-0.11	0.59
U1429B	6H	3	131	45.21	48.31	48.31	-1.40	0.94	0.58	3.14	0.218	-57.39	23.68	3.30	23.9	0.04	0.17	-0.09	0.50
U1429B	6H	3	136	45.26	48.36	48.36	-1.27	1.12	0.65	3.14	0.225	-58.19	23.63	3.31	23.8	0.10	0.27	-0.05	0.57
U1429B	6H	3	146	45.36	48.46	48.46	-1.11	1.08	0.67	3.11	0.200	-55.25	22.14	3.33	23.9	0.05	0.23	-0.14	0.49
U1429B	6H	4	1	45.41	48.5	48.51	-1.48	0.97	0.46	3.08	0.168	-51.53	22.34	3.27	23.7	-0.07	0.07	-0.21	0.34
U1429B	6H	4	11	45.51	48.61	48.61	-1.40	1.04	0.48	3.05	0.146	-48.98	22.80	3.16	23.7	-0.12	0.03	-0.26	0.27
U1429B	6H	4	16	45.56	48.66	48.66	-1.51	1.18	0.40	3.06	0.156	-50.16	23.01	3.10	23.9	-0.39	-0.23	-0.63	0.01
U1429B	6H	4	26	45.66	48.76	48.76	-1.80	1.18	0.12	3.13	0.211	-56.63	23.16	2.98	24.1	-0.46	-0.31	-0.58	0.00
U1429B	6H	4	31	45.71	48.8	48.81	-1.90	1.17	0.11	3.18	0.256	-61.92	23.46	3.02	24.3	-0.41	-0.26	-0.53	0.09
U1429B	6H	4	41	45.81	48.91	48.91	-1.79	1.21	0.11	3.20	0.271	-63.64	23.64	3.09	24.3	-0.38	-0.25	-0.51	0.12
U1429B	6H	4	46	45.86	48.96	48.96	-1.74	1.24	0.04	3.16	0.241	-60.07	23.64	3.12	24.4	-0.38	-0.22	-0.55	0.10
U1429B	6H	4	56	45.96	49.06	49.06	-2.08	1.44	-0.02	3.09	0.184	-53.41	24.01	3.19	24.4	-0.34	-0.14	-0.51	0.09
U1429B	6H	4	61	46.01	49.1	49.11	-1.68	1.04	0.09	3.06	0.158	-50.32	24.06	3.16	24.2	-0.31	-0.16	-0.45	0.09
U1429B	6H	4	71	46.11	49.21	49.21	-1.71	1.04	0.19	3.06	0.158	-50.32	23.92	3.11	24.1	-0.34	-0.20	-0.47	0.07
U1429B	6H	4	76	46.16	49.26	49.26	-1.82	1.22	0.15	3.09	0.184	-53.41	23.81	3.09	24.3	-0.41	-0.26	-0.54	0.02
U1429B	6H	4	86	46.26	49.36	49.36	-1.78	1.09	0.10	3.18	0.254	-61.60	23.90	3.04	24.4	-0.44	-0.31	-0.60	0.05
U1429B	6H	4	91	46.31	49.4	49.41	-1.93	1.02	0.08	3.23	0.297	-66.70	23.90	3.11	24.6	-0.37	-0.21	-0.54	0.16
U1429B	6H	4	101	46.41	49.51	49.51	-1.61	0.86	0.04	3.28	0.332	-70.77	23.96	3.25	24.8	-0.34	-0.18	-0.50	0.23
U1429B	6H	4	106	46.46	49.56	49.56	-1.93	1.21	0.03	3.27	0.323	-69.75	24.02	3.31	25.0	-0.24	-0.05	-0.41	0.32
U1429B	6H	4	116	46.56	49.66	49.66	-1.55	0.95	0.08	3.26	0.322	-69.60	24.18	3.45	25.1	-0.19	-0.01	-0.34	0.37
U1429B	6H	4	121	46.61	49.7	49.71	-1.84	1.18	0.11	3.27	0.329	-70.46	24.08	3.48	25.2	-0.17	-0.02	-0.33	0.39
U1429B	6H	4	131	46.71	49.81	49.81	-1.50	1.04	0.19	3.29	0.344	-72.18	24.00	3.52	25.3	-0.18	-0.04	-0.34	0.40
U1429B	6H	4	136	46.76	49.86	49.86	-1.86	1.16	0.18	3.23	0.292	-66.06	24.02	3.54	25.4	-0.21	-0.09	-0.34	0.32
U1429B	6H	4	146	46.86	49.96	49.96	-1.90	1.09	0.02	3.16	0.239	-59.87	24.20	3.59	25.2	0.01	0.21	-0.19	0.49
U1429C	8H	1	1	48.81	53.1	53.11	-1.80	0.99	0.08	3.12	0.204	-55.70	24.00	3.70	25.1	0.13	0.36	-0.02	0.58
U1429C	8H	1	16	48.96	53.26	53.26	-1.42	0.94	0.37	3.02	0.127	-46.65	23.99	3.70	25.1	0.08	0.25	-0.06	0.46
U1429C	8H	1	26	49.06	53.36	53.36	-1.58	0.96	0.27	3.05	0.144	-48.66	23.90	3.70	25.2	-0.02	0.13	-0.17	0.37
U1429C	8H	1	31	49.11	53.4	53.41	-1.74	0.89	0.19	3.11	0.199	-55.16	23.90	3.59	24.8	-0.10	0.04	-0.30	0.34
U1429C	8H	1	41	49.21	53.51	53.51	-1.71	0.99	0.22	3.17	0.243	-60.29	23.90	3.37	24.4	-0.02	0.19	-0.19	0.46
U1429C	8H	1	46	49.26	53.56	53.56	-1.31	0.91	0.38	3.15	0.231	-58.92	23.94	3.38	24.5	-0.03	0.17	-0.18	0.44
U1429C	8H	1	56	49.36	53.66	53.66	-1.46	0.85	0.37	3.12	0.208	-56.18	24.08	3.40	24.9	-0.14	0.01	-0.32	0.31
U1429C	8H	1	61	49.41	53.7	53.71	-1.87	0.86	0.11	3.11	0.196	-54.81	24.03	3.47	25.2	-0.12	0.02	-0.33	0.32
U1429C	8H	1	71	49.51	53.81	53.81	-1.89	1.01	-0.03	3.04	0.141	-48.40	23.93	3.60	25.0	0.03	0.24	-0.14	0.41
U1429C	8H	1	76	49.56	53.86	53.86	-1.50	0.97	0.23	2.99	0.099	-43.37	23.86	3.59	24.7	0.09	0.21	-0.02	0.44
U1429C	8H	1	86	49.66	53.96	53.96	-1.60	0.96	0.25	2.97	0.082	-41.46	23.69	3.59	24.6	0.09	0.21	-0.02	0.42
U1429C	8H	1	91	49.71	54	54.01	-1.47	0.88	0.30	3.00	0.109	-44.58	23.64	3.48	24.5	-0.19	-0.04	-0.45	0.16
U1429C	8H	1	101	49.81	54.11	54.11	-1.82	1.06	0.06	3.10	0.185	-53.57	23.66	3.27	24.5	-0.24	-0.12	-0.36	0.19
U1429C	8H	1	106	49.86	54.16	54.16	-1.65	1.06	0.11	3.16	0.235	-59.43	23.71	3.26	24.4	-0.21	-0.08	-0.34	0.26
U1429C	8H	1	116	49.96	54.26	54.26	-1.69	0.91	0.18	3.16	0.238	-59.78	23.83	3.24	24.4	-0.19	-0.06	-0.31	0.29
U1429C	8H	1	121	50.01	54.3	54.31	-1.59	0.86	0.20	3.10	0.191	-54.27	23.98	3.26	24.5	-0.20	-0.08	-0.32	0.24
U1429C	8H	1	131	50.11	54.41	54.41	-1.78	1.03	0.02	3.05	0.147	-49.10	24.04	3.29	24.8	-0.20	-0.07	-0.31	0.19
U1429C	8H	1	136	50.16	54.46	54.46	-1.82	0.98	0.02	3.05	0.150	-49.45	24.01	3.38	25.1	-0.18	-0.04	-0.33	0.21
U1429C	8H	1	146	50.26	54.56	54.56	-1.76	1.08	-0.06	3.08	0.170	-51.75	24.07	3.57	25.3	-0.21	-0.07	-0.39	0.20
U1429C	8H	2	1	50.31	54.6	54.61	-1.98	1.06	-0.14	3.10	0.186	-53.69	23.92	3.45	24.8	-0.29	-0.16	-0.42	0.14
U1429C	8H	2	16	50.46	54.76	54.76	-1.81	1.09	-0.05	3.10	0.189	-53.95	23.71	3.21	25.3	-0.05	0.11	-0.27	0.38
U1429A	7H	1	26	51.86	56.07	56.07	-1.91	0.88	-0.15	2.87	0.001	-31.84	23.03	3.48	25.2	0.15	0.41	0.02	0.41
U1429A	7H	1	41	52.01	56.22	56.22	-1.66	0.80	0.03	2.84	-0.021	-29.31	23.84	3.82	25.2	0.19	0.31	0.08	0.42
U1429A	7H	1	46	52.06	56.3	56.27	-1.64	0.99	-0.01	2.83	-0.028	-28.47	24.02	3.82	25.7	0.03	0.21	-0.16	0.26
U1429A	7H	1	56	52.16	56.37	56.37	-1.90	1.16	-0.20	2.89	0.020	-34.16	24.20	3.83	26.0	-0.07	0.07	-0.23	0.20
U1429A	7H	1	61	52.21	56.4	56.42	-2.13	1.13	-0.32	2.96	0.076	-40.69	24.20	3.83	25.9	-0.09	0.02	-0.21	0.23
U1429A	7H	1	71	52.31	56.52	56.52	-1.95	0.86	-0.33	2.97	0.082	-41.42	24.26	3.84	25.7	-0.09	0.03	-0.19	0.25
U1429A	7H	1	76	52.36	56.6	56.57	-2.00	1.15	-0.27	2.91	0.033	-35.62	24.30	3.68	24.7	-0.09	0.03	-0.21	0.19
U1429A	7H	1	86	52.46	56.67	56.67	-1.76	1.00	-0.11	2.83	-0.031	-28.07	24.31	3.36	24.4	-0.11	0.01	-0.24	0.11
U1429A	7H	1	91	52.51	56.7	56.72	-1.82	1.02	-0.15	2.81	-0.046	-26.32	24.36	3.32	24.5	-0.22	-0.07	-0.36	-0.01
U1429A	7H	1	101	52.61	56.82	56.82	-1.93	1.00	-0.28	2.83	-0.029	-28.39	24.70	3.24	24.6	-0.27	-0.13	-0.39	-0.04
U1429A	7H	1	106	52.66	56.9	56.87	-2.04	1.13	-0.35	2.87	0.004	-32.21	24.85	3.26	24.6	-0.23	-0.09	-0.36	0.03
U1429A	7H	1	116	52.76	56.97	56.97	-1.89	1.01	-0.21	2.94	0.058	-38.59	24.37	3.30	24.6	-0.19	-0.05	-0.31	0.12
U1429A	7H	1	121	52.81	57	57.02	-1.76	1.18	-0.23	2.97	0.080	-41.14	24.22	3.36	25.2	-0.23	-0.11	-0.36	0.10
U1429A	7H	1	131	52.91	57.12	57.12	-2.07	1.08	-0.32	2.99	0.098	-43.34	23.98	3.49	25.4	-0.26	-0.14	-0.38	0.09
U1429A	7H	1	136	52.96	57.2	57.17	-2.05	1.00	-0.33	2.99	0.095	-42.99	23.89	3.51	25.3	-0.15	0.00	-0.28	0.19
U1429A	7H	1	146	53.06	57.27	57.27	-1.82	1.05	-0.22	3.00	0.109	-44.61	23.79	3.55	25.3	-0.09	0.02	-0.20	0.27
U1429A	7H	2	1	53.11	57.3	57.32	-1.82	1.01	-0.19	3.02	0.126	-46.59	23.74	3.65	26.2	-0.15	-0.03	-0.26	0.23
U1429A	7H	2	11	53.21	57.42	57.42	-2.09	1.00	-0.45	3.03	0.134	-47.54	23.70	3.87	26.6	-0.19	-0.08	-0.29	0.19
U1429A	7H	2	16	53.26	57.5	57.47	-2.24	1.01	-0.58	3.02	0.125	-46.52	23.73	3.97	26.8	-0.06	0.08	-0.17	0.31
U1429A	7H	2	26	53.36	57.57	57.57	-2.11	1.03	-0.49	2.98	0.088	-42.09	23.98	4.17	26.9	-0.02	0.08	-0.12	0.31
U1429A	7H	2	31	53.41	57.6	57.62	-2.15	1.04	-0.49	2.94	0.059	-38.68	23.88	4.15	26.6	0.06	0.18	-0.07	0.37
U1429A	7H	2	41	53.51	57.72	57.72	-1.88	0.99	-0.31	2.92	0.042	-36.64	23.80	4.13	26.6	0.04	0.16	-0.09	0.34
U1429A	7H	2	46	53.56	57.8	57.77	-2.11	1.18	-0.49	2.93	0.053	-38.01	23.76	4.14	26.7	0.03	0.13	-0.07	0.33
U1429A	7H	2	56	53.66	57.87	57.87	-2.04	0.97	-0.42	2.98	0.089	-42.19	23.40	4.15	26.8	0.06	0.16	-0.05	0.39
U1429A	7H	2	61	53.71	57.9	57.92	-1.98	1.02	-0.40	3.01	0.112	-44.99	23.40	4.23	27.1	0.04	0.14	-0.05	0.40
U1429A	7H	2	71	53.81	58.02	58.02	-2.15	1.04	-0.54	3.00	0.105	-44.16	23.22	4.39	27.0	0.05	0.14	-0.05	0.40
U1429A	7H	2	76	53.86	58.1	58.07	-2.04	1.12	-0.45	2.96	0.075	-40.53	23.11	4.24	26.4	-0.03	0.16	-0.17	0.29
U1429A	7H	2	86	53.96	58.17	58.17	-1.96	0.97	-0.41	2.98	0.089	-42.28	23.17	3.95	26.2	-0.17	-0.03	-0.35	0.17
U1429A	7H	2	91	54.01	58.2	58.22	-2.16	1.06	-0.52	3.03	0.135	-47.67	23.02	3.75	25.5	-0.19	0.03	-0.46	0.20
U1429A	7H	2	101	54.11	58.32	58.32	-2.02	1.08	-0.35	3.10	0.188	-53.92	22.90	3.35	25.4	-0.16	0.10	-0.38	0.27
U1429A	7H	2	106	54.16	58.4	58.37	-1.74	1.14	-0.23	3.11	0.196	-54.78	22.89	3.62	25.8	0.06	0.29	-0.19	0.49
U1429A	7H	2	116	54.26	58.47	58.47	-1.54	0.89	0.01	3.11	0.193	-54.43	22.79	4.17	25.9	0.09	0.30	-0.12	0.52
U1429A	7H	2	121	54.31	58.5	58.52	-1.79	0.99	-0.06	3.09	0.182	-53.22	22.74	3.90	25.2	-0.14	0.01	-0.38	0.28
U1429A	7H	2	131	54.41	58.62	58.62	-1.71	0.97	-0.18	3.12	0.203	-55.67	22.70	3.35	25.0	-0.22	-0.10	-0.37	0.22
U1429A	7H	2	136	54.46	58.7	58.67	-1.86	0.97	-0.23	3.16	0.234	-59.33	22.76	3.38	25.2	-0.20	-0.05	-0.37	0.27
U1429A	7H	2	146	54.56	58.77	58.77	-1.83	0.98	-0.22	3.15	0.227	-58.41	23.33	3.44	25.5	-0.14	0.04	-0.29	0.33
U1429A	7H	3	1	54.61	58.8	58.82	-1.79	1.04	-0.19	3.10	0.188	-53.82	23.48	3.80	25.7	-0.16	-0.02	-0.32	0.27
U1429A	7H	3	11	54.71	58.92	58.92	-2.09	1.01	-0.41	2.99	0.102	-43.75	23.60	3.61	25.7	-0.16	-0.03	-0.32	0.19
U1429A	7H	3	16	54.76	59	58.97	-2.02	0.87	-0.44	2.94	0.055	-38.27	23.57	3.68	25.7	-0.03	0.14	-0.23	0.27
U1429A	7H	3	26	54.86	59.07	59.07	-1.96	0.93	-0.37	2.87	0.004	-32.21	23.32	3.83	25.7	0.05	0.22	-0.12	0.30
U1429A	7H	3	31	54.91	59.1	59.12	-1.71	0.76	-0.38	2.87	-0.001	-31.64	23.42	3.86	26.1	-0.08	0.07	-0.31	0.17
U1429A	7H	3	41	55.01	59.22	59.22	-2.18	0.91	-0.48	2.85	-0.012	-30.33	23.32	3.91	26.4	-0.15	-0.03	-0.30	0.09
U1429A	7H	3	46	55.06	59.3	59.27	-2.33	0.92	-0.58	2.85	-0.018	-29.60	23.20	3.88	26.2	-0.17	-0.05	-0.30	0.06
U1429A	7H	3	56	55.16	59.37	59.37	-2.11	0.86	-0.64	2.88	0.012	-33.20	23.18	3.82	26.1	-0.20	-0.07	-0.31	0.07
U1429A	7H	3	61	55.21	59.42	59.42	-2.25	1.03	-0.64	2.93	0.049	-37.54	23.08	3.76	25.8	-0.20	-0.07	-0.32	0.10
U1429A	7H	3	71	55.31	59.52	59.52	-2.08	0.77	-0.45	2.98	0.092	-42.57	22.94	3.62	25.7	-0.17	-0.05	-0.30	0.17
U1429A	7H	3	76	55.36	59.6	59.57	-1.94	0.79	-0.41	2.99	0.098	-43.27	22.90	3.67	25.8	-0.15	-0.03	-0.26	0.19
U1429A	7H	3	86	55.46	59.67	59.67	-2.10	0.77	-0.48	2.96	0.071	-40.15	22.92	3.75	25.7	-0.14	-0.02	-0.26	0.18
U1429A	7H	3	91	55.51	59.72	59.72	-2.02	0.86	-0.44	2.92	0.039	-36.33	23.02	3.69	25.4	-0.11	0.01	-0.24	0.18
U1429A	7H	3	101	55.61	59.82	59.82	-1.98	0.64	-0.35	2.87	-0.001	-31.61	23.10	3.56	25.2	-0.07	0.06	-0.18	0.18
U1429A	7H	3	106	55.66	59.9	59.87	-1.84	0.69	-0.30	2.86	-0.009	-30.72	23.09	3.59	25.4	-0.06	0.06	-0.17	0.19
U1429A	7H	3	116	55.76	59.97	59.97	-1.93	0.73	-0.27	2.87	0.000	-31.77	22.99	3.67	25.4	-0.06	0.05	-0.16	0.20
U1429A	7H	3	121	55.81	60.02	60.02	-1.90	0.70	-0.28	2.89	0.017	-33.71	22.94	3.69	25.4	-0.07	0.05	-0.19	0.20
U1429A	7H	3	131	55.91	60.12	60.12	-1.92	0.58	-0.30	2.96	0.071	-40.15	22.54	3.75	25.2	-0.08	0.05	-0.22	0.24
U1429A	7H	3	136	55.96	60.2	60.17	-1.92	0.75	-0.27	3.00	0.110	-44.64	22.25	3.60	24.4	-0.07	0.08	-0.29	0.29
U1429A	7H	3	146	56.06	60.27	60.27	-1.58	0.86	-0.10	3.07	0.160	-50.63	21.79	3.29	24.1	-0.06	0.10	-0.31	0.34
U1429A	7H	4	1	56.11	60.32	60.32	-1.11	0.70	-0.01	3.08	0.173	-52.13	21.74	3.27	24.0	-0.06	0.13	-0.32	0.36
U1429A	7H	4	11	56.21	60.42	60.42	-1.69	0.75	0.17	3.10	0.186	-53.66	21.76	3.24	23.7	0.02	0.23	-0.19	0.45
U1429A	7H	4	26	56.36	60.57	60.57	-1.24	0.65	0.50	3.12	0.206	-55.99	21.63	3.18	23.5	0.05	0.23	-0.16	0.50
U1429A	7H	4	31	56.41	60.62	60.62	-0.95	0.66	0.61	3.15	0.225	-58.25	21.78	3.21	23.7	0.02	0.18	-0.17	0.49
U1429A	7H	4	41	56.51	60.72	60.72	-1.36	0.80	0.46	3.19	0.264	-62.78	21.90	3.27	23.9	-0.02	0.10	-0.19	0.48
U1429A	7H	4	46	56.56	60.8	60.77	-1.44	0.80	0.26	3.22	0.283	-65.04	21.96	3.31	24.4	-0.06	0.06	-0.18	0.46
U1429A	7H	4	56	56.66	60.87	60.87	-1.54	0.64	0.12	3.19	0.264	-62.84	22.50	3.39	24.5	-0.03	0.10	-0.15	0.47
U1429A	7H	4	61	56.71	60.92	60.92	-1.45	0.89	0.16	3.15	0.226	-58.38	22.50	3.40	24.6	-0.06	0.08	-0.18	0.41
U1429A	7H	4	71	56.81	61.02	61.02	-1.67	0.86	0.02	3.12	0.205	-55.83	22.62	3.43	24.5	-0.03	0.11	-0.16	0.42
U1429A	7H	4	76	56.86	61.1	61.07	-1.44	0.76	0.17	3.14	0.221	-57.74	22.74	3.44	24.5	0.01	0.14	-0.11	0.47
U1429A	7H	4	86	56.96	61.17	61.17	-1.46	0.83	0.21	3.08	0.173	-52.10	23.10	3.47	24.5	-0.04	0.09	-0.17	0.38
U1429A	7H	4	91	57.01	61.22	61.22	-1.68	0.85	0.01	3.00	0.109	-44.55	23.10	3.40	24.7	-0.17	-0.03	-0.31	0.19
U1429A	7H	4	101	57.11	61.32	61.32	-1.87	0.88	-0.17	2.94	0.061	-38.97	23.16	3.27	24.9	-0.16	-0.03	-0.29	0.15
U1429A	7H	4	106	57.16	61.4	61.37	-1.83	0.87	-0.13	2.96	0.078	-40.95	23.20	3.49	25.4	0.12	0.33	-0.02	0.44
U1429A	7H	4	116	57.26	61.47	61.47	-1.66	0.92	0.05	2.99	0.097	-43.11	23.24	3.92	25.3	0.16	0.27	0.05	0.50
U1429A	7H	4	121	57.31	61.52	61.52	-1.57	0.88	0.14	2.99	0.098	-43.30	23.44	3.77	24.7	0.06	0.20	-0.07	0.41
U1429A	7H	4	131	57.41	61.62	61.62	-1.48	0.76	0.20	3.03	0.128	-46.81	23.66	3.48	24.7	-0.01	0.12	-0.12	0.37
U1429A	7H	4	136	57.46	61.7	61.67	-1.65	0.74	0.13	3.06	0.156	-50.12	23.71	3.50	24.8	0.03	0.15	-0.10	0.43
U1429A	7H	4	146	57.56	61.77	61.77	-1.42	0.73	0.30	3.15	0.232	-59.05	23.82	3.55	24.9	0.04	0.16	-0.07	0.51
U1429A	7H	5	1	57.61	61.82	61.82	-1.52	0.71	0.24	3.21	0.280	-64.66	23.92	3.60	25.1	0.02	0.13	-0.10	0.53
U1429A	7H	5	11	57.71	61.92	61.92	-1.66	0.77	0.12	3.15	0.231	-58.98	23.82	3.69	24.7	0.05	0.17	-0.08	0.52
U1429A	7H	5	16	57.76	62	61.97	-1.45	0.64	0.29	3.04	0.136	-47.70	23.71	3.50	23.7	0.04	0.17	-0.09	0.43
U1429A	7H	5	26	57.86	62.07	62.07	-1.40	0.79	0.40	2.95	0.065	-39.35	23.81	3.14	23.6	0.08	0.21	-0.04	0.39
U1429A	7H	5	31	57.91	62.12	62.12	-1.29	0.73	0.48	2.98	0.089	-42.28	23.86	3.21	24.0	0.14	0.27	0.01	0.48
U1429A	7H	5	41	58.01	62.22	62.22	-1.43	0.80	0.37	2.92	0.039	-36.33	23.84	3.37	24.4	0.19	0.34	0.06	0.48
U1429A	7H	5	46	58.06	62.3	62.27	-1.50	0.89	0.28	2.82	-0.037	-27.43	23.81	3.63	25.6	0.30	0.44	0.18	0.52
U1429A	7H	5	56	58.16	62.37	62.37	-1.73	0.87	0.17	2.76	-0.088	-21.41	23.92	4.17	25.8	0.34	0.45	0.24	0.51
U1429A	7H	5	61	58.21	62.42	62.42	-1.66	0.78	0.16	2.79	-0.064	-24.28	24.02	4.15	25.6	0.33	0.46	0.22	0.52
U1429A	7H	5	71	58.31	62.52	62.52	-1.59	0.75	0.19	2.83	-0.029	-28.33	24.16	4.11	25.4	0.27	0.43	0.13	0.49
U1429A	7H	5	76	58.36	62.6	62.57	-1.63	0.69	0.20	2.84	-0.019	-29.51	24.20	3.86	24.8	0.09	0.24	-0.10	0.33
U1429A	7H	5	86	58.46	62.67	62.67	-1.62	0.75	0.19	2.86	-0.007	-30.94	24.21	3.38	24.6	0.03	0.15	-0.10	0.28
U1429A	7H	5	91	58.51	62.72	62.72	-1.70	0.81	0.16	2.86	-0.005	-31.19	24.26	3.49	24.8	0.13	0.29	-0.02	0.38
U1429A	7H	5	101	58.61	62.82	62.82	-1.67	0.66	0.24	2.87	0.000	-31.74	24.18	3.71	24.9	0.22	0.36	0.07	0.47
U1429A	7H	5	106	58.66	62.9	62.87	-1.46	0.77	0.34	2.87	0.002	-32.02	24.14	3.75	24.8	0.29	0.42	0.17	0.54
U1429A	7H	5	116	58.76	62.97	62.97	-1.48	0.73	0.34	2.81	-0.049	-25.97	24.48	3.82	24.7	0.29	0.42	0.18	0.50
U1429A	7H	5	121	58.81	63.02	63.02	-1.53	0.72	0.30	2.74	-0.103	-19.63	24.38	3.70	24.4	0.18	0.32	0.04	0.34
U1429A	7H	5	131	58.91	63.12	63.12	-1.62	0.64	0.23	2.69	-0.147	-14.43	24.42	3.47	24.2	0.13	0.25	0.02	0.25
U1429A	7H	5	136	58.96	63.2	63.17	-1.65	0.74	0.22	2.70	-0.138	-15.58	24.50	3.45	24.1	0.18	0.31	0.04	0.30
U1429A	7H	5	146	59.06	63.27	63.27	-1.58	0.75	0.28	2.66	-0.170	-11.82	24.50	3.41	23.9	0.24	0.38	0.12	0.33
U1429A	7H	6	1	59.11	63.32	63.32	-1.47	0.57	0.37	2.61	-0.211	-6.91	24.50	3.49	24.6	0.20	0.33	0.08	0.26
U1429A	7H	6	11	59.21	63.42	63.42	-1.74	0.86	0.18	2.64	-0.184	-10.07	24.68	3.66	24.8	0.19	0.30	0.08	0.27
U1429A	7H	6	16	59.26	63.5	63.47	-1.67	0.80	0.16	2.73	-0.116	-18.13	24.82	3.70	25.1	0.13	0.28	0.01	0.28
U1429A	7H	6	26	59.36	63.57	63.57	-1.75	0.55	0.09	2.76	-0.085	-21.76	25.03	3.78	25.2	0.05	0.19	-0.10	0.22
U1429A	7H	6	31	59.41	63.62	63.62	-1.99	0.84	-0.07	2.72	-0.123	-17.33	25.18	3.67	24.9	-0.01	0.14	-0.19	0.13
U1429A	7H	6	41	59.51	63.72	63.72	-2.02	0.63	-0.07	2.64	-0.184	-10.13	25.30	3.46	24.7	0.08	0.28	-0.08	0.16
U1429A	7H	6	46	59.56	63.8	63.77	-1.74	0.74	0.08	2.61	-0.207	-7.36	25.29	3.61	26.0	0.11	0.23	-0.02	0.17
U1429A	7H	6	56	59.66	63.87	63.87	-2.27	0.97	-0.27	2.56	-0.247	-2.74	25.21	4.12	26.1	0.11	0.23	0.01	0.14
U1429A	7H	6	61	59.71	63.92	63.92	-2.08	0.93	-0.25	2.55	-0.262	-0.89	25.26	4.01	25.6	0.15	0.26	0.04	0.16
U1429A	7H	6	71	59.81	64.02	64.02	-2.00	0.65	-0.13	2.50	-0.299	3.38	25.30	3.79	25.7	0.17	0.28	0.06	0.15
U1429A	7H	6	76	59.86	64.1	64.07	-2.07	0.75	-0.18	2.48	-0.319	5.80	25.32	3.98	26.4	0.25	0.37	0.13	0.20
U1429A	7H	6	86	59.96	64.17	64.17	-2.09	0.83	-0.36	2.44	-0.347	9.12	25.50	4.34	26.7	0.26	0.36	0.13	0.19
U1429A	7H	6	88	59.98	64.19	64.19	-2.29	0.87	-0.39	2.44	-0.351	9.48	25.50	4.39	27.0	0.28	0.48	0.10	0.20
U1429A	7H	6	101	60.11	64.32	64.32	-2.12	0.85	-0.30	2.42	-0.368	11.51	25.26	4.68	27.3	0.21	0.38	-0.04	0.12
U1429A	7H	6	106	60.16	64.4	64.37	-2.62	0.96	-0.46	2.41	-0.373	12.11	25.12	4.58	27.1	0.20	0.34	0.05	0.10
U1429A	7H	6	116	60.26	64.47	64.47	-2.32	0.68	-0.57	2.34	-0.427	18.52	25.30	4.39	27.0	0.18	0.29	0.06	0.03
U1429A	7H	6	121	60.31	64.52	64.52	-2.55	0.84	-0.57	2.28	-0.477	24.32	25.30	4.42	27.0	0.22	0.34	0.11	0.03
U1429A	7H	6	128	60.38	64.59	64.59	-2.41	0.79	-0.57	2.22	-0.525	30.02	25.30	4.47	27.1	0.23	0.33	0.13	-0.01
U1429A	7H	6	136	60.46	64.67	64.67	-2.51	0.87	-0.62	2.23	-0.522	29.61	25.28	4.52	27.5	0.27	0.38	0.18	0.04
U1429B	8H	2	146	60.36	64.8	64.8	-2.45	0.93	-0.58	2.28	-0.474	24.04	25.10	4.61	27.7	0.30	0.40	0.20	0.11
U1429B	8H	3	1	60.41	64.9	64.85	-2.51	0.73	-0.63	2.32	-0.446	20.72	25.10	4.92	26.8	-0.15	0.13	-0.59	-0.31
U1429B	8H	3	11	60.51	64.95	64.95	-2.82	0.87	-0.83	2.40	-0.382	13.23	25.16	3.73	26.7	-0.11	0.18	-0.26	-0.22
U1429B	8H	3	16	60.56	65	65	-2.52	0.82	-0.71	2.44	-0.347	9.06	25.19	4.15	27.1	0.10	0.25	-0.01	0.03
U1429B	8H	3	26	60.66	65.1	65.1	-2.41	0.64	-0.60	2.42	-0.364	11.09	25.08	4.37	27.7	0.15	0.25	0.06	0.06
U1429B	8H	3	31	60.71	65.2	65.15	-2.66	0.86	-0.74	2.36	-0.417	17.31	24.98	4.77	27.7	0.13	0.22	0.03	-0.01
U1429B	8H	3	41	60.81	65.25	65.25	-2.49	0.86	-0.64	2.44	-0.347	9.12	25.08	4.54	27.7	0.11	0.21	0.02	0.03
U1429B	8H	3	46	60.86	65.3	65.3	-2.52	0.91	-0.65	2.59	-0.225	-5.29	25.17	4.65	28.0	0.09	0.19	-0.01	0.13
U1429B	8H	3	56	60.96	65.4	65.4	-2.57	0.52	-0.72	2.59	-0.228	-4.90	24.91	4.67	28.1	0.10	0.21	0.00	0.14
U1429B	8H	3	61	61.01	65.5	65.45	-2.63	0.76	-0.75	2.43	-0.354	9.88	24.96	4.79	26.9	0.05	0.21	-0.11	-0.03
U1429B	8H	3	71	61.11	65.55	65.55	-2.58	0.78	-0.69	2.42	-0.368	11.51	25.12	4.11	26.7	0.10	0.30	-0.04	0.01
U1429B	8H	3	76	61.16	65.6	65.6	-2.18	0.24	-0.47	2.55	-0.256	-1.65	25.19	4.27	28.0	0.01	0.14	-0.15	0.02
U1429B	8H	3	86	61.26	65.7	65.7	-2.68	0.70	-0.73	2.67	-0.165	-12.36	25.11	4.61	28.2	0.00	0.12	-0.12	0.10
U1429B	8H	3	91	61.31	65.8	65.75	-2.57	0.74	-0.74	2.64	-0.186	-9.91	25.16	4.74	27.9	0.10	0.24	-0.02	0.18
U1429B	8H	3	101	61.41	65.85	65.85	-2.38	0.58	-0.56	2.53	-0.273	0.36	25.26	4.61	28.0	0.08	0.20	-0.06	0.08
U1429B	8H	3	106	61.46	65.9	65.9	-2.76	0.95	-0.86	2.45	-0.339	8.16	25.27	4.70	28.0	0.07	0.21	-0.06	0.00
U1429B	8H	3	116	61.56	66	66	-2.50	0.60	-0.76	2.52	-0.283	1.53	25.01	4.71	27.9	0.00	0.13	-0.16	-0.01
U1429B	8H	3	121	61.61	66.1	66.05	-2.63	0.78	-0.76	2.67	-0.160	-12.90	25.06	4.54	27.6	-0.01	0.11	-0.22	0.09
U1429B	8H	3	131	61.71	66.15	66.15	-2.41	0.50	-0.62	2.70	-0.138	-15.55	24.92	4.25	27.7	0.14	0.36	0.01	0.27
U1429B	8H	3	136	61.76	66.2	66.2	-2.40	0.74	-0.61	2.58	-0.238	-3.76	24.79	4.83	27.4	-0.10	0.03	-0.39	-0.07
U1429B	8H	3	146	61.86	66.3	66.3	-2.34	0.44	-0.61	2.80	-0.058	-24.88	24.68	3.97	28.4	-0.14	-0.04	-0.24	0.06
U1429B	8H	4	1	61.91	66.4	66.35	-2.49	0.60	-0.62	3.14	0.221	-57.80	24.58	4.76	28.4	-0.20	-0.08	-0.32	0.26
U1429B	8H	4	11	62.01	66.45	66.45	-2.10	0.41	-0.45	3.51	0.520	-92.92	24.56	4.41	29.1	-0.27	-0.16	-0.39	0.47
U1429B	8H	4	16	62.06	66.5	66.5	-2.52	0.84	-0.76	3.53	0.539	-95.12	24.63	4.82	28.5	-0.35	-0.19	-0.55	0.41
U1429B	8H	4	26	62.16	66.6	66.6	-2.42	0.43	-0.66	3.50	0.512	-92.00	24.83	4.21	28.4	-0.20	0.07	-0.35	0.54
U1429B	8H	4	31	62.21	66.7	66.65	-2.27	0.47	-0.49	3.44	0.467	-86.68	24.48	4.74	27.6	-0.06	0.08	-0.38	0.63
U1429B	8H	4	41	62.31	66.75	66.75	-1.96	0.48	-0.23	3.42	0.449	-84.57	24.08	4.33	27.3	0.03	0.21	-0.25	0.71
U1429B	8H	4	46	62.36	66.8	66.8	-1.49	0.31	-0.07	3.45	0.476	-87.79	23.96	4.52	27.6	-0.07	0.24	-0.39	0.63
U1429B	8H	4	56	62.46	66.9	66.9	-1.96	0.27	-0.19	3.53	0.539	-95.22	23.57	4.50	27.8	-0.19	0.06	-0.48	0.57
U1429B	8H	4	61	62.51	67	66.95	-2.20	0.43	-0.37	3.58	0.575	-99.42	23.42	4.06	27.8	-0.16	0.10	-0.64	0.64
U1429B	8H	4	71	62.61	67.05	67.05	-1.60	0.53	-0.17	3.61	0.600	-102.32	23.00	5.08	26.8	-0.15	0.07	-0.63	0.67
U1429B	8H	4	76	62.66	67.1	67.1	-1.80	0.68	-0.03	3.59	0.589	-101.02	22.83	3.76	26.0	-0.21	-0.03	-0.44	0.60
U1429B	8H	4	86	62.76	67.2	67.2	-1.27	0.44	0.22	3.60	0.597	-101.94	23.10	3.46	25.7	-0.26	-0.07	-0.47	0.56
U1429B	8H	4	91	62.81	67.3	67.25	-1.84	0.39	0.14	3.63	0.616	-104.17	23.10	3.75	25.2	-0.34	-0.07	-0.64	0.50
U1429B	8H	4	101	62.91	67.35	67.35	-1.82	0.44	-0.10	3.60	0.596	-101.93	23.40	3.19	24.9	-0.19	0.22	-0.42	0.63
U1429B	8H	4	106	62.96	67.4	67.4	-1.25	0.37	0.10	3.56	0.558	-97.46	23.55	3.39	25.3	-0.03	0.20	-0.24	0.75
U1429B	8H	4	116	63.06	67.5	67.5	-1.33	0.45	0.30	3.46	0.483	-88.53	23.09	3.96	25.4	-0.03	0.16	-0.25	0.68
U1429B	8H	4	121	63.11	67.6	67.55	-1.47	0.31	0.20	3.47	0.488	-89.15	23.04	3.57	25.6	-0.20	-0.03	-0.42	0.52
U1429B	8H	4	131	63.21	67.65	67.65	-1.61	0.65	-0.14	3.51	0.518	-92.67	22.94	3.55	26.0	-0.27	-0.12	-0.48	0.47
U1429B	8H	4	136	63.26	67.7	67.7	-2.33	0.46	-0.37	3.54	0.542	-95.57	22.90	4.33	25.5	-0.04	0.27	-0.59	0.72
U1429B	8H	4	146	63.36	67.8	67.8	-0.80	0.11	0.05	3.56	0.559	-97.58	22.91	4.04	25.2	0.07	0.31	-0.36	0.86
U1429B	8H	5	1	63.41	67.9	67.85	-1.44	0.33	0.33	3.55	0.552	-96.68	22.96	3.66	24.0	0.16	0.43	-0.11	0.93
U1429B	8H	5	11	63.51	67.95	67.95	-0.56	0.39	0.75	3.52	0.533	-94.52	22.88	3.32	23.7	0.18	0.44	-0.03	0.94
U1429B	8H	5	16	63.56	68	68	-1.09	0.29	0.78	3.51	0.523	-93.24	22.77	3.24	23.9	0.14	0.37	-0.10	0.89
U1429B	8H	5	26	63.66	68.1	68.1	-0.89	0.20	0.67	3.47	0.488	-89.16	22.51	3.72	24.0	0.09	0.28	-0.15	0.81
U1429B	8H	5	31	63.71	68.2	68.15	-0.98	0.34	0.61	3.44	0.464	-86.36	22.56	3.19	24.0	0.03	0.22	-0.20	0.72
U1429B	8H	5	41	63.81	68.25	68.25	-1.29	0.42	0.61	3.43	0.454	-85.12	22.66	3.19	24.1	0.03	0.21	-0.17	0.71
U1429B	8H	5	46	63.86	68.3	68.3	-1.14	0.03	0.62	3.44	0.467	-86.68	22.70	3.40	24.0	0.11	0.29	-0.06	0.80
U1429B	8H	5	56	63.96	68.4	68.4	-0.80	0.40	0.64	3.45	0.472	-87.28	22.69	3.35	24.1	0.14	0.29	-0.01	0.84
U1429B	8H	5	61	64.01	68.5	68.45	-1.16	0.47	0.64	3.44	0.464	-86.33	22.64	3.51	23.6	0.11	0.33	-0.07	0.80
U1429B	8H	5	86	64.26	68.7	68.7	-0.54	0.07	0.74	3.58	0.576	-99.49	22.30	3.21	23.4	0.08	0.31	-0.14	0.87
U1429B	8H	5	91	64.31	68.8	68.75	-0.94	0.23	0.70	3.66	0.641	-107.20	22.30	3.15	23.7	0.02	0.44	-0.20	0.88
U1429B	8H	5	101	64.41	68.85	68.85	-0.77	0.29	0.29	3.66	0.646	-107.71	22.12	3.31	24.0	-0.01	0.46	-0.21	0.86
U1429B	8H	5	106	64.46	68.9	68.9	-1.82	0.72	0.08	3.59	0.584	-100.51	22.00	3.42	23.7	0.05	0.50	-0.12	0.86
U1429B	8H	5	116	64.56	69	69	-0.91	0.18	0.34	3.55	0.557	-97.29	22.00	3.10	23.6	0.10	0.31	-0.06	0.88
U1429B	8H	5	121	64.61	69.1	69.05	-0.77	0.31	0.58	3.60	0.591	-101.27	22.00	3.37	23.5	0.14	0.30	-0.02	0.95
U1429B	8H	5	131	64.71	69.15	69.15	-0.58	0.20	0.89	3.60	0.595	-101.78	21.94	3.21	23.5	0.13	0.28	-0.02	0.95
U1429B	8H	5	136	64.76	69.2	69.2	-0.98	0.04	0.86	3.56	0.566	-98.31	21.88	3.32	23.3	0.11	0.24	-0.02	0.90
U1429B	8H	5	146	64.86	69.3	69.3	-0.73	0.10	0.81	3.55	0.552	-96.65	21.67	3.06	23.5	0.09	0.27	-0.04	0.87
U1429B	8H	6	11	65.01	69.45	69.45	-0.77	0.30	0.70	3.58	0.576	-99.55	21.34	3.23	23.7	0.09	0.35	-0.04	0.88
U1429B	8H	6	16	65.06	69.5	69.5	-0.86	0.34	0.66	3.57	0.570	-98.82	21.32	3.29	24.3	-0.09	0.13	-0.36	0.70
U1429B	8H	6	26	65.16	69.6	69.6	-1.47	0.35	0.55	3.61	0.605	-102.93	21.54	3.31	24.6	-0.17	-0.01	-0.49	0.65
U1429B	8H	6	31	65.21	69.7	69.65	-1.31	0.34	0.49	3.66	0.646	-107.77	21.74	3.37	24.5	-0.09	0.11	-0.39	0.78
U1429B	8H	6	41	65.31	69.75	69.75	-0.73	0.18	0.44	3.71	0.684	-112.25	21.24	3.48	24.4	-0.05	0.12	-0.33	0.84
U1429B	8H	6	46	65.36	69.8	69.8	-1.21	0.38	0.44	3.71	0.681	-111.88	20.82	3.37	24.0	-0.04	0.12	-0.23	0.85
U1429C	10H	2	31	64.81	69.95	69.95	-0.93	0.27	0.53	3.69	0.672	-110.79	21.12	3.20	23.6	0.00	0.16	-0.13	0.89
U1429C	10H	2	46	64.96	70.1	70.1	-0.78	0.44	0.62	3.67	0.650	-108.22	21.42	3.13	23.9	-0.03	0.66	-0.20	0.83
U1429C	10H	2	61	65.11	70.25	70.25	-0.85	0.22	0.25	3.64	0.624	-105.21	21.30	3.23	24.5	-0.10	0.56	-0.31	0.74
U1429C	10H	2	66	65.16	70.3	70.3	-2.16	0.47	0.22	3.63	0.616	-104.20	21.13	3.30	24.8	-0.11	0.53	-0.28	0.73
U1429C	10H	2	76	65.26	70.4	70.4	-1.15	0.18	0.23	3.65	0.634	-106.37	21.40	3.42	25.3	-0.11	0.12	-0.25	0.74
U1429C	10H	2	91	65.41	70.55	70.55	-1.35	0.29	0.06	3.53	0.537	-94.96	21.64	3.60	26.0	-0.22	-0.06	-0.42	0.54
U1429C	10H	2	101	65.51	70.65	70.65	-1.57	0.37	-0.12	3.73	0.699	-114.05	21.20	3.71	26.5	-0.29	-0.16	-0.47	0.62
U1429C	10H	2	106	65.56	70.7	70.7	-1.68	0.40	-0.26	3.99	0.915	-139.39	21.02	3.86	26.8	-0.33	-0.17	-0.97	0.79
U1429C	10H	2	116	65.66	70.8	70.8	-2.12	0.66	-0.58	3.80	0.754	-120.46	22.83	4.16	25.8	-0.03	0.40	-0.50	0.93
U1429C	10H	2	121	65.71	70.85	70.85	-0.77	0.27	-0.10	3.75	0.719	-116.35	21.98	3.97	25.2	-0.08	0.12	-0.50	0.85
U1429C	10H	2	131	65.81	70.95	70.95	-1.21	0.47	0.35	3.75	0.719	-116.31	21.60	3.58	25.0	-0.13	0.01	-0.28	0.80
U1429C	10H	2	136	65.86	71	71	-1.26	0.38	0.28	3.80	0.753	-120.39	21.60	3.39	23.4	-0.07	0.09	-0.22	0.89
U1429C	10H	2	146	65.96	71.1	71.1	-0.56	0.36	0.62	3.85	0.797	-125.49	19.81	3.01	23.1	-0.03	0.12	-0.18	0.97
U1429C	10H	3	1	66.01	71.15	71.15	-0.76	0.28	0.76	3.86	0.805	-126.51	19.86	3.05	23.2	0.07	0.24	-0.08	1.08
U1429C	10H	3	11	66.11	71.25	71.25	-0.50	0.33	0.84	3.90	0.836	-130.16	20.02	3.15	23.3	0.13	0.28	0.01	1.17
U1429C	10H	3	16	66.16	71.3	71.3	-0.50	0.50	0.83	3.93	0.859	-132.79	20.08	3.20	23.6	0.22	0.37	0.07	1.28
U1429C	10H	3	26	66.26	71.4	71.4	-0.63	0.30	0.90	3.82	0.770	-122.40	19.91	3.69	23.2	0.23	0.38	0.10	1.21
U1429C	10H	3	31	66.31	71.45	71.45	-0.31	0.17	0.99	3.81	0.765	-121.76	19.96	2.96	24.0	0.11	0.25	-0.02	1.09
U1429C	10H	3	41	66.41	71.55	71.55	-0.79	0.41	0.48	3.80	0.759	-121.06	20.42	3.33	24.9	0.08	0.20	-0.03	1.04
U1429C	10H	3	46	66.46	71.6	71.6	-1.27	0.40	0.36	3.80	0.759	-121.00	20.63	4.14	23.6	0.03	0.25	-0.16	1.00
U1429C	10H	3	56	66.56	71.7	71.7	-0.91	0.32	0.40	3.79	0.745	-119.44	20.00	3.03	23.4	0.08	0.36	-0.12	1.04
U1429C	10H	3	61	66.61	71.75	71.75	-0.49	0.26	0.54	3.77	0.733	-117.94	20.00	3.24	24.2	-0.10	0.08	-0.41	0.84
U1429C	10H	3	76	66.76	71.9	71.9	-1.12	0.56	0.20	3.93	0.861	-133.08	20.71	3.31	24.3	-0.07	0.11	-0.26	0.99
U1429C	10H	3	86	66.86	72	72	-0.77	0.36	0.44	3.91	0.847	-131.39	19.88	3.45	24.2	-0.07	0.09	-0.23	0.99
U1429C	10H	3	91	66.91	72.05	72.05	-0.96	0.39	0.42	3.89	0.833	-129.79	19.78	3.23	24.3	-0.14	-0.01	-0.29	0.90
U1429C	10H	3	101	67.01	72.15	72.15	-0.96	0.40	0.27	3.86	0.806	-126.61	19.82	3.23	24.6	-0.17	-0.04	-0.30	0.84
U1429C	10H	3	106	67.06	72.2	72.2	-1.36	0.29	0.16	3.84	0.793	-125.01	19.89	3.56	23.7	-0.15	0.00	-0.33	0.85
U1429C	10H	3	116	67.16	72.3	72.3	-0.94	0.23	0.28	3.83	0.783	-123.93	19.79	3.03	23.4	-0.10	0.07	-0.29	0.89
U1429C	10H	3	121	67.21	72.35	72.35	-0.65	0.30	0.44	3.84	0.788	-124.44	19.74	3.09	23.6	-0.02	0.12	-0.15	0.97
U1429C	10H	3	146	67.46	72.6	72.6	-0.96	0.52	0.41	3.75	0.715	-115.90	19.82	3.21	23.6	-0.02	0.12	-0.14	0.91
U1429C	10H	4	1	67.51	72.65	72.65	-0.73	0.59	0.45	3.77	0.730	-117.65	19.92	3.14	23.6	0.01	0.14	-0.11	0.95
U1429C	10H	4	11	67.61	72.75	72.75	-0.85	0.34	0.49	3.77	0.737	-118.42	19.88	3.33	23.4	0.01	0.13	-0.12	0.95
U1429C	10H	4	16	67.66	72.8	72.8	-0.67	0.22	0.51	3.76	0.728	-117.43	19.82	2.97	23.5	-0.09	0.06	-0.23	0.85
U1429C	10H	4	31	67.81	72.95	72.95	-0.94	0.44	0.29	3.82	0.773	-122.75	19.94	3.11	23.6	-0.12	0.02	-0.24	0.87
U1429C	10H	4	41	67.91	73.05	73.05	-0.83	0.37	0.22	3.79	0.748	-119.76	19.78	3.08	23.6	-0.11	0.03	-0.23	0.85
U1429C	10H	4	46	67.96	73.1	73.1	-1.00	0.53	0.20	3.72	0.696	-113.61	19.71	3.10	23.4	-0.03	0.12	-0.18	0.87
U1429C	10H	4	61	68.11	73.25	73.25	-0.78	0.36	0.39	3.74	0.706	-114.78	19.74	3.15	23.2	0.03	0.17	-0.10	0.95
U1429C	10H	4	71	68.21	73.35	73.35	-0.70	0.14	0.53	3.79	0.751	-120.14	19.88	3.07	23.2	0.05	0.19	-0.09	1.01
U1429C	10H	4	76	68.26	73.4	73.4	-0.55	0.16	0.58	3.81	0.766	-121.83	19.97	3.15	23.3	0.05	0.19	-0.10	1.02
U1429C	10H	4	86	68.36	73.5	73.5	-0.72	0.32	0.51	3.84	0.791	-124.79	19.72	3.33	23.4	0.02	0.17	-0.12	1.02
U1429C	10H	4	91	68.41	73.55	73.55	-0.64	0.31	0.48	3.85	0.802	-126.07	19.82	2.93	23.4	0.02	0.18	-0.13	1.03
U1429C	10H	4	101	68.51	73.65	73.65	-0.69	0.17	0.42	3.83	0.778	-123.26	19.90	3.35	23.3	0.01	0.16	-0.15	0.99
U1429C	10H	4	106	68.56	73.7	73.7	-0.77	0.14	0.40	3.78	0.743	-119.18	19.89	3.00	23.1	-0.02	0.11	-0.17	0.93
U1429C	10H	4	116	68.66	73.8	73.8	-0.79	0.04	0.37	3.70	0.680	-111.73	19.77	3.03	23.0	-0.01	0.13	-0.14	0.89
U1429C	10H	4	121	68.71	73.85	73.85	-0.72	0.41	0.38	3.67	0.651	-108.35	19.62	2.98	23.1	0.05	0.19	-0.10	0.91
U1429C	10H	4	131	68.81	73.95	73.95	-0.68	0.00	0.41	3.68	0.656	-108.92	19.50	3.20	23.2	0.08	0.23	-0.06	0.95
U1429C	10H	4	136	68.86	74	74	-0.75	0.21	0.44	3.72	0.689	-112.87	19.52	3.06	23.2	0.14	0.31	0.00	1.05
U1429C	10H	4	146	68.96	74.1	74.1	-0.61	0.27	0.54	3.79	0.751	-120.08	19.66	3.39	23.1	0.18	0.31	0.05	1.14
U1429C	10H	5	1	69.01	74.15	74.15	-0.35	0.10	0.51	3.83	0.778	-123.33	19.46	3.00	23.0	0.02	0.23	-0.21	1.01
U1429C	10H	5	16	69.16	74.3	74.3	-0.83	0.35	0.44	3.73	0.698	-113.83	19.21	2.94	23.5	0.07	0.33	-0.19	0.98
U1429C	10H	5	31	69.31	74.45	74.45	-0.45	0.15	0.35	3.84	0.791	-124.86	19.48	3.36	24.0	-0.01	0.19	-0.29	0.99
U1429C	10H	5	41	69.41	74.55	74.55	-1.03	0.40	0.10	3.93	0.867	-133.71	20.08	3.28	24.0	-0.04	0.14	-0.23	1.03
U1429C	10H	5	46	69.46	74.6	74.6	-0.66	0.37	0.20	3.94	0.868	-133.87	20.31	3.24	24.0	0.09	0.27	-0.06	1.16
U1429C	10H	5	61	69.61	74.75	74.75	-0.72	0.42	0.38	3.82	0.772	-122.56	19.68	3.44	23.4	0.07	0.22	-0.08	1.05
U1429C	10H	5	91	69.91	75.05	75.05	-0.47	0.21	0.40	3.82	0.771	-122.47	19.72	3.13	23.3	0.02	0.16	-0.13	1.00
U1429C	10H	5	101	70.01	75.15	75.15	-0.82	0.30	0.29	3.76	0.725	-117.02	19.40	3.15	23.5	0.00	0.12	-0.14	0.93
U1429C	10H	5	106	70.06	75.2	75.2	-0.82	0.43	0.25	3.75	0.717	-116.06	19.39	3.15	23.5	0.01	0.14	-0.11	0.94
U1429C	10H	5	121	70.21	75.35	75.35	-0.83	0.54	0.24	3.69	0.670	-110.58	19.36	3.16	23.5	0.06	0.20	-0.05	0.95
U1429C	10H	5	131	70.31	75.45	75.45	-0.65	0.43	0.31	3.79	0.747	-119.69	19.34	3.10	23.6	0.08	0.20	-0.04	1.03
U1429C	10H	5	136	70.36	75.5	75.5	-0.65	0.27	0.35	3.91	0.844	-131.07	19.32	3.35	23.4	0.09	0.22	-0.04	1.14
U1429C	10H	6	1	70.51	75.65	75.65	-0.51	0.48	0.37	3.82	0.770	-122.39	19.38	3.11	23.5	0.06	0.19	-0.06	1.04
U1429C	10H	6	11	70.61	75.75	75.75	-0.77	0.40	0.30	3.80	0.757	-120.78	19.36	3.20	23.6	0.04	0.17	-0.09	1.00
U1429C	10H	6	16	70.66	75.8	75.8	-0.74	0.42	0.25	3.81	0.767	-122.05	19.39	3.25	23.7	0.05	0.17	-0.07	1.02
U1429C	10H	6	26	70.76	75.9	75.9	-0.82	0.62	0.29	3.85	0.799	-125.81	19.30	3.34	23.6	0.06	0.19	-0.05	1.07
U1429C	10H	6	31	70.81	75.95	75.95	-0.60	0.57	0.36	3.88	0.821	-128.30	19.30	3.18	23.2	0.08	0.21	-0.04	1.11
U1429C	10H	6	41	70.91	76.05	76.05	-0.50	0.53	0.35	3.82	0.776	-123.10	19.48	3.08	23.0	0.08	0.21	-0.04	1.06
U1429C	10H	6	46	70.96	76.1	76.1	-0.68	0.45	0.32	3.74	0.711	-115.42	19.57	3.12	23.0	0.07	0.22	-0.06	0.99
U1429C	10H	6	56	71.06	76.2	76.2	-0.55	0.56	0.22	3.69	0.670	-110.58	19.29	3.01	23.1	0.05	0.19	-0.09	0.93
U1429C	10H	6	61	71.11	76.25	76.25	-0.79	0.60	0.16	3.72	0.694	-113.41	19.24	3.10	23.6	-0.02	0.10	-0.16	0.88
U1429C	10H	6	76	71.26	76.4	76.4	-0.94	0.74	0.01	3.72	0.696	-113.64	19.48	3.26	24.0	-0.09	0.03	-0.24	0.82
U1429C	10H	6	91	71.41	76.55	76.55	-1.00	0.59	-0.06	3.80	0.759	-121.00	19.36	3.19	23.9	0.13	0.41	-0.02	1.10
U1429C	10H	6	106	71.56	76.7	76.7	-0.74	0.52	0.18	3.67	0.652	-108.44	19.79	3.42	23.7	0.19	0.32	0.08	1.06
U1429C	10H	6	121	71.71	76.85	76.85	-0.68	0.64	0.23	3.66	0.643	-107.46	19.94	3.29	23.1	0.03	0.19	-0.15	0.89
U1429A	9H	1	106	71.66	77.1	77.07	-0.77	0.53	0.14	3.70	0.673	-110.89	19.71	3.00	21.8	-0.29	-0.07	-0.53	0.59
U1429A	9H	1	131	71.91	77.32	77.32	-0.82	0.65	0.12	3.76	0.727	-117.30	19.60	2.38	21.5	-0.35	-0.17	-0.53	0.59
U1429A	9H	1	136	71.96	77.4	77.37	-0.65	0.39	0.15	3.78	0.743	-119.21	19.64	2.54	22.6	-0.16	0.06	-0.32	0.79
U1429A	9H	2	1	72.11	77.52	77.52	-0.84	0.50	0.06	3.68	0.657	-109.08	19.94	2.99	23.4	-0.06	0.07	-0.19	0.81
U1429A	9H	2	16	72.26	77.7	77.67	-0.94	0.65	-0.02	3.67	0.648	-108.03	19.79	3.15	23.2	-0.04	0.38	-0.20	0.82
U1429A	9H	2	31	72.41	77.82	77.82	-0.77	0.74	0.00	3.70	0.673	-110.96	19.76	3.15	22.4	-0.40	-0.16	-0.82	0.49
U1429A	9H	2	41	72.51	77.92	77.92	-1.13	0.88	-0.02	3.69	0.667	-110.23	19.74	2.45	22.2	-0.43	-0.23	-0.64	0.45
U1429A	9H	2	46	72.56	78	77.97	-0.90	0.54	-0.04	3.68	0.659	-109.27	19.74	2.59	23.1	-0.19	0.05	-0.40	0.68
U1429A	9H	2	61	72.71	78.12	78.12	-1.00	0.65	-0.11	3.63	0.620	-104.65	20.22	3.03	23.5	-0.08	0.12	-0.29	0.76
U1429A	9H	2	71	72.81	78.22	78.22	-0.80	0.50	-0.19	3.63	0.623	-105.00	20.30	3.22	23.5	-0.10	0.10	-0.34	0.74
U1429A	9H	2	76	72.86	78.3	78.27	-1.12	0.67	-0.24	3.66	0.640	-107.04	20.24	3.00	23.1	0.04	0.32	-0.13	0.90
U1429A	9H	2	91	73.01	78.42	78.42	-0.51	0.33	0.34	3.73	0.703	-114.43	19.94	3.07	23.3	-0.05	0.11	-0.22	0.87
U1429A	9H	2	106	73.16	78.6	78.57	-0.88	0.46	-0.01	3.83	0.777	-123.23	19.71	3.16	23.1	-0.10	0.03	-0.24	0.88
U1429A	9H	2	116	73.26	78.67	78.67	-0.81	0.76	0.05	3.77	0.730	-117.65	19.83	2.91	22.9	-0.11	0.02	-0.26	0.83
U1429A	9H	2	121	73.31	78.72	78.72	-0.76	0.60	0.05	3.68	0.657	-109.02	19.98	2.95	23.0	-0.11	0.05	-0.26	0.77
U1429A	9H	2	131	73.41	78.82	78.82	-0.94	0.48	-0.07	3.62	0.607	-103.18	20.16	2.83	23.2	-0.08	0.07	-0.23	0.75
U1429A	9H	2	136	73.46	78.9	78.87	-0.95	0.69	-0.08	3.64	0.631	-105.99	20.15	3.23	23.3	-0.02	0.12	-0.15	0.83
U1429A	9H	2	146	73.56	78.97	78.97	-0.76	0.66	0.05	3.71	0.686	-112.52	19.66	3.08	22.7	-0.09	0.05	-0.23	0.81
U1429A	9H	3	31	73.91	79.32	79.32	-0.65	0.54	0.16	3.85	0.799	-125.72	19.20	2.88	22.6	-0.12	0.02	-0.25	0.89
U1429A	9H	3	46	74.06	79.5	79.47	-0.69	0.47	0.01	3.73	0.701	-114.27	19.31	2.75	23.7	-0.09	0.05	-0.24	0.82
U1429A	9H	3	56	74.16	79.57	79.57	-1.13	0.63	-0.30	3.73	0.699	-113.99	19.39	3.31	23.8	-0.05	0.10	-0.19	0.87
U1429A	9H	3	61	74.21	79.62	79.62	-0.77	0.32	-0.17	3.76	0.725	-117.08	19.34	3.18	23.3	-0.04	0.09	-0.17	0.90
U1429A	9H	3	91	74.51	79.92	79.92	-0.76	0.49	-0.01	3.63	0.621	-104.81	19.80	2.99	23.3	-0.06	0.07	-0.19	0.78
U1429A	9H	3	101	74.61	80.02	80.02	-0.96	0.52	-0.17	3.53	0.540	-95.31	19.88	3.04	23.6	-0.09	0.04	-0.22	0.67
U1429A	9H	3	106	74.66	80.1	80.07	-1.12	0.58	-0.34	3.57	0.568	-98.56	20.11	3.24	24.2	-0.19	-0.04	-0.36	0.60
U1429A	9H	3	116	74.76	80.17	80.17	-1.51	0.52	-0.61	3.60	0.595	-101.81	22.61	3.42	24.2	-0.24	-0.09	-0.37	0.58
U1429A	9H	3	121	74.81	80.22	80.22	-1.14	0.72	-0.64	3.60	0.595	-101.81	21.16	2.99	24.8	-0.35	-0.02	-0.58	0.46
U1429A	9H	3	131	74.91	80.32	80.32	-1.80	0.52	-0.57	3.71	0.683	-112.08	20.42	3.10	25.0	-0.24	0.19	-0.43	0.65
U1429A	9H	3	136	74.96	80.4	80.37	-1.18	0.44	-0.40	3.82	0.770	-122.34	20.75	3.49	25.3	-0.13	0.04	-0.59	0.85
U1429A	9H	3	146	75.06	80.47	80.47	-1.40	0.25	-0.58	3.88	0.823	-128.55	21.07	3.68	24.1	0.23	0.71	0.03	1.26
U1429A	9H	4	1	75.11	80.52	80.52	-0.37	0.32	-0.10	3.84	0.788	-124.50	20.42	3.45	23.2	-0.18	0.00	-0.71	0.82
U1429A	9H	4	16	75.26	80.7	80.67	-0.83	0.58	0.01	3.84	0.793	-125.05	19.20	2.77	23.7	-0.18	-0.04	-0.31	0.82
U1429A	9H	4	26	75.36	80.77	80.77	-0.98	0.64	-0.12	3.84	0.790	-124.76	19.20	3.17	23.9	-0.15	-0.03	-0.27	0.85
U1429A	9H	4	31	75.41	80.82	80.82	-0.97	0.75	-0.11	3.81	0.769	-122.18	19.20	3.17	23.8	-0.12	0.06	-0.27	0.86
U1429A	9H	4	41	75.51	80.92	80.92	-0.72	0.29	-0.03	3.84	0.794	-125.13	19.33	3.15	23.9	-0.16	0.02	-0.36	0.84
U1429A	9H	4	45	75.55	81	80.96	-1.12	0.75	-0.06	3.89	0.831	-129.55	19.40	3.16	23.9	-0.17	-0.03	-0.32	0.86
U1429A	9H	4	55	75.65	81.06	81.06	-0.90	0.39	-0.19	3.86	0.809	-126.89	19.41	3.18	23.9	-0.17	-0.04	-0.29	0.85
U1429A	9H	4	60	75.7	81.11	81.11	-1.08	0.45	-0.25	3.78	0.739	-118.70	19.46	3.14	23.8	-0.24	-0.11	-0.37	0.71
U1429A	9H	4	70	75.8	81.21	81.21	-1.14	0.44	-0.31	3.69	0.670	-110.60	19.77	3.07	23.8	-0.27	-0.14	-0.40	0.61
U1429A	9H	4	76	75.86	81.3	81.27	-1.20	0.45	-0.29	3.69	0.671	-110.71	19.98	3.02	23.4	-0.20	-0.05	-0.34	0.69
U1429A	9H	4	86	75.96	81.37	81.37	-0.89	0.48	-0.19	3.68	0.656	-108.95	19.79	2.94	23.4	-0.18	-0.05	-0.31	0.70
U1429A	9H	4	91	76.01	81.42	81.42	-1.10	0.32	-0.15	3.66	0.640	-107.10	19.74	3.07	23.9	-0.03	0.15	-0.18	0.83
U1429A	9H	4	101	76.11	81.52	81.52	-0.88	0.32	-0.12	3.68	0.658	-109.21	19.46	3.34	24.0	0.01	0.13	-0.11	0.88
U1429A	9H	4	106	76.16	81.6	81.57	-0.96	0.65	-0.12	3.72	0.692	-113.16	19.30	3.28	23.8	-0.06	0.07	-0.19	0.84
U1429A	9H	4	116	76.26	81.67	81.67	-0.89	0.43	-0.05	3.74	0.711	-115.39	19.29	3.17	23.7	-0.11	0.02	-0.23	0.81
U1429A	9H	4	121	76.31	81.72	81.72	-1.01	0.54	-0.10	3.73	0.696	-113.67	19.24	3.13	23.5	-0.11	0.02	-0.24	0.80
U1429A	9H	4	131	76.41	81.82	81.82	-0.95	0.38	-0.08	3.71	0.685	-112.39	19.08	3.04	23.5	-0.07	0.06	-0.20	0.82
U1429A	9H	4	136	76.46	81.9	81.87	-0.86	0.58	-0.03	3.72	0.689	-112.84	19.01	3.15	23.9	0.01	0.14	-0.11	0.92
U1429A	9H	4	146	76.56	81.97	81.97	-0.86	0.41	-0.01	3.75	0.719	-116.31	19.10	3.36	23.6	-0.11	0.03	-0.27	0.82
U1429A	9H	5	11	76.71	82.12	82.12	-0.86	0.37	-0.03	3.81	0.765	-121.76	19.28	3.04	23.6	-0.16	-0.04	-0.28	0.81
U1429A	9H	5	16	76.76	82.2	82.17	-0.97	0.52	-0.08	3.80	0.760	-121.16	19.39	3.09	23.5	-0.22	-0.08	-0.35	0.75
U1429A	9H	5	31	76.91	82.32	82.32	-1.12	0.49	-0.25	3.69	0.666	-110.10	19.48	2.98	23.3	-0.21	-0.07	-0.35	0.67
U1429A	9H	5	41	77.01	82.42	82.42	-0.93	0.31	-0.07	3.69	0.671	-110.74	19.48	2.96	23.3	-0.20	-0.07	-0.33	0.68
U1429A	9H	5	46	77.06	82.5	82.47	-1.01	0.37	-0.10	3.76	0.721	-116.60	19.35	2.95	23.2	-0.24	-0.10	-0.37	0.70
U1429A	9H	5	61	77.21	82.62	82.62	-0.96	0.42	-0.03	3.83	0.781	-123.68	18.96	2.93	23.1	-0.17	-0.01	-0.31	0.82
U1429A	9H	5	71	77.31	82.72	82.72	-0.70	0.37	0.09	3.85	0.801	-125.94	18.94	2.95	23.2	-0.15	0.00	-0.28	0.86
U1429A	9H	5	76	77.36	82.8	82.77	-0.88	0.25	0.05	3.87	0.815	-127.60	18.90	3.00	23.3	-0.08	0.08	-0.21	0.94
U1429A	9H	5	86	77.46	82.87	82.87	-0.66	0.43	0.23	3.88	0.822	-128.46	18.90	3.08	23.4	-0.05	0.08	-0.17	0.98
U1429A	9H	5	91	77.51	82.92	82.92	-0.80	0.52	0.16	3.87	0.815	-127.66	18.90	3.13	23.7	-0.12	0.02	-0.24	0.90
U1429A	9H	5	101	77.61	83.02	83.02	-0.87	0.32	-0.03	3.84	0.788	-124.41	18.84	3.11	23.8	-0.17	-0.02	-0.30	0.83
U1429A	9H	5	106	77.66	83.1	83.07	-1.06	0.37	-0.07	3.81	0.767	-121.96	18.82	3.10	23.5	-0.11	0.05	-0.27	0.86
U1429A	9H	5	116	77.76	83.17	83.17	-0.72	0.40	0.11	3.80	0.757	-120.87	18.98	3.08	23.4	-0.12	0.04	-0.26	0.85
U1429A	9H	5	121	77.81	83.22	83.22	-0.91	0.35	0.03	3.81	0.769	-122.24	18.88	3.02	23.4	-0.29	-0.14	-0.46	0.68
U1429A	9H	5	131	77.91	83.32	83.32	-1.01	0.42	-0.09	3.84	0.787	-124.38	19.16	2.91	23.4	-0.36	-0.21	-0.50	0.64
U1429A	9H	5	136	77.96	83.4	83.37	-1.13	0.42	-0.07	3.85	0.794	-125.14	19.42	2.90	23.0	-0.23	-0.04	-0.38	0.77
U1429A	9H	5	146	78.06	83.47	83.47	-0.79	0.40	0.07	3.81	0.768	-122.11	19.57	2.87	22.8	-0.18	-0.06	-0.31	0.79
U1429A	9H	6	1	78.11	83.52	83.52	-0.82	0.61	0.13	3.77	0.736	-118.32	19.42	2.86	22.9	-0.23	-0.07	-0.37	0.72
U1429A	9H	6	11	78.21	83.62	83.62	-0.83	0.37	0.12	3.74	0.710	-115.23	19.30	2.83	23.0	-0.28	-0.13	-0.44	0.64
U1429A	9H	6	16	78.26	83.7	83.67	-1.09	0.34	0.04	3.75	0.715	-115.93	19.29	2.84	22.9	-0.17	0.02	-0.34	0.76
U1429A	9H	6	26	78.36	83.77	83.77	-0.80	0.37	0.18	3.78	0.741	-118.96	19.20	2.87	22.8	-0.08	0.06	-0.24	0.87
U1429A	9H	6	31	78.41	83.82	83.82	-0.62	0.42	0.26	3.80	0.761	-121.29	19.20	2.97	23.4	-0.05	0.07	-0.18	0.92
U1429A	9H	6	41	78.51	83.92	83.92	-0.83	0.46	0.21	3.84	0.792	-124.95	19.08	3.16	23.6	-0.06	0.07	-0.17	0.94
U1429A	9H	6	46	78.56	84	83.97	-0.78	0.59	0.20	3.86	0.803	-126.29	18.98	3.15	23.5	-0.03	0.10	-0.17	0.98
U1429A	9H	6	56	78.66	84.07	84.07	-0.81	0.43	0.21	3.86	0.810	-127.02	18.81	3.14	23.4	0.01	0.15	-0.14	1.02
U1429A	9H	6	61	78.71	84.12	84.12	-0.59	0.35	0.23	3.86	0.805	-126.42	18.86	3.14	23.5	-0.05	0.12	-0.24	0.96
U1429A	9H	6	71	78.81	84.22	84.22	-0.94	0.49	0.34	3.88	0.819	-128.15	18.72	3.13	23.5	-0.06	0.11	-0.27	0.96
U1429A	9H	6	76	78.86	84.27	84.27	-0.52	-0.06	0.37	3.90	0.839	-130.50	18.59	3.13	23.6	-0.09	0.07	-0.30	0.95
U1429B	10H	3	91	80.34	84.3	84.32	-0.93	0.40	0.20	3.93	0.859	-132.84	18.54	3.13	23.6	-0.18	0.06	-0.38	0.88
U1429B	10H	3	121	80.64	84.63	84.62	-0.94	0.72	0.10	3.87	0.817	-127.91	18.26	3.14	23.5	-0.22	0.04	-0.47	0.80
U1429B	10H	3	131	80.74	84.73	84.72	-0.94	0.45	0.11	3.86	0.806	-126.58	18.18	2.63	23.6	-0.13	0.21	-0.33	0.88
U1429B	10H	3	136	80.79	84.8	84.77	-0.88	0.45	0.17	3.84	0.789	-124.57	18.07	3.39	23.7	-0.02	0.17	-0.13	0.98
U1429B	10H	3	151	80.94	84.93	84.92	-0.72	0.32	0.29	3.88	0.821	-128.39	17.67	3.16	23.7	0.00	0.12	-0.12	1.03
U1429B	10H	4	16	81.14	85.12	85.12	-0.77	0.70	0.29	3.88	0.819	-128.17	18.11	3.24	23.4	-0.16	0.01	-0.31	0.87
U1429B	10H	4	46	81.44	85.42	85.42	-0.95	0.70	0.17	3.90	0.839	-130.46	18.22	2.98	23.2	-0.17	-0.02	-0.30	0.88
U1429B	10H	4	56	81.54	85.52	85.52	-0.80	0.54	0.27	3.85	0.795	-125.33	18.39	2.97	23.1	-0.14	-0.01	-0.27	0.86
U1429B	10H	4	61	81.59	85.6	85.57	-0.74	0.61	0.33	3.87	0.811	-127.15	18.34	2.96	23.2	-0.20	-0.05	-0.35	0.81
U1429B	10H	4	76	81.74	85.72	85.72	-0.86	0.68	0.25	3.98	0.905	-138.27	18.13	2.94	23.4	-0.16	-0.01	-0.30	0.95
U1429B	10H	4	91	81.89	85.9	85.87	-0.77	0.52	0.34	3.95	0.882	-135.53	18.64	3.12	23.3	-0.17	-0.02	-0.31	0.92
U1429B	10H	4	101	81.99	85.97	85.97	-0.73	0.50	0.25	3.91	0.848	-131.55	18.74	2.97	23.3	-0.21	-0.07	-0.36	0.85
U1429B	10H	4	106	82.04	86.02	86.02	-0.93	0.54	0.22	3.91	0.846	-131.26	18.66	2.94	23.1	-0.26	-0.12	-0.39	0.79
U1429B	10H	4	121	82.19	86.2	86.17	-0.94	0.64	0.19	3.81	0.765	-121.73	18.54	2.86	23.1	-0.25	-0.11	-0.38	0.73
U1429B	10H	4	131	82.29	86.27	86.27	-0.93	0.42	0.24	3.80	0.756	-120.68	18.58	2.88	23.0	-0.24	-0.11	-0.36	0.73
U1429B	10H	4	136	82.34	86.32	86.32	-0.84	0.59	0.24	3.84	0.786	-124.25	18.53	2.89	23.1	-0.23	-0.09	-0.36	0.77
U1429B	10H	5	1	82.51	86.49	86.5	-1.07	0.77	0.14	3.65	0.633	-106.21	19.15	2.93	23.3	-0.23	-0.08	-0.40	0.61
U1429B	10H	5	11	82.61	86.59	86.6	-0.99	0.53	0.15	3.57	0.571	-98.88	19.54	2.95	23.4	-0.23	-0.06	-0.40	0.56
U1429B	10H	5	16	82.66	86.6	86.65	-1.30	0.27	0.15	3.58	0.579	-99.87	19.75	2.96	23.3	-0.17	0.00	-0.31	0.63
U1429B	10H	5	26	82.76	86.74	86.75	-0.93	0.48	0.16	3.63	0.619	-104.62	20.17	2.98	23.2	-0.13	0.00	-0.26	0.71
U1429B	10H	5	31	82.81	86.79	86.8	-0.93	0.22	0.20	3.67	0.651	-108.38	20.02	2.99	23.2	-0.10	0.03	-0.23	0.76
U1429B	10H	5	41	82.91	86.89	86.9	-0.89	0.43	0.28	3.62	0.612	-103.73	19.96	3.01	23.2	-0.09	0.03	-0.23	0.74
U1429B	10H	5	46	82.96	86.9	86.95	-1.02	0.52	0.32	3.53	0.540	-95.31	19.95	3.03	22.8	0.12	0.38	-0.09	0.89
U1429B	10H	5	61	83.11	87.09	87.1	-0.50	0.34	0.53	3.52	0.532	-94.36	19.44	3.09	22.7	0.06	0.22	-0.15	0.82
U1429B	10H	5	91	83.41	87.39	87.4	-0.65	0.51	0.55	3.77	0.730	-117.65	19.10	2.97	22.8	0.01	0.14	-0.11	0.95
U1429B	10H	5	106	83.56	87.5	87.55	-0.68	0.19	0.52	3.71	0.681	-111.88	18.81	3.00	23.1	0.02	0.15	-0.10	0.92
U1429B	10H	5	121	83.71	87.69	87.7	-0.70	0.30	0.49	3.77	0.729	-117.56	19.02	3.10	23.4	-0.10	0.05	-0.25	0.84
U1429B	10H	5	136	83.86	87.8	87.85	-0.94	0.40	0.29	3.73	0.702	-114.40	19.11	3.04	23.9	-0.10	0.02	-0.22	0.81
U1429B	10H	6	1	84.02	88.01	88	-1.07	0.58	0.18	3.65	0.639	-106.95	19.71	3.25	23.8	-0.09	0.04	-0.21	0.76
U1429B	10H	6	16	84.17	88.2	88.15	-1.09	0.38	0.15	3.51	0.521	-93.05	20.91	3.11	23.7	-0.10	0.04	-0.22	0.65
U1429B	10H	6	26	84.27	88.26	88.25	-1.21	0.48	0.12	3.48	0.499	-90.47	20.97	3.16	23.7	-0.08	0.05	-0.20	0.65
U1429B	10H	6	31	84.32	88.31	88.3	-1.03	0.60	0.21	3.52	0.528	-93.85	20.82	3.14	23.8	-0.22	-0.06	-0.40	0.53
U1429B	10H	6	46	84.47	88.5	88.45	-1.29	0.32	0.05	3.61	0.600	-102.32	19.97	3.08	23.1	-0.01	0.25	-0.18	0.80
U1429B	10H	6	61	84.62	88.61	88.6	-0.67	0.37	0.53	3.63	0.619	-104.62	19.52	3.02	22.9	-0.01	0.18	-0.18	0.82
U1429B	10H	6	86	84.87	88.86	88.85	-0.78	0.42	0.55	3.64	0.629	-105.70	19.00	3.02	22.8	0.04	0.18	-0.09	0.89
U1429B	10H	6	91	84.92	88.91	88.9	-0.62	0.33	0.55	3.62	0.612	-103.76	19.00	3.02	23.1	-0.14	0.04	-0.34	0.69
U1429A	10H	3	16	83.26	89.36	89.36	-1.07	0.52	0.25	3.54	0.545	-95.89	19.92	3.00	23.1	-0.21	-0.05	-0.35	0.56
U1429A	10H	3	31	83.41	89.51	89.51	-1.11	0.73	0.23	3.51	0.518	-92.73	20.34	2.94	23.1	-0.22	-0.06	-0.39	0.52
U1429A	10H	3	46	83.56	89.7	89.66	-1.23	0.62	0.25	3.53	0.535	-94.68	20.59	2.85	23.0	-0.21	-0.05	-0.39	0.55
U1429A	10H	3	61	83.71	89.81	89.81	-0.97	0.40	0.25	3.51	0.519	-92.83	20.44	2.89	23.0	-0.22	-0.05	-0.40	0.53
U1429A	10H	3	71	83.81	89.91	89.91	-0.85	0.49	0.19	3.49	0.503	-90.92	20.46	2.91	23.1	-0.21	-0.04	-0.40	0.52
U1429A	10H	3	76	83.86	90	89.96	-1.28	0.51	0.16	3.48	0.496	-90.15	20.50	2.92	23.2	-0.23	-0.07	-0.40	0.49
U1429A	10H	3	86	83.96	90.06	90.06	-1.29	0.47	0.10	3.45	0.472	-87.25	20.52	2.94	23.2	-0.25	-0.11	-0.41	0.44
U1429A	10H	3	91	84.01	90.11	90.11	-1.30	0.54	0.07	3.43	0.454	-85.12	20.62	2.98	23.2	-0.27	-0.08	-0.42	0.41
U1429A	10H	3	106	84.16	90.3	90.26	-1.19	0.56	-0.07	3.41	0.439	-83.43	21.00	2.90	23.2	-0.35	-0.13	-0.55	0.31
U1429A	10H	3	116	84.26	90.36	90.36	-1.46	0.67	-0.20	3.39	0.428	-82.09	20.99	2.72	23.5	-0.50	-0.34	-0.71	0.16
U1429A	10H	3	121	84.31	90.41	90.41	-1.75	0.59	-0.36	3.38	0.415	-80.53	20.94	2.90	24.2	-0.36	-0.17	-0.51	0.28
U1429A	10H	3	136	84.46	90.6	90.56	-1.62	0.43	-0.32	3.31	0.357	-73.80	21.15	3.20	24.0	-0.29	-0.15	-0.44	0.30
U1429A	10H	3	146	84.56	90.66	90.66	-1.66	0.49	-0.35	3.26	0.321	-69.56	21.61	3.08	23.6	-0.24	-0.06	-0.39	0.31
U1429A	10H	4	1	84.61	90.71	90.71	-1.31	0.49	-0.20	3.25	0.307	-67.91	21.66	3.02	23.7	-0.39	-0.22	-0.59	0.16
U1429A	10H	4	11	84.71	90.81	90.81	-1.57	0.48	-0.25	3.33	0.373	-75.68	21.88	2.91	24.0	-0.46	-0.31	-0.58	0.15
U1429A	10H	4	16	84.76	90.9	90.86	-1.68	0.64	-0.34	3.43	0.454	-85.12	21.98	2.99	24.3	-0.43	-0.29	-0.65	0.25
U1429A	10H	4	26	84.86	90.96	90.96	-1.76	0.70	-0.25	3.47	0.486	-88.91	21.77	3.17	24.2	-0.30	-0.09	-0.48	0.41
U1429A	10H	4	31	84.91	91.01	91.01	-1.33	0.52	-0.02	3.41	0.438	-83.27	21.62	3.12	24.0	-0.34	-0.18	-0.49	0.32
U1429A	10H	4	41	85.01	91.11	91.11	-1.55	0.64	-0.23	3.32	0.370	-75.27	21.74	3.03	24.0	-0.40	-0.27	-0.54	0.20
U1429A	10H	4	46	85.06	91.2	91.16	-1.70	0.57	-0.31	3.30	0.350	-72.91	21.91	2.99	23.9	-0.40	-0.26	-0.55	0.18
U1429A	10H	4	56	85.16	91.26	91.26	-1.60	0.76	-0.28	3.33	0.376	-75.94	22.00	2.90	24.1	-0.35	-0.19	-0.48	0.26
U1429A	10H	4	61	85.21	91.31	91.31	-1.54	0.55	-0.21	3.39	0.421	-81.32	22.00	3.17	24.9	0.01	0.32	-0.14	0.66
U1429A	10H	4	71	85.31	91.41	91.41	-1.35	0.49	-0.08	3.41	0.436	-83.08	22.06	3.71	25.0	0.06	0.17	-0.05	0.72
U1429A	10H	4	76	85.36	91.5	91.46	-1.36	0.63	-0.02	3.37	0.405	-79.44	22.07	3.59	24.7	0.02	0.57	-0.12	0.65
U1429A	10H	4	86	85.46	91.56	91.56	-1.10	0.54	-0.01	3.35	0.395	-78.20	21.76	3.35	25.0	-0.43	-0.21	-0.99	0.20
U1429A	10H	4	91	85.51	91.61	91.61	-2.10	0.65	-0.46	3.38	0.415	-80.59	21.56	3.31	24.4	-0.22	0.11	-0.38	0.43
U1429A	10H	4	101	85.61	91.71	91.71	-1.30	0.64	-0.04	3.44	0.465	-86.52	21.10	3.24	24.2	-0.19	-0.05	-0.32	0.50
U1429A	10H	4	106	85.66	91.8	91.76	-1.40	0.53	-0.07	3.48	0.496	-90.06	20.89	3.20	24.4	-0.32	-0.19	-0.47	0.40
U1429A	10H	4	116	85.76	91.86	91.86	-1.54	0.40	-0.25	3.44	0.467	-86.74	20.89	3.13	24.5	-0.36	-0.24	-0.49	0.34
U1429A	10H	4	121	85.81	91.91	91.91	-1.69	0.45	-0.23	3.37	0.409	-79.89	21.34	3.22	24.2	0.05	0.45	-0.14	0.69
U1429A	10H	4	131	85.91	92.01	92.01	-1.00	0.32	0.09	3.33	0.377	-76.10	21.46	3.39	24.1	0.08	0.23	-0.08	0.69
U1429A	10H	4	136	85.96	92.1	92.06	-1.25	0.42	0.05	3.36	0.403	-79.16	21.27	3.42	24.7	-0.06	0.14	-0.24	0.58
U1429A	10H	4	146	86.06	92.16	92.16	-1.59	0.45	-0.25	3.42	0.452	-84.96	21.01	3.48	24.7	-0.01	0.19	-0.17	0.67
U1429A	10H	5	1	86.11	92.21	92.22	-1.13	0.37	0.04	3.46	0.480	-88.26	21.06	3.48	24.6	-0.02	0.14	-0.17	0.68
U1429A	10H	5	11	86.21	92.31	92.32	-1.21	0.47	-0.04	3.49	0.508	-91.49	21.46	3.47	24.8	-0.08	0.07	-0.22	0.65
U1429A	10H	5	16	86.26	92.4	92.37	-1.48	0.52	-0.16	3.50	0.512	-91.97	21.78	3.46	25.0	-0.17	-0.05	-0.29	0.57
U1429A	10H	5	56	86.66	92.76	92.77	-1.51	0.74	-0.20	3.48	0.499	-90.47	21.63	3.42	25.0	-0.19	-0.08	-0.31	0.53
U1429A	10H	5	61	86.71	92.8	92.82	-1.50	0.56	-0.21	3.49	0.503	-90.98	21.78	3.44	25.2	-0.14	-0.02	-0.26	0.59
U1429A	10H	5	76	86.86	93	92.97	-1.56	0.42	-0.24	3.39	0.422	-81.36	21.98	3.54	25.3	-0.08	0.05	-0.20	0.57
U1429A	10H	5	86	86.96	93.06	93.07	-1.55	0.60	-0.27	3.38	0.419	-81.10	21.81	3.66	25.4	-0.06	0.09	-0.17	0.59
U1429A	10H	5	91	87.01	93.1	93.12	-1.43	0.63	-0.29	3.43	0.460	-85.91	21.86	3.65	25.7	-0.21	0.01	-0.44	0.47
U1429A	10H	5	101	87.11	93.21	93.22	-1.96	0.76	-0.40	3.47	0.487	-89.07	21.84	3.64	25.3	-0.26	-0.10	-0.40	0.46
U1429A	10H	5	116	87.26	93.36	93.37	-1.58	0.25	-0.37	3.38	0.414	-80.49	21.55	3.42	24.9	-0.22	-0.10	-0.35	0.42
U1429B	11H	2	91	88.31	93.52	93.52	-1.67	0.34	-0.29	3.37	0.411	-80.11	20.86	3.38	24.8	-0.20	-0.07	-0.33	0.44
U1429B	11H	2	101	88.41	93.62	93.62	-1.37	0.61	-0.27	3.47	0.489	-89.26	20.82	3.36	24.7	-0.20	-0.07	-0.33	0.51
U1429B	11H	2	106	88.46	93.67	93.67	-1.53	0.52	-0.26	3.46	0.480	-88.27	20.93	3.35	25.0	-0.39	-0.21	-0.60	0.31
U1429B	11H	2	121	88.61	93.8	93.82	-1.95	0.23	-0.60	3.43	0.452	-84.99	20.90	3.28	24.8	-0.43	-0.29	-0.55	0.25
U1429B	11H	2	131	88.71	93.92	93.92	-1.61	0.26	-0.36	3.48	0.500	-90.56	20.58	3.18	24.7	-0.40	-0.28	-0.50	0.33
U1429B	11H	2	136	88.76	93.97	93.97	-1.60	0.45	-0.28	3.55	0.557	-97.29	20.51	3.17	24.4	-0.34	-0.16	-0.50	0.44
U1429B	11H	3	1	88.93	94.1	94.14	-1.35	0.36	-0.28	3.52	0.529	-93.96	20.71	3.14	25.1	-0.74	-0.56	-1.24	0.01
U1429B	11H	3	16	89.08	94.29	94.29	-2.14	0.27	-0.69	3.62	0.613	-103.82	20.90	3.11	24.8	-0.49	-0.21	-0.70	0.35
U1429B	11H	3	41	89.33	94.54	94.54	-1.96	0.39	-0.49	3.33	0.374	-75.75	20.90	3.17	24.6	-0.40	-0.21	-0.57	0.21
U1429B	11H	3	46	89.38	94.59	94.59	-1.60	0.34	-0.33	3.31	0.363	-74.44	20.91	3.19	24.5	-0.32	-0.15	-0.51	0.28
U1429B	11H	3	61	89.53	94.7	94.74	-1.73	0.58	-0.38	3.38	0.416	-80.72	20.76	3.25	24.0	-0.12	0.10	-0.36	0.52
U1429B	11H	3	71	89.63	94.84	94.84	-1.31	0.69	-0.01	3.35	0.392	-77.85	20.36	3.20	23.6	-0.02	0.15	-0.21	0.60
U1429B	11H	3	76	89.68	94.89	94.89	-1.00	0.47	0.03	3.28	0.335	-71.19	20.22	3.17	23.7	-0.13	0.07	-0.37	0.44
U1429B	11H	3	91	89.83	95	95.04	-1.45	0.50	0.07	3.42	0.451	-84.86	20.34	3.10	23.6	-0.13	0.06	-0.30	0.55
U1429B	11H	3	101	89.93	95.1	95.14	-0.94	0.40	0.15	3.48	0.496	-90.06	20.54	3.09	23.5	-0.09	0.08	-0.24	0.63
U1429B	11H	3	106	89.98	95.19	95.19	-1.26	0.32	0.07	3.43	0.453	-85.08	20.71	3.09	23.6	-0.13	0.01	-0.28	0.55
U1429B	11H	3	121	90.13	95.3	95.34	-1.32	0.58	0.00	3.37	0.407	-79.67	21.10	3.09	23.6	-0.10	0.04	-0.23	0.54
U1429B	11H	3	131	90.23	95.44	95.44	-1.13	0.31	0.02	3.37	0.407	-79.70	21.48	3.13	23.6	-0.08	0.05	-0.20	0.56
U1429B	11H	3	136	90.28	95.49	95.49	-1.21	0.57	0.03	3.37	0.410	-79.95	21.60	3.15	24.0	-0.15	0.02	-0.29	0.49
U1429B	11H	4	1	90.44	95.7	95.65	-1.32	0.41	-0.09	3.42	0.446	-84.28	21.77	3.22	24.3	-0.26	-0.11	-0.42	0.41
U1429B	11H	4	11	90.54	95.75	95.75	-1.65	0.55	-0.30	3.40	0.431	-82.50	22.00	3.18	24.3	-0.28	-0.13	-0.42	0.38
U1429B	11H	4	16	90.59	95.8	95.8	-1.45	0.37	-0.32	3.36	0.400	-78.87	22.09	3.16	24.1	-0.25	-0.10	-0.42	0.38
U1429B	11H	4	31	90.74	96	95.95	-1.55	0.37	-0.21	3.33	0.377	-76.06	22.06	3.10	24.1	-0.14	0.03	-0.28	0.47
U1429B	11H	4	41	90.84	96.05	96.05	-1.30	0.43	-0.13	3.34	0.382	-76.69	22.10	3.25	24.2	-0.10	0.03	-0.22	0.52
U1429B	11H	4	46	90.89	96.1	96.1	-1.38	0.45	-0.17	3.34	0.384	-76.89	22.09	3.32	25.0	-0.15	-0.03	-0.28	0.46
U1429B	11H	4	61	91.04	96.3	96.25	-1.69	0.46	-0.41	3.35	0.389	-77.51	21.82	3.55	24.4	-0.34	-0.19	-0.50	0.29
U1429B	11H	4	76	91.19	96.4	96.4	-1.57	0.33	-0.35	3.42	0.444	-84.03	21.12	3.05	24.3	-0.22	-0.03	-0.36	0.45
U1429B	11H	4	91	91.34	96.6	96.55	-1.43	0.31	-0.24	3.36	0.397	-78.52	21.36	3.29	24.4	-0.19	-0.07	-0.31	0.44
U1429B	11H	4	101	91.44	96.65	96.65	-1.53	0.42	-0.30	3.34	0.386	-77.23	21.52	3.28	24.4	-0.19	-0.07	-0.30	0.43
U1429B	11H	4	106	91.49	96.7	96.7	-1.46	0.47	-0.24	3.38	0.412	-80.27	21.57	3.28	23.6	0.06	0.27	-0.14	0.70
U1429B	11H	4	121	91.64	96.9	96.85	-1.03	0.52	0.22	3.47	0.490	-89.40	21.12	3.28	23.0	0.18	0.34	0.02	0.89
U1429B	11H	4	136	91.79	97	97	-0.55	0.26	0.61	3.52	0.529	-93.97	20.96	3.10	22.4	0.02	0.22	-0.20	0.77
U1429B	11H	5	16	92.09	97.3	97.3	-0.69	0.12	0.47	3.56	0.565	-98.23	20.98	2.88	22.3	-0.14	0.01	-0.33	0.64
U1429B	11H	5	31	92.24	97.5	97.45	-0.90	0.44	0.29	3.52	0.532	-94.36	20.74	2.73	22.6	-0.22	-0.09	-0.36	0.53
U1429B	11H	5	41	92.34	97.55	97.55	-1.06	0.41	0.17	3.53	0.541	-95.46	20.94	2.82	22.8	-0.22	-0.09	-0.35	0.55
U1429B	11H	5	46	92.39	97.6	97.6	-1.02	0.44	0.16	3.54	0.546	-96.01	21.10	2.86	22.9	-0.08	0.08	-0.23	0.69
U1429B	11H	5	61	92.54	97.8	97.75	-0.95	0.40	0.23	3.43	0.453	-85.08	21.10	3.00	22.8	-0.06	0.10	-0.20	0.62
U1429B	11H	5	71	92.64	97.85	97.85	-0.88	0.28	0.20	3.41	0.444	-83.97	21.28	2.89	22.9	-0.14	0.02	-0.29	0.54
U1429B	11H	5	76	92.69	97.9	97.9	-1.16	0.44	0.10	3.46	0.483	-88.59	21.40	2.94	23.3	-0.08	0.08	-0.22	0.63
U1429B	11H	5	91	92.84	98.1	98.05	-1.08	0.58	0.08	3.36	0.403	-79.12	21.40	3.09	23.5	-0.06	0.07	-0.18	0.57
U1429B	11H	5	101	92.94	98.15	98.15	-1.21	0.45	0.00	3.33	0.376	-76.00	21.46	3.13	23.2	0.13	0.29	-0.02	0.73
U1429B	11H	5	131	93.24	98.45	98.45	-0.78	0.44	0.32	3.38	0.414	-80.46	21.20	3.18	23.2	0.15	0.28	0.02	0.79
U1429B	11H	5	136	93.29	98.5	98.5	-0.97	0.36	0.24	3.32	0.366	-74.79	21.18	3.18	23.3	0.07	0.20	-0.06	0.67
U1429B	11H	6	1	93.44	98.7	98.65	-1.04	0.58	0.15	3.34	0.385	-77.02	21.06	3.16	23.0	0.06	0.20	-0.08	0.67
U1429B	11H	6	11	93.54	98.75	98.75	-0.96	0.57	0.26	3.38	0.412	-80.27	21.10	3.01	22.8	0.10	0.25	-0.03	0.74
U1429B	11H	6	16	93.59	98.8	98.8	-0.76	0.44	0.39	3.37	0.406	-79.57	21.11	3.05	23.3	0.07	0.20	-0.05	0.71
U1429B	11H	6	31	93.74	99	98.95	-1.02	0.45	0.17	3.36	0.399	-78.74	21.26	3.19	23.5	0.05	0.19	-0.09	0.68
U1429B	11H	6	41	93.84	99.05	99.05	-1.15	0.61	0.11	3.37	0.409	-79.89	21.30	3.20	23.4	0.09	0.25	-0.06	0.73
U1429B	11H	6	46	93.89	99.1	99.1	-0.86	0.54	0.32	3.38	0.419	-81.10	21.30	3.21	23.1	0.21	0.34	0.09	0.85
U1429B	11H	6	56	93.99	99.2	99.2	-0.76	0.44	0.42	3.37	0.406	-79.51	21.32	3.22	22.8	0.14	0.31	-0.01	0.78
U1429B	11H	6	71	94.14	99.35	99.35	-0.77	0.66	0.40	3.29	0.342	-72.02	21.32	3.04	22.7	0.08	0.23	-0.08	0.65
U1429B	11H	6	76	94.19	99.4	99.4	-1.02	0.50	0.21	3.27	0.326	-70.14	21.21	2.99	22.3	0.03	0.16	-0.10	0.59
U1429B	11H	6	91	94.34	99.6	99.55	-0.73	0.44	0.45	3.38	0.414	-80.43	21.24	2.81	22.2	0.03	0.17	-0.10	0.68
U1429B	11H	6	101	94.44	99.65	99.65	-0.81	0.56	0.42	3.40	0.430	-82.41	21.14	2.85	22.3	0.05	0.19	-0.09	0.71
U1429B	11H	6	106	94.49	99.7	99.7	-0.75	0.58	0.46	3.36	0.396	-78.30	21.12	2.88	22.5	0.04	0.18	-0.10	0.67
U1429B	11H	6	121	94.64	99.9	99.85	-1.01	0.60	0.28	3.24	0.300	-67.11	21.30	2.94	22.6	0.14	0.30	0.00	0.68
U1429B	11H	6	131	94.74	99.95	99.95	-0.86	0.59	0.39	3.21	0.279	-64.58	21.42	3.04	22.7	0.19	0.32	0.07	0.71
U1429B	11H	6	136	94.79	100	100	-0.83	0.50	0.42	3.22	0.288	-65.59	21.52	3.10	22.9	0.19	0.34	0.05	0.71
U1429C	13H	2	41	93.41	100.1	100.07	-0.85	0.64	0.40	3.24	0.300	-67.00	21.63	3.17	23.1	0.10	0.26	-0.07	0.64
U1429C	13H	2	46	93.46	100.1	100.12	-1.11	0.43	0.22	3.25	0.308	-68.01	21.78	3.13	23.1	0.04	0.17	-0.10	0.59
U1429C	13H	2	56	93.56	100.2	100.22	-1.08	0.44	0.24	3.26	0.321	-69.56	22.54	3.05	23.0	0.08	0.22	-0.05	0.63
U1429C	13H	2	61	93.61	100.3	100.27	-0.92	0.28	0.31	3.27	0.326	-70.11	22.74	3.08	23.1	0.06	0.19	-0.06	0.62
U1429C	13H	2	71	93.71	100.4	100.37	-1.15	0.30	0.16	3.19	0.261	-62.46	22.72	3.15	23.2	0.03	0.16	-0.10	0.53
U1429C	13H	2	76	93.76	100.4	100.42	-1.17	0.32	0.10	3.10	0.191	-54.27	22.57	3.09	23.3	-0.10	0.07	-0.27	0.34
U1429C	13H	2	86	93.86	100.5	100.52	-1.49	0.44	-0.10	3.03	0.134	-47.57	22.37	2.96	23.4	-0.10	0.05	-0.25	0.28
U1429C	13H	2	91	93.91	100.6	100.57	-1.37	0.61	-0.06	3.05	0.147	-49.07	22.72	3.13	24.0	0.09	0.25	-0.04	0.49
U1429C	13H	2	101	94.01	100.7	100.67	-1.32	0.56	0.02	3.08	0.173	-52.07	23.54	3.46	24.1	0.14	0.25	0.02	0.56
U1429C	13H	2	106	94.06	100.7	100.72	-1.28	0.57	0.11	3.10	0.185	-53.57	23.71	3.43	23.3	0.38	0.62	0.18	0.81
U1429C	13H	2	116	94.16	100.8	100.82	-0.88	0.57	0.49	3.03	0.132	-47.29	21.99	3.38	22.7	0.53	0.69	0.38	0.91
U1429C	13H	2	122	94.22	100.9	100.88	-0.59	0.58	0.70	2.93	0.053	-37.96	21.93	3.30	22.6	0.39	0.57	0.18	0.69
U1429C	13H	2	131	94.31	101	100.97	-0.83	0.39	0.55	2.96	0.076	-40.69	22.26	3.19	22.6	0.25	0.41	0.08	0.57
U1429C	13H	2	136	94.36	101	101.02	-0.97	0.61	0.46	3.06	0.152	-49.65	22.49	3.08	22.2	0.15	0.33	-0.02	0.55
U1429C	13H	2	146	94.46	101.1	101.12	-0.94	0.78	0.63	3.17	0.242	-60.23	22.37	2.85	21.9	0.19	0.39	0.01	0.67
U1429C	13H	3	1	94.51	101.2	101.17	-0.56	0.20	0.76	3.18	0.256	-61.85	22.22	2.91	22.2	0.22	0.49	0.05	0.72
U1429C	13H	3	11	94.61	101.3	101.27	-0.63	0.70	0.72	3.17	0.249	-61.05	22.28	3.01	22.8	0.08	0.28	-0.20	0.57
U1429C	13H	3	16	94.66	101.3	101.32	-1.24	0.75	0.39	3.15	0.228	-58.63	22.45	3.06	23.6	-0.04	0.09	-0.18	0.43
U1429C	13H	3	26	94.76	101.4	101.42	-1.36	1.15	0.03	3.12	0.207	-56.12	22.93	3.16	23.9	-0.06	0.07	-0.17	0.39
U1429C	13H	3	31	94.81	101.5	101.47	-1.48	0.89	-0.04	3.12	0.206	-56.02	23.08	3.28	24.6	-0.03	0.10	-0.15	0.42
U1429C	13H	3	41	94.91	101.6	101.57	-1.51	0.79	-0.10	3.14	0.223	-58.03	23.80	3.53	24.9	-0.02	0.12	-0.15	0.44
U1429C	13H	3	46	94.96	101.6	101.62	-1.58	0.97	-0.22	3.17	0.241	-60.13	24.18	3.54	25.3	-0.26	-0.09	-0.50	0.22
U1429C	13H	3	56	95.06	101.7	101.72	-2.03	1.14	-0.49	3.14	0.222	-57.84	23.97	3.55	25.4	-0.33	-0.21	-0.47	0.13
U1429C	13H	3	61	95.11	101.8	101.77	-2.06	0.97	-0.56	3.10	0.184	-53.44	23.82	3.41	24.4	-0.21	-0.05	-0.37	0.22
U1429C	13H	3	71	95.21	101.9	101.87	-1.55	0.90	-0.13	3.05	0.146	-48.94	23.40	3.14	24.1	-0.14	-0.02	-0.27	0.25
U1429C	13H	3	76	95.26	101.9	101.92	-1.63	0.96	-0.11	3.05	0.145	-48.85	23.18	3.27	24.4	0.01	0.18	-0.15	0.40
U1429C	13H	3	86	95.36	102	102.02	-1.43	0.92	-0.02	3.02	0.127	-46.71	22.99	3.52	24.6	0.03	0.16	-0.11	0.40
U1429C	13H	3	91	95.41	102.1	102.07	-1.64	1.02	-0.06	3.00	0.110	-44.67	22.94	3.45	24.5	-0.05	0.40	-0.19	0.31
U1429C	13H	3	101	95.51	102.2	102.17	-1.47	0.97	-0.08	2.98	0.089	-42.22	23.56	3.29	24.9	-0.42	-0.24	-0.88	-0.08
U1429C	13H	3	106	95.56	102.2	102.22	-2.32	1.18	-0.68	2.97	0.085	-41.81	23.96	3.29	24.6	-0.18	0.14	-0.34	0.15
U1429C	13H	3	116	95.66	102.3	102.32	-1.75	1.06	-0.31	2.94	0.061	-38.97	23.65	3.27	24.5	-0.11	0.01	-0.23	0.20
U1429C	13H	3	121	95.71	102.4	102.37	-1.74	0.99	-0.22	2.92	0.041	-36.55	23.90	3.41	25.2	-0.04	0.08	-0.15	0.25
U1429C	13H	3	131	95.81	102.5	102.47	-1.89	1.13	-0.32	2.88	0.010	-32.98	23.92	3.67	25.4	0.00	0.12	-0.11	0.26
U1429C	13H	3	136	95.86	102.5	102.52	-1.87	0.59	-0.36	2.87	0.001	-31.83	23.82	3.75	26.1	-0.05	0.07	-0.16	0.21
U1429C	13H	3	146	95.96	102.6	102.62	-2.11	1.03	-0.54	2.84	-0.023	-29.09	24.00	3.90	26.3	-0.07	0.03	-0.18	0.16
U1429C	13H	4	1	96.01	102.7	102.67	-2.19	0.86	-0.61	2.82	-0.036	-27.50	24.00	3.95	26.5	-0.08	0.04	-0.20	0.14
U1429C	13H	4	12	96.12	102.8	102.78	-2.37	1.22	-0.63	2.78	-0.069	-23.65	24.35	4.06	26.4	-0.05	0.08	-0.18	0.14
U1429C	13H	4	16	96.16	102.8	102.82	-2.09	0.89	-0.53	2.77	-0.082	-22.14	24.47	3.94	25.5	-0.03	0.08	-0.14	0.15
U1429C	13H	4	26	96.26	102.9	102.92	-2.02	0.89	-0.41	2.71	-0.125	-17.04	24.19	3.65	25.3	-0.03	0.07	-0.15	0.11
U1429C	13H	4	31	96.31	103	102.97	-2.01	0.72	-0.40	2.68	-0.152	-13.83	24.14	3.67	25.3	0.04	0.18	-0.15	0.15
U1429C	13H	4	41	96.41	103.1	103.07	-2.07	1.00	-0.42	2.61	-0.209	-7.17	23.56	3.71	25.1	0.16	0.36	0.01	0.22
U1429C	13H	4	46	96.46	103.1	103.12	-1.74	0.86	-0.21	2.58	-0.238	-3.72	23.18	3.77	25.4	0.17	0.29	0.04	0.20
U1429C	13H	4	56	96.56	103.2	103.22	-2.03	0.93	-0.30	2.55	-0.259	-1.30	23.00	3.90	25.4	0.16	0.27	0.05	0.17
U1429C	13H	4	61	96.61	103.3	103.27	-1.91	1.03	-0.25	2.56	-0.250	-2.32	23.00	3.82	25.2	0.08	0.23	-0.06	0.09
U1429C	13H	4	71	96.71	103.4	103.37	-1.95	0.85	-0.34	2.54	-0.264	-0.73	23.06	3.66	25.2	-0.01	0.13	-0.15	-0.01
U1429C	13H	4	76	96.76	103.4	103.42	-2.21	0.77	-0.42	2.52	-0.286	1.88	23.11	3.64	25.1	-0.01	0.11	-0.16	-0.02
U1429C	13H	4	86	96.86	103.5	103.52	-2.07	0.63	-0.34	2.57	-0.241	-3.37	23.19	3.59	25.1	0.07	0.22	-0.06	0.10
U1429C	13H	4	91	96.91	103.6	103.57	-1.81	0.66	-0.17	2.65	-0.174	-11.24	23.14	3.69	25.2	0.14	0.27	0.02	0.23
U1429C	13H	4	101	97.01	103.7	103.67	-1.79	0.71	-0.08	2.72	-0.123	-17.30	22.92	3.89	25.2	0.12	0.25	-0.01	0.26
U1429C	13H	4	106	97.06	103.7	103.72	-1.87	0.77	-0.13	2.70	-0.138	-15.48	22.76	3.66	24.4	-0.11	0.04	-0.29	0.02
U1429C	13H	4	116	97.16	103.8	103.82	-1.92	0.82	-0.14	2.70	-0.133	-16.06	22.33	3.21	24.2	-0.15	-0.02	-0.27	-0.02
U1429C	13H	4	121	97.21	103.9	103.87	-1.86	0.94	-0.06	2.73	-0.113	-18.45	21.98	3.25	23.9	0.10	0.33	-0.05	0.25
U1429C	13H	4	131	97.31	104	103.97	-1.39	0.72	0.32	2.78	-0.070	-23.51	21.88	3.35	23.9	0.15	0.27	0.03	0.33
U1429C	13H	4	136	97.36	104	104.02	-1.50	0.85	0.34	2.81	-0.047	-26.19	21.95	3.37	24.0	0.15	0.30	0.03	0.36
U1429C	13H	4	146	97.46	104.1	104.12	-1.33	1.01	0.41	2.86	-0.003	-31.35	21.53	3.43	24.2	0.12	0.25	-0.03	0.37
U1429C	13H	5	1	97.51	104.2	104.17	-1.58	0.86	0.23	2.89	0.018	-33.84	21.68	3.42	24.3	0.04	0.16	-0.09	0.31
U1429C	13H	5	12	97.62	104.3	104.28	-1.61	0.91	0.26	2.93	0.053	-38.01	21.73	3.40	24.2	0.06	0.18	-0.07	0.36
U1429C	13H	5	16	97.66	104.3	104.32	-1.45	1.02	0.35	2.95	0.063	-39.13	21.74	3.40	23.9	0.18	0.34	0.04	0.50
U1429C	13H	5	26	97.76	104.4	104.42	-1.20	0.80	0.58	2.97	0.086	-41.87	22.15	3.41	24.2	0.19	0.31	0.06	0.52
U1429C	13H	5	31	97.81	104.5	104.47	-1.39	0.75	0.47	2.99	0.097	-43.21	22.40	3.50	24.8	0.13	0.24	0.01	0.47
U1429C	13H	5	41	97.91	104.6	104.57	-1.51	0.81	0.37	3.02	0.124	-46.40	22.60	3.68	24.9	0.09	0.21	-0.03	0.46
U1429C	13H	5	46	97.96	104.6	104.62	-1.55	0.64	0.35	3.04	0.140	-48.24	22.61	3.59	24.5	0.02	0.13	-0.10	0.40
U1429C	13H	5	56	98.06	104.7	104.72	-1.50	0.69	0.42	3.07	0.161	-50.70	22.70	3.41	24.3	0.00	0.12	-0.11	0.40
U1429C	13H	5	61	98.11	104.8	104.77	-1.48	0.82	0.45	3.07	0.166	-51.30	22.70	3.35	23.6	0.06	0.19	-0.07	0.47
U1429C	13H	5	71	98.21	104.9	104.87	-1.27	0.78	0.65	2.98	0.090	-42.38	22.76	3.23	23.4	0.06	0.19	-0.07	0.40
U1429C	13H	5	76	98.26	104.9	104.92	-1.40	0.83	0.56	2.88	0.009	-32.85	22.78	3.14	23.0	-0.01	0.12	-0.13	0.26
U1429C	13H	5	86	98.36	105	105.02	-1.39	0.82	0.56	2.85	-0.012	-30.40	22.69	2.96	23.0	-0.01	0.12	-0.13	0.24
U1429C	13H	5	91	98.41	105.1	105.07	-1.34	0.89	0.61	2.93	0.049	-37.47	23.14	3.06	24.4	-0.02	0.19	-0.19	0.28
U1429C	13H	5	101	98.51	105.2	105.17	-1.32	0.96	0.59	2.99	0.096	-43.08	23.62	3.26	23.8	0.03	0.19	-0.12	0.37
U1429C	13H	5	106	98.56	105.2	105.22	-1.47	0.71	0.41	2.97	0.084	-41.62	23.69	3.28	24.6	-0.13	0.06	-0.33	0.20
U1429C	13H	5	116	98.66	105.3	105.32	-2.00	0.93	0.09	2.93	0.048	-37.41	23.64	3.34	24.9	-0.15	0.02	-0.36	0.15
U1429C	13H	5	122	98.72	105.4	105.38	-1.89	0.63	0.12	2.89	0.020	-34.12	23.88	3.49	25.0	0.04	0.26	-0.13	0.32
U1429C	13H	5	131	98.81	105.5	105.47	-1.60	0.74	0.15	2.85	-0.018	-29.66	23.82	3.73	25.0	0.09	0.25	-0.05	0.32
U1429C	13H	5	136	98.86	105.5	105.52	-1.78	0.50	0.15	2.82	-0.037	-27.40	23.69	3.64	24.8	0.02	0.17	-0.12	0.24
U1429C	13H	5	146	98.96	105.6	105.62	-1.87	0.71	0.13	2.77	-0.078	-22.62	23.60	3.44	24.7	0.03	0.17	-0.10	0.21
U1429C	13H	6	1	99.01	105.7	105.67	-1.71	0.90	0.13	2.75	-0.099	-20.10	23.60	3.51	24.7	0.11	0.25	-0.07	0.27
U1429C	13H	6	11	99.11	105.8	105.77	-1.80	0.92	0.16	2.70	-0.134	-16.03	23.36	3.64	24.7	0.19	0.35	0.02	0.32
U1429C	13H	6	16	99.16	105.8	105.82	-1.49	0.55	0.23	2.69	-0.147	-14.46	23.25	3.66	24.8	0.18	0.31	0.03	0.29
U1429C	13H	6	26	99.26	105.9	105.92	-1.76	0.84	0.23	2.70	-0.133	-16.06	23.70	3.70	24.9	0.15	0.30	0.03	0.28
U1429C	13H	6	31	99.31	106	105.97	-1.69	0.84	0.17	2.74	-0.107	-19.21	23.70	3.67	25.2	0.05	0.33	-0.11	0.20
U1429C	13H	6	41	99.41	106.1	106.07	-2.27	0.93	-0.02	2.71	-0.127	-16.85	23.88	3.63	25.2	0.02	0.26	-0.15	0.15
U1429C	13H	6	46	99.46	106.1	106.12	-1.80	0.64	-0.07	2.65	-0.174	-11.34	23.98	3.65	25.2	0.04	0.19	-0.09	0.13
U1429C	13H	6	56	99.56	106.2	106.22	-1.94	1.06	-0.03	2.66	-0.173	-11.44	23.81	3.69	25.4	0.03	0.15	-0.09	0.12
U1429C	13H	6	61	99.61	106.3	106.27	-1.98	0.72	-0.12	2.71	-0.125	-17.04	23.86	3.75	25.6	0.00	0.15	-0.17	0.14
U1429C	13H	6	71	99.71	106.4	106.37	-2.26	1.15	-0.16	2.71	-0.126	-16.92	23.78	3.86	25.6	0.02	0.18	-0.17	0.15
U1429C	13H	6	76	99.76	106.4	106.42	-1.84	1.02	-0.07	2.65	-0.175	-11.18	23.69	3.80	25.4	0.03	0.21	-0.15	0.12
U1429C	13H	6	86	99.86	107	106.52	-2.20	0.88	0.01	2.60	-0.215	-6.45	23.66	3.68	25.2	0.06	0.25	-0.12	0.11
U1429C	13H	6	91	99.91	106.6	106.57	-1.79	0.76	0.02	2.61	-0.207	-7.45	23.96	3.67	25.1	-0.03	0.11	-0.21	0.03
U1429A	12H	1	91	100.01	107	107.25	-2.00	0.82	-0.13	2.76	-0.091	-21.08	23.88	3.59	26.3	0.19	0.37	-0.02	0.36
U1429A	12H	3	16	102.26	110	109.5	-2.21	0.86	-0.54	2.66	-0.173	-11.40	23.70	4.35	26.9	0.09	0.29	-0.29	0.18
U1429A	12H	3	26	102.36	109.6	109.6	-2.47	0.96	-0.36	2.65	-0.175	-11.18	23.70	4.19	26.8	0.19	0.48	-0.14	0.28
U1429A	12H	3	31	102.41	110	109.65	-1.80	0.65	-0.15	2.65	-0.181	-10.51	23.70	4.56	26.3	0.13	0.29	-0.19	0.22
U1429A	12H	3	41	102.51	109.8	109.75	-2.17	0.94	-0.25	2.66	-0.173	-11.40	23.76	4.06	25.9	0.14	0.26	-0.02	0.23
U1429A	12H	3	46	102.56	110	109.8	-1.84	0.53	-0.34	2.67	-0.160	-12.97	23.77	3.81	26.4	0.25	0.39	0.12	0.35
U1429A	12H	3	56	102.66	109.9	109.9	-2.28	0.93	-0.49	2.67	-0.162	-12.65	23.49	4.92	26.5	0.30	0.40	0.19	0.40
U1429A	12H	3	61	102.71	110	109.95	-1.87	0.84	-0.36	2.65	-0.178	-10.77	23.44	4.22	26.3	0.22	0.37	0.08	0.31
U1429A	12H	3	76	102.86	110	110.1	-2.04	0.64	-0.35	2.66	-0.173	-11.44	23.28	4.18	26.2	0.16	0.33	-0.22	0.25
U1429A	12H	3	86	102.96	110.2	110.2	-2.21	0.81	-0.18	2.65	-0.176	-11.09	23.11	4.04	26.1	0.25	0.52	-0.10	0.34
U1429A	12H	3	91	103.01	110	110.25	-1.59	0.54	-0.15	2.64	-0.190	-9.46	23.16	4.39	26.2	0.21	0.37	-0.11	0.29
U1429A	12H	3	101	103.11	110.4	110.35	-2.16	0.85	-0.47	2.65	-0.179	-10.70	23.02	4.19	26.2	0.20	0.34	0.06	0.29
U1429A	12H	3	106	103.16	110	110.4	-1.85	0.68	-0.37	2.68	-0.155	-13.57	22.92	4.09	26.2	0.23	0.34	0.12	0.34
U1429A	12H	3	116	103.26	110.5	110.5	-1.95	0.92	-0.22	2.72	-0.124	-17.17	23.10	4.26	26.2	0.22	0.33	0.11	0.36
U1429A	12H	3	121	103.31	111	110.55	-1.95	0.52	-0.21	2.72	-0.118	-17.91	23.10	4.12	25.4	0.21	0.33	0.09	0.35
U1429A	12H	3	131	103.41	110.7	110.65	-1.65	0.45	-0.17	2.71	-0.125	-17.08	22.92	3.85	25.2	0.18	0.30	0.06	0.32
U1429A	12H	3	136	103.46	111	110.7	-1.84	0.59	-0.15	2.70	-0.138	-15.52	22.81	3.80	25.2	0.14	0.26	0.02	0.26
U1429A	12H	3	143	103.53	110.8	110.77	-1.80	0.74	-0.15	2.70	-0.135	-15.83	22.88	3.72	25.1	0.09	0.22	-0.03	0.22
U1429A	12H	4	1	103.61	111	110.85	-1.81	0.73	-0.16	2.78	-0.072	-23.32	22.96	3.66	25.1	0.00	0.15	-0.13	0.19
U1429A	12H	4	11	103.71	111	110.95	-1.81	0.86	-0.21	2.82	-0.041	-26.99	22.88	3.60	25.1	-0.06	0.07	-0.20	0.15
U1429A	12H	4	16	103.76	111	111	-2.03	0.41	-0.29	2.81	-0.049	-25.97	22.79	3.57	24.9	-0.05	0.09	-0.24	0.16
U1429A	12H	4	26	103.86	111.1	111.1	-1.92	0.66	-0.10	2.84	-0.026	-28.74	22.68	3.51	24.7	0.03	0.22	-0.13	0.26
U1429A	12H	4	31	103.91	111	111.15	-1.52	0.61	0.10	2.88	0.007	-32.53	22.58	3.52	24.5	0.12	0.26	-0.01	0.38
U1429A	12H	4	41	104.01	111.3	111.25	-1.56	0.60	0.13	2.94	0.058	-38.56	22.32	3.54	24.4	0.14	0.28	0.02	0.45
U1429A	12H	4	46	104.06	111	111.3	-1.37	0.41	0.13	2.96	0.077	-40.79	22.20	3.53	24.4	0.11	0.23	-0.02	0.43
U1429A	12H	4	56	104.16	111.4	111.4	-1.52	0.67	0.16	3.04	0.143	-48.59	22.20	3.49	24.3	0.10	0.22	-0.02	0.49
U1429A	12H	4	61	104.21	111	111.45	-1.30	0.36	0.26	3.10	0.190	-54.17	22.20	3.44	23.9	0.11	0.23	-0.01	0.54
U1429A	12H	4	71	104.31	111.6	111.55	-1.22	0.64	0.35	3.13	0.211	-56.63	22.38	3.33	23.7	0.11	0.23	-0.01	0.56
U1429A	12H	4	76	104.36	112	111.6	-1.27	0.61	0.35	3.10	0.185	-53.50	22.45	3.28	23.5	0.08	0.23	-0.05	0.51
U1429A	12H	4	86	104.46	111.7	111.7	-1.11	0.48	0.35	3.07	0.163	-50.95	22.00	3.17	23.4	0.04	0.19	-0.11	0.44
U1429A	12H	4	91	104.51	112	111.75	-1.37	0.28	0.32	3.08	0.168	-51.53	22.00	3.15	23.5	-0.07	0.07	-0.23	0.34
U1429A	12H	4	106	104.66	112	111.9	-1.37	0.41	0.20	3.15	0.231	-58.92	22.01	3.09	23.8	-0.19	-0.05	-0.35	0.28
U1429A	12H	4	121	104.81	112	112.05	-1.44	0.55	0.19	3.35	0.389	-77.56	22.22	3.11	24.0	-0.21	-0.02	-0.39	0.41
U1429A	12H	4	131	104.91	112.2	112.15	-1.19	0.39	0.10	3.41	0.442	-83.71	22.24	3.13	24.0	-0.24	-0.04	-0.47	0.43
U1429A	12H	4	136	104.96	112	112.2	-1.63	0.59	0.11	3.40	0.429	-82.25	22.21	3.13	23.8	-0.15	0.07	-0.36	0.51
U1429A	12H	4	146	105.06	112.3	112.3	-1.07	0.48	0.47	3.33	0.376	-75.98	22.32	3.15	23.7	-0.13	0.04	-0.31	0.48
U1429A	12H	5	1	105.11	112	112.34	-1.46	0.64	0.37	3.29	0.343	-72.15	22.41	3.13	23.6	-0.13	0.02	-0.28	0.45
U1429A	12H	5	11	105.21	112.5	112.44	-1.40	0.44	0.16	3.22	0.283	-65.11	22.44	3.08	23.6	-0.10	0.04	-0.24	0.42
U1429A	12H	5	16	105.26	113	112.49	-1.27	0.49	0.21	3.20	0.266	-63.00	22.40	3.14	23.8	-0.04	0.09	-0.17	0.46
U1429A	12H	5	26	105.36	112.6	112.59	-1.35	0.41	0.15	3.19	0.258	-62.07	22.39	3.27	24.3	-0.13	0.03	-0.28	0.37
U1429A	12H	5	41	105.51	112.8	112.74	-1.72	0.56	-0.07	3.18	0.250	-61.15	22.30	3.29	24.4	-0.14	0.01	-0.30	0.35
U1429A	12H	5	46	105.56	113	112.79	-1.51	0.24	0.00	3.14	0.222	-57.87	22.30	3.30	24.2	-0.08	0.16	-0.31	0.38
U1429A	12H	5	56	105.66	112.9	112.89	-1.19	0.22	0.24	3.16	0.235	-59.43	22.29	3.31	24.4	-0.19	0.02	-0.50	0.29
U1429A	12H	5	61	105.71	113	112.94	-1.81	0.74	0.02	3.21	0.276	-64.27	22.24	3.27	24.6	-0.23	-0.08	-0.38	0.29
U1429A	12H	5	71	105.81	113.1	113.04	-1.62	0.55	-0.14	3.27	0.327	-70.20	22.02	3.35	24.6	-0.22	-0.10	-0.35	0.34
U1429A	12H	5	76	105.86	113	113.09	-1.63	0.68	-0.09	3.28	0.336	-71.28	21.86	3.29	24.2	-0.19	-0.07	-0.32	0.38
U1429A	12H	5	86	105.96	113.2	113.19	-1.40	0.53	0.02	3.28	0.334	-71.06	21.49	3.16	23.9	-0.18	-0.06	-0.31	0.39
U1429A	12H	5	91	106.01	113	113.24	-1.49	0.50	0.11	3.27	0.323	-69.75	21.44	3.16	23.8	-0.13	0.01	-0.28	0.43
U1429A	12H	5	101	106.11	113.4	113.34	-1.16	0.53	0.33	3.32	0.370	-75.33	21.46	3.15	23.7	-0.12	0.02	-0.27	0.48
U1429A	12H	5	106	106.16	113	113.39	-1.33	0.63	0.27	3.40	0.429	-82.22	21.50	3.15	23.8	-0.14	0.01	-0.29	0.52
U1429A	12H	5	121	106.31	114	113.54	-1.25	0.70	0.31	3.48	0.500	-90.63	21.44	3.14	23.6	-0.15	0.09	-0.34	0.57
U1429A	12H	5	131	106.41	113.7	113.64	-0.90	0.45	0.19	3.49	0.502	-90.79	21.58	3.03	23.7	-0.27	-0.07	-0.55	0.46
U1429A	12H	5	136	106.46	114	113.69	-1.51	0.77	0.09	3.48	0.497	-90.18	21.73	3.05	24.1	-0.37	-0.21	-0.59	0.35
U1429A	12H	6	1	106.56	114	113.79	-1.67	0.50	-0.15	3.42	0.446	-84.27	22.04	3.08	23.9	-0.22	0.01	-0.37	0.46
U1429A	12H	6	11	106.66	113.9	113.89	-1.31	0.84	0.17	3.41	0.437	-83.17	22.14	3.12	23.6	-0.15	0.00	-0.27	0.52
U1429A	12H	6	16	106.71	114	113.94	-1.14	0.46	0.28	3.45	0.473	-87.38	22.05	3.08	23.4	-0.16	-0.01	-0.29	0.54
U1429A	12H	6	26	106.81	114	114.04	-1.08	0.62	0.37	3.47	0.488	-89.19	21.60	2.99	23.3	-0.20	-0.04	-0.34	0.51
U1429A	12H	6	31	106.86	114	114.09	-1.27	0.62	0.30	3.44	0.468	-86.80	21.63	2.94	23.0	-0.22	-0.08	-0.37	0.47
U1429B	13H	4	41	107.54	114.2	114.2	-1.21	0.47	0.29	3.39	0.426	-81.93	21.68	2.84	22.9	-0.20	-0.05	-0.35	0.46
U1429B	13H	4	46	107.59	114.3	114.25	-1.13	0.45	0.34	3.37	0.409	-79.92	21.69	2.88	22.8	-0.11	0.05	-0.27	0.53
U1429B	13H	4	56	107.69	114.4	114.35	-0.95	0.47	0.45	3.35	0.394	-78.17	21.60	2.95	22.9	-0.09	0.08	-0.24	0.53
U1429B	13H	4	61	107.74	114.4	114.4	-1.09	0.59	0.37	3.36	0.397	-78.42	21.60	2.92	23.0	-0.20	-0.03	-0.37	0.43
U1429B	13H	4	71	107.84	114.5	114.5	-1.41	0.55	0.12	3.32	0.364	-74.60	21.42	2.86	23.1	-0.22	-0.03	-0.37	0.38
U1429B	13H	4	76	107.89	114.6	114.55	-1.20	0.81	0.16	3.27	0.329	-70.52	21.31	2.93	23.4	-0.17	-0.03	-0.30	0.40
U1429B	13H	4	86	107.99	114.7	114.65	-1.33	0.47	0.12	3.23	0.296	-66.63	21.45	3.08	23.6	-0.17	-0.03	-0.30	0.36
U1429B	13H	4	91	108.04	114.7	114.7	-1.41	0.50	0.05	3.24	0.298	-66.82	21.70	3.05	23.5	-0.20	-0.06	-0.35	0.33
U1429B	13H	4	101	108.14	114.8	114.8	-1.49	0.66	0.08	3.24	0.303	-67.46	21.54	3.00	23.4	-0.20	-0.06	-0.35	0.34
U1429B	13H	4	106	108.19	114.9	114.85	-1.26	0.54	0.09	3.25	0.307	-67.91	21.36	3.00	23.4	-0.19	-0.06	-0.32	0.36
U1429B	13H	4	116	108.29	115	114.95	-1.36	0.54	0.10	3.28	0.335	-71.22	21.91	2.98	23.5	-0.17	-0.05	-0.32	0.40
U1429B	13H	4	121	108.34	115	115	-1.26	0.65	0.10	3.31	0.360	-74.09	21.96	3.06	23.8	-0.12	0.02	-0.25	0.48
U1429B	13H	4	131	108.44	115.1	115.1	-1.41	0.63	0.11	3.27	0.327	-70.26	22.18	3.23	23.9	-0.08	0.05	-0.21	0.48
U1429B	13H	4	136	108.49	115.2	115.15	-1.31	0.50	0.12	3.20	0.270	-63.57	22.36	3.19	23.5	-0.09	0.04	-0.22	0.42
U1429B	13H	5	1	108.64	115.3	115.3	-1.39	0.50	0.07	3.11	0.195	-54.71	22.55	3.07	23.2	-0.06	0.08	-0.20	0.37
U1429B	13H	5	11	108.74	115.4	115.4	-1.26	0.49	0.18	3.16	0.237	-59.62	22.58	2.99	23.2	-0.02	0.12	-0.16	0.45
U1429B	13H	5	16	108.79	115.5	115.45	-1.11	0.50	0.22	3.22	0.288	-65.61	22.69	3.10	23.5	0.05	0.17	-0.08	0.57
U1429B	13H	5	31	108.94	115.6	115.6	-1.24	0.59	0.26	3.17	0.246	-60.70	22.30	3.30	23.4	0.15	0.29	0.01	0.64
U1429B	13H	5	46	109.09	115.8	115.75	-0.94	0.43	0.48	3.22	0.284	-65.13	22.67	3.22	23.4	0.06	0.21	-0.11	0.58
U1429B	13H	5	61	109.24	115.9	115.9	-1.14	0.57	0.34	3.31	0.360	-74.15	22.10	3.17	23.3	0.01	0.14	-0.12	0.60
U1429B	13H	5	76	109.39	116.1	116.05	-1.05	0.59	0.44	3.38	0.412	-80.27	21.42	3.09	22.3	0.16	0.35	-0.01	0.80
U1429B	13H	5	91	109.54	116.2	116.2	-0.61	0.54	0.78	3.27	0.329	-70.52	21.72	2.96	22.0	0.19	0.38	0.04	0.76
U1429B	13H	5	101	109.64	116.3	116.3	-0.82	0.44	0.77	3.27	0.328	-70.39	21.92	2.87	21.9	0.21	0.41	0.04	0.77
U1429B	13H	5	106	109.69	116.4	116.35	-0.44	0.55	0.79	3.33	0.377	-76.16	21.91	2.92	22.2	0.25	0.39	0.11	0.86
U1429B	13H	5	121	109.84	116.5	116.5	-0.63	0.45	0.75	3.32	0.367	-74.98	21.82	3.05	22.9	0.14	0.30	0.00	0.74
U1429B	13H	5	136	109.99	116.7	116.65	-1.01	0.63	0.44	3.28	0.332	-70.81	21.95	3.15	22.7	-0.06	0.10	-0.24	0.50
U1429B	13H	6	1	110.14	116.8	116.8	-1.03	0.81	0.38	3.32	0.367	-74.92	22.10	2.79	22.3	-0.19	-0.04	-0.33	0.41
U1429B	13H	6	11	110.24	116.9	116.9	-1.19	0.89	0.25	3.20	0.273	-63.92	21.96	2.71	22.2	-0.17	-0.02	-0.30	0.34
U1429B	13H	6	16	110.29	117	116.95	-1.17	0.80	0.25	3.07	0.161	-50.70	21.54	2.72	22.1	-0.11	0.02	-0.24	0.30
U1429B	13H	6	31	110.44	117.1	117.1	-1.02	0.80	0.40	3.19	0.264	-62.78	21.31	2.75	22.2	-0.08	0.10	-0.24	0.42
U1429B	13H	6	41	110.54	117.2	117.2	-0.79	0.64	0.59	3.32	0.368	-75.01	21.08	2.77	22.1	-0.03	0.15	-0.16	0.57
U1429B	13H	6	46	110.59	117.3	117.25	-0.88	0.66	0.49	3.32	0.364	-74.60	20.98	2.78	22.4	-0.13	0.07	-0.30	0.47
U1429B	13H	6	56	110.69	117.4	117.35	-1.30	1.03	0.13	3.30	0.347	-72.59	21.76	2.80	22.4	-0.14	0.06	-0.32	0.44
U1429B	13H	6	61	110.74	117.4	117.4	-0.91	0.84	0.20	3.28	0.334	-71.00	22.06	2.81	22.4	-0.09	0.09	-0.26	0.48
U1429B	13H	6	71	110.84	117.5	117.5	-1.19	0.61	0.32	3.21	0.276	-64.18	22.24	2.83	22.3	-0.04	0.15	-0.20	0.47
U1429B	13H	6	76	110.89	117.6	117.55	-0.91	0.84	0.34	3.15	0.231	-58.95	22.27	2.84	22.8	-0.12	0.05	-0.29	0.35
U1429B	13H	6	91	111.04	117.7	117.7	-1.41	1.05	0.07	3.08	0.175	-52.39	23.08	2.93	23.5	-0.11	0.03	-0.25	0.31
U1429B	13H	6	106	111.19	117.9	117.85	-1.45	0.86	-0.02	3.02	0.126	-46.62	23.06	3.14	23.8	-0.11	0.06	-0.24	0.27
U1429B	13H	6	121	111.34	118	118	-1.48	0.85	-0.11	3.05	0.149	-49.30	23.20	3.18	23.8	-0.15	0.05	-0.35	0.24
U1429B	13H	6	131	111.44	118.1	118.1	-1.77	0.97	-0.32	3.04	0.143	-48.53	23.28	3.11	23.7	-0.11	0.13	-0.30	0.28
U1429B	13H	6	136	111.49	118.2	118.15	-1.31	0.88	-0.19	3.01	0.114	-45.15	23.14	3.14	23.7	-0.05	0.12	-0.18	0.31
U1429B	13H	6	146	111.59	118.3	118.25	-1.48	0.75	-0.03	3.00	0.107	-44.34	22.61	3.18	24.0	-0.14	0.05	-0.28	0.22
U1429B	13H	7	16	111.8	118.5	118.46	-1.69	0.94	-0.24	2.96	0.075	-40.56	22.87	3.36	24.0	-0.23	-0.08	-0.39	0.10
U1429B	13H	7	26	111.9	118.6	118.56	-1.68	0.79	-0.28	2.97	0.079	-41.04	22.62	2.92	23.9	-0.25	-0.13	-0.39	0.07
U1429B	13H	7	31	111.95	118.6	118.61	-1.74	1.00	-0.29	3.02	0.123	-46.24	22.72	3.20	25.4	0.04	0.36	-0.14	0.41
U1429B	13H	7	46	112.1	118.8	118.76	-1.85	0.84	-0.42	2.82	-0.042	-26.76	23.40	3.96	26.0	-0.13	0.03	-0.40	0.09
U1429B	13H	7	61	112.25	118.9	118.91	-2.29	0.94	-0.81	2.77	-0.077	-22.65	23.76	3.74	27.0	0.04	0.29	-0.09	0.22
U1429B	13H	7	76	112.4	119.1	119.06	-2.29	0.89	-0.83	2.70	-0.136	-15.74	24.17	4.46	26.1	0.05	0.16	-0.06	0.17
U1429B	13H	7	91	112.55	119.2	119.21	-2.10	0.91	-0.65	2.66	-0.171	-11.69	23.90	3.85	25.6	-0.01	0.10	-0.12	0.08
U1429B	13H	7	103	112.67	119.3	119.33	-2.09	0.59	-0.62	2.64	-0.182	-10.34	24.06	3.70	25.5	-0.02	0.08	-0.13	0.06
U1429B	13H	7	106	112.7	119.4	119.36	-2.10	0.74	-0.61	2.63	-0.190	-9.45	24.03	3.74	25.4	0.14	0.30	0.01	0.21
U1429A	13H	3	11	111.73	119.4	119.44	-1.90	0.88	-0.43	2.61	-0.210	-7.08	23.48	3.86	25.3	0.21	0.32	0.11	0.27
U1429A	13H	3	16	111.78	119	119.49	-1.79	0.70	-0.39	2.59	-0.222	-5.59	23.20	3.81	25.6	-0.07	0.07	-0.35	-0.03
U1429A	13H	3	26	111.88	119.6	119.59	-2.32	0.90	-0.80	2.59	-0.224	-5.38	23.20	3.72	25.6	-0.09	0.02	-0.21	-0.05
U1429A	13H	3	31	111.93	120	119.64	-2.16	0.92	-0.69	2.61	-0.213	-6.66	23.20	3.71	25.4	0.02	0.16	-0.15	0.08
U1429A	13H	3	41	112.03	119.7	119.74	-2.08	0.72	-0.54	2.60	-0.216	-6.34	23.38	3.71	25.1	0.16	0.35	0.02	0.21
U1429A	13H	3	46	112.08	120	119.79	-1.77	0.52	-0.36	2.59	-0.230	-4.74	23.50	3.78	25.6	0.16	0.28	0.04	0.20
U1429A	13H	3	56	112.18	119.9	119.89	-2.05	0.71	-0.53	2.60	-0.219	-5.95	23.51	3.94	25.7	0.16	0.27	0.05	0.21
U1429A	13H	3	61	112.23	120	119.94	-1.91	0.47	-0.44	2.63	-0.196	-8.76	23.56	3.93	25.6	0.15	0.36	0.02	0.22
U1429A	13H	3	71	112.33	120	120.04	-1.81	0.72	-0.38	2.67	-0.163	-12.58	23.42	3.89	25.8	-0.01	0.14	-0.25	0.10
U1429A	13H	3	76	112.38	120	120.09	-2.23	0.70	-0.72	2.68	-0.154	-13.60	23.31	3.87	25.0	0.09	0.31	-0.13	0.20
U1429A	13H	3	86	112.48	120.2	120.19	-2.22	0.90	-0.67	2.70	-0.139	-15.39	23.35	3.76	24.7	0.16	0.37	-0.03	0.28
U1429A	13H	3	91	112.53	120	120.24	-1.99	0.55	-0.26	2.71	-0.133	-16.15	23.10	3.69	24.6	0.19	0.39	0.02	0.32
U1429A	13H	3	101	112.63	120.3	120.34	-1.74	0.65	-0.15	2.71	-0.126	-16.89	22.84	3.54	24.6	0.21	0.41	0.04	0.34
U1429A	13H	3	106	112.68	120	120.39	-1.53	0.53	-0.09	2.71	-0.127	-16.85	22.82	3.65	24.5	0.20	0.39	0.02	0.33
U1429A	13H	3	116	112.78	120.5	120.49	-1.81	0.46	0.01	2.73	-0.109	-18.96	22.87	3.86	24.5	0.19	0.40	0.02	0.34
U1429A	13H	3	121	112.83	121	120.54	-1.40	0.50	0.07	2.76	-0.091	-21.09	22.22	3.78	24.4	0.21	0.41	0.06	0.38
U1429A	13H	3	131	112.93	120.6	120.64	-1.61	0.70	0.18	2.83	-0.035	-27.69	22.00	3.61	24.3	0.22	0.42	0.06	0.44
U1429A	13H	3	136	112.98	121	120.69	-1.29	0.17	0.23	2.87	0.003	-32.15	22.14	3.53	24.2	0.21	0.43	0.06	0.47
U1429A	13H	3	145	113.07	120.8	120.78	-1.13	0.60	0.27	2.92	0.040	-36.49	21.70	3.38	24.1	0.22	0.45	0.06	0.51
U1429A	13H	4	1	113.09	121	120.8	-1.16	0.54	0.26	2.92	0.040	-36.44	21.70	3.33	24.1	0.21	0.46	0.05	0.50
U1429A	13H	4	11	113.19	120.9	120.9	-1.64	0.70	0.21	2.92	0.038	-36.27	22.12	3.05	24.5	0.33	0.55	0.03	0.62
U1429A	15H	1	1	118.11	126	125.76	-1.40	0.60	0.12	2.99	0.100	-43.52	22.19	3.73	24.9	0.41	0.56	0.21	0.75
U1429A	15H	1	16	118.26	126	125.91	-0.88	0.58	0.23	2.99	0.099	-43.39	22.33	3.75	25.0	0.42	0.58	0.21	0.77
U1429A	15H	1	31	118.41	126	126.06	-1.50	0.82	0.33	2.99	0.096	-43.08	21.04	4.17	25.1	0.42	0.59	0.14	0.77
U1429A	15H	1	46	118.56	126	126.21	-1.30	1.01	0.44	2.98	0.094	-42.77	22.08	3.91	25.4	0.47	0.68	-0.29	0.82
U1429A	15H	1	91	119.01	127	126.66	-0.60	0.56	0.59	3.02	0.122	-46.14	21.08	5.04	24.0	0.30	0.53	-0.64	0.67
U1429A	15H	1	101	119.11	126.8	126.76	-1.19	0.66	0.32	3.02	0.124	-46.36	21.06	3.19	23.1	0.24	0.40	0.09	0.61
U1429A	15H	1	106	119.16	127	126.81	-0.96	0.83	0.46	3.03	0.127	-46.75	21.14	3.23	23.9	0.08	0.24	-0.14	0.45
U1429A	15H	1	121	119.31	127	126.96	-1.43	0.74	0.03	3.10	0.190	-54.08	21.44	3.36	22.8	-0.02	0.10	-0.15	0.41
U1429A	15H	1	136	119.46	127.1	127.11	-1.21	0.55	0.25	2.97	0.080	-41.17	21.66	2.87	22.4	0.10	0.25	-0.05	0.43
U1429A	15H	2	1	119.61	127	127.26	-0.81	0.54	0.61	3.21	0.277	-64.34	21.42	2.96	22.4	0.10	0.31	-0.06	0.61
U1429A	15H	2	11	119.71	127.4	127.36	-0.72	0.79	0.67	3.31	0.355	-73.55	21.38	2.93	22.7	-0.06	0.11	-0.28	0.53
U1429A	15H	2	16	119.76	127	127.41	-1.21	0.40	0.31	3.24	0.300	-67.08	21.33	2.91	22.8	0.02	0.18	-0.13	0.56
U1429A	15H	2	46	120.06	128	127.71	-0.92	0.43	0.46	3.49	0.507	-91.43	21.72	3.06	22.7	0.05	0.20	-0.09	0.78
U1429A	15H	2	56	120.16	127.8	127.81	-0.81	0.64	0.61	3.50	0.512	-92.05	21.88	3.00	22.6	0.06	0.22	-0.09	0.80
U1429A	15H	2	76	120.36	128	128.01	-0.54	0.32	0.57	3.48	0.493	-89.82	21.48	2.90	22.8	0.04	0.18	-0.12	0.75
U1429A	15H	2	86	120.46	128.1	128.11	-0.94	0.54	0.42	3.46	0.484	-88.68	21.31	2.97	23.1	0.03	0.17	-0.11	0.74
U1429A	15H	2	91	120.51	128	128.16	-0.96	0.64	0.41	3.41	0.444	-83.97	21.36	3.09	23.4	0.04	0.19	-0.10	0.71
U1429A	15H	2	101	120.61	128.3	128.26	-1.03	0.65	0.40	3.42	0.447	-84.38	21.34	3.34	23.4	0.02	0.19	-0.11	0.70
U1429A	15H	2	106	120.66	128	128.31	-0.95	0.64	0.39	3.47	0.491	-89.51	21.29	3.19	23.1	-0.06	0.11	-0.22	0.66
U1429A	15H	2	116	120.76	128.4	128.41	-1.04	0.57	0.39	3.51	0.520	-92.96	21.20	2.90	22.9	-0.11	0.03	-0.27	0.63
U1429A	15H	2	121	120.81	128	128.46	-0.97	0.66	0.39	3.49	0.506	-91.27	21.20	2.90	22.8	-0.11	0.04	-0.24	0.62
U1429A	15H	2	131	120.91	128.6	128.56	-0.95	0.47	0.30	3.47	0.488	-89.23	21.56	2.90	22.8	-0.12	0.05	-0.26	0.59
U1429A	15H	2	136	120.96	129	128.61	-0.90	0.21	0.23	3.47	0.485	-88.88	21.78	2.90	23.0	-0.16	0.02	-0.32	0.55
U1429A	15H	2	146	121.06	128.7	128.71	-1.31	0.73	0.14	3.43	0.454	-85.12	21.63	2.89	23.1	-0.16	0.02	-0.35	0.52
U1429A	15H	3	1	121.11	129	128.76	-1.15	0.53	0.18	3.39	0.425	-81.71	21.78	2.95	23.2	-0.14	0.03	-0.33	0.52
U1429A	15H	3	11	121.21	128.9	128.86	-0.93	0.57	0.26	3.38	0.417	-80.78	21.78	3.06	23.4	-0.14	0.01	-0.33	0.51
U1429A	15H	3	16	121.26	129	128.91	-1.25	0.48	0.25	3.41	0.438	-83.27	21.72	3.07	23.5	-0.17	-0.02	-0.33	0.50
U1429A	15H	3	26	121.36	129	129.01	-1.19	0.72	0.15	3.47	0.490	-89.45	21.89	3.08	23.6	-0.19	-0.04	-0.34	0.53
U1429A	15H	3	31	121.41	129	129.06	-1.26	0.41	0.10	3.51	0.522	-93.15	21.84	3.03	23.6	-0.06	0.12	-0.24	0.69
U1429A	15H	3	56	121.66	129.3	129.31	-0.90	0.37	0.07	3.43	0.459	-85.82	21.70	3.00	23.8	0.00	0.17	-0.16	0.69
U1429A	15H	3	61	121.71	129	129.36	-1.29	0.15	0.08	3.38	0.416	-80.72	21.70	3.18	23.8	0.01	0.18	-0.14	0.66
U1429A	15H	3	71	121.81	129.5	129.46	-1.08	0.58	0.22	3.42	0.448	-84.48	21.52	3.53	23.8	0.01	0.17	-0.15	0.68
U1429A	15H	3	76	121.86	130	129.51	-1.08	0.55	0.29	3.51	0.523	-93.34	21.41	3.37	23.5	-0.01	0.15	-0.16	0.74
U1429A	15H	3	86	121.96	129.6	129.61	-0.83	0.63	0.42	3.63	0.622	-104.94	21.44	3.04	23.2	-0.03	0.13	-0.17	0.81
U1429A	15H	3	91	122.01	130	129.66	-0.88	0.42	0.47	3.66	0.645	-107.68	21.14	3.01	23.0	-0.06	0.08	-0.19	0.81
U1429A	15H	3	101	122.11	129.8	129.76	-0.77	0.48	0.52	3.65	0.634	-106.34	20.66	2.96	22.9	-0.07	0.06	-0.20	0.78
U1429A	15H	3	106	122.16	130	129.81	-0.96	0.47	0.54	3.61	0.599	-102.26	20.53	2.94	22.8	-0.06	0.09	-0.20	0.76
U1429A	15H	3	116	122.26	129.9	129.91	-0.71	0.52	0.59	3.57	0.571	-98.95	20.78	2.88	23.0	-0.09	0.08	-0.25	0.71
U1429A	15H	3	131	122.41	130.1	130.06	-0.75	0.57	0.55	3.65	0.632	-106.08	20.36	3.02	23.0	-0.12	0.05	-0.30	0.73
U1429A	15H	3	136	122.46	130	130.11	-1.02	0.60	0.54	3.70	0.679	-111.69	20.23	2.99	23.0	-0.15	0.01	-0.32	0.74
U1429A	15H	3	146	122.56	130.2	130.21	-0.74	0.55	0.51	3.81	0.763	-121.54	20.50	2.92	22.9	-0.18	-0.01	-0.35	0.79
U1429A	15H	4	1	122.61	130	130.26	-0.91	0.68	0.49	3.85	0.799	-125.78	20.50	2.85	22.5	-0.21	-0.05	-0.38	0.79
U1429B	16H	2	61	124.12	130.4	130.42	-0.80	0.85	0.46	3.54	0.545	-95.86	20.26	2.62	22.2	-0.21	-0.05	-0.43	0.55
U1429B	16H	2	76	124.27	130.6	130.57	-0.93	0.87	0.50	3.62	0.607	-103.15	20.98	2.66	22.3	-0.08	0.16	-0.31	0.74
U1429B	16H	2	91	124.42	130.7	130.72	-0.64	0.44	0.60	3.55	0.553	-96.87	20.94	2.94	22.6	0.03	0.19	-0.11	0.81
U1429B	16H	2	106	124.57	130.9	130.87	-0.85	0.73	0.48	3.47	0.488	-89.13	20.28	3.00	22.5	0.03	0.20	-0.13	0.74
U1429B	16H	2	116	124.67	131	130.97	-0.66	0.69	0.47	3.46	0.481	-88.40	20.26	2.91	22.6	-0.02	0.15	-0.20	0.69
U1429B	16H	2	121	124.72	131	131.02	-0.98	0.56	0.40	3.46	0.483	-88.56	20.53	2.88	22.8	-0.20	-0.04	-0.38	0.51
U1429B	16H	3	1	124.84	131.1	131.14	-1.12	0.76	0.18	3.51	0.518	-92.68	20.63	2.82	22.6	-0.26	-0.13	-0.39	0.48
U1429B	16H	3	16	124.99	131.3	131.29	-1.02	0.67	0.22	3.50	0.516	-92.51	20.36	2.73	22.5	-0.24	-0.09	-0.36	0.50
U1429B	16H	3	31	125.14	131.4	131.44	-1.04	0.65	0.23	3.51	0.520	-92.92	20.00	2.81	22.1	-0.27	-0.12	-0.40	0.48
U1429B	16H	3	41	125.24	131.5	131.54	-0.89	0.75	0.25	3.49	0.504	-91.11	19.94	2.58	21.9	-0.30	-0.15	-0.44	0.43
U1429B	16H	3	46	125.29	131.6	131.59	-1.06	0.76	0.18	3.46	0.481	-88.33	20.01	2.58	22.0	-0.32	-0.17	-0.47	0.38
U1429B	16H	3	61	125.44	131.7	131.74	-1.08	0.57	0.15	3.42	0.450	-84.67	20.94	2.59	22.5	-0.16	0.03	-0.32	0.52
U1429B	16H	3	76	125.59	131.9	131.89	-0.96	0.52	0.21	3.45	0.470	-87.03	20.67	2.89	23.0	-0.07	0.07	-0.19	0.63
U1429B	16H	3	91	125.74	132	132.04	-1.04	0.43	0.14	3.39	0.428	-82.06	20.94	3.03	22.7	-0.25	-0.07	-0.45	0.41
U1429B	16H	3	106	125.89	132.2	132.19	-1.15	0.78	0.02	3.42	0.447	-84.35	21.12	2.66	22.8	-0.25	-0.10	-0.39	0.42
U1429B	16H	3	116	125.99	132.3	132.29	-1.24	0.61	0.07	3.45	0.472	-87.28	20.42	2.92	22.9	-0.21	-0.06	-0.34	0.49
U1429B	16H	3	121	126.04	132.3	132.34	-1.00	0.58	0.11	3.45	0.474	-87.47	20.52	2.82	22.4	-0.26	-0.05	-0.47	0.44
U1429B	16H	3	131	126.14	132.4	132.44	-1.23	0.72	-0.05	3.46	0.484	-88.68	20.90	2.63	22.2	-0.24	0.00	-0.47	0.47
U1429B	16H	3	136	126.19	132.5	132.49	-0.77	0.49	0.10	3.47	0.493	-89.70	21.02	2.73	22.9	-0.14	0.03	-0.27	0.58
U1429B	16H	4	1	126.34	132.6	132.64	-1.16	0.60	-0.02	3.39	0.423	-81.55	21.14	3.01	23.6	-0.21	-0.08	-0.35	0.45
U1429B	16H	4	15	126.48	132.8	132.78	-1.25	0.45	-0.06	3.56	0.559	-97.55	21.26	3.09	23.1	-0.25	-0.12	-0.38	0.53
U1429B	16H	4	26	126.59	132.9	132.89	-1.01	0.77	0.00	3.62	0.612	-103.79	20.87	2.80	22.9	-0.26	-0.12	-0.39	0.57
U1429B	16H	4	31	126.64	132.9	132.94	-1.13	0.69	-0.02	3.54	0.549	-96.30	20.72	2.86	23.5	-0.25	-0.12	-0.39	0.52
U1429B	16H	4	46	126.79	133.1	133.09	-1.30	0.39	-0.11	3.50	0.510	-91.81	21.80	3.06	23.6	0.03	0.32	-0.15	0.77
U1429B	16H	4	61	126.94	133.2	133.24	-0.90	0.49	0.12	3.46	0.480	-88.27	22.05	3.27	23.2	-0.12	0.07	-0.36	0.58
U1429B	16H	4	76	127.09	133.4	133.39	-1.11	0.54	-0.03	3.46	0.478	-87.98	21.53	2.95	23.0	-0.22	-0.06	-0.39	0.48
U1429B	16H	4	86	127.19	133.5	133.49	-1.27	0.54	-0.13	3.45	0.475	-87.66	21.75	2.84	23.0	-0.21	-0.03	-0.37	0.49
U1429B	16H	4	91	127.24	133.5	133.54	-1.01	0.66	-0.06	3.44	0.463	-86.23	21.50	2.91	23.5	-0.18	-0.04	-0.33	0.51
U1429B	16H	4	106	127.39	133.7	133.69	-1.38	0.53	-0.25	3.42	0.447	-84.35	21.50	3.13	23.6	-0.18	-0.02	-0.33	0.50
U1429B	16H	4	116	127.49	133.8	133.79	-1.12	0.31	-0.13	3.41	0.442	-83.81	21.40	3.08	23.5	-0.21	-0.04	-0.38	0.46
U1429B	16H	4	121	127.54	133.8	133.84	-1.38	0.50	-0.25	3.41	0.440	-83.49	20.90	3.02	23.4	-0.27	-0.11	-0.44	0.40
U1429B	16H	4	131	127.64	133.9	133.94	-1.40	0.58	-0.21	3.41	0.441	-83.59	20.62	2.91	23.2	-0.24	-0.06	-0.41	0.43
U1429B	16H	4	136	127.69	134	133.99	-1.11	0.48	-0.11	3.41	0.444	-84.00	20.68	2.95	23.4	-0.16	-0.02	-0.30	0.51
U1429B	16H	5	1	127.84	134.1	134.14	-1.21	0.52	-0.22	3.37	0.405	-79.44	21.04	3.07	23.7	-0.20	-0.07	-0.32	0.44
U1429B	16H	5	11	127.94	134.2	134.24	-1.40	0.60	-0.30	3.36	0.398	-78.58	21.34	3.06	23.7	-0.22	-0.10	-0.34	0.41
U1429B	16H	5	16	127.99	134.3	134.29	-1.33	0.44	-0.31	3.38	0.412	-80.21	21.42	3.07	23.6	-0.21	-0.07	-0.34	0.43
U1429B	16H	5	26	128.09	134.4	134.39	-1.26	0.55	-0.27	3.41	0.441	-83.59	22.39	3.11	23.6	-0.24	-0.08	-0.37	0.43
U1429B	16H	5	31	128.14	134.4	134.44	-1.36	0.68	-0.18	3.43	0.455	-85.34	21.84	2.97	22.5	-0.22	-0.07	-0.37	0.46
U1429B	16H	5	41	128.24	134.5	134.54	-0.87	0.46	-0.07	3.44	0.464	-86.33	20.62	2.69	22.2	-0.22	-0.06	-0.37	0.47
U1429B	16H	5	46	128.29	134.6	134.59	-1.07	0.23	-0.06	3.43	0.457	-85.56	20.15	2.68	22.2	-0.24	-0.09	-0.38	0.45
U1429B	16H	5	56	128.39	134.7	134.69	-0.97	0.32	-0.05	3.39	0.422	-81.45	20.65	2.66	22.4	-0.22	-0.08	-0.36	0.43
U1429B	16H	5	61	128.44	134.7	134.74	-1.18	0.46	-0.09	3.35	0.394	-78.10	20.60	2.79	23.1	-0.12	0.04	-0.26	0.50
U1429B	16H	5	71	128.54	134.8	134.84	-1.16	0.40	-0.17	3.36	0.401	-78.96	20.62	3.06	23.3	-0.08	0.06	-0.20	0.55
U1429B	16H	5	76	128.59	134.9	134.89	-1.09	0.54	-0.14	3.41	0.437	-83.17	20.98	3.07	23.5	-0.08	0.05	-0.21	0.58
U1429B	16H	5	86	128.69	135	134.99	-1.17	0.14	-0.12	3.46	0.478	-88.02	21.73	3.10	23.6	-0.07	0.06	-0.20	0.63
U1429B	16H	5	91	128.74	135	135.04	-1.01	0.54	-0.18	3.46	0.484	-88.65	21.55	3.14	23.9	-0.11	0.06	-0.27	0.60
U1429B	16H	5	101	128.84	135.1	135.14	-1.40	0.70	-0.32	3.46	0.477	-87.89	21.07	3.20	24.0	-0.10	0.08	-0.26	0.60
U1429B	16H	5	106	128.89	135.2	135.19	-1.08	0.26	-0.25	3.44	0.465	-86.49	20.88	3.23	24.1	-0.11	0.02	-0.25	0.58
U1429B	16H	5	116	128.99	135.3	135.29	-1.35	0.39	-0.31	3.44	0.463	-86.20	21.77	3.30	24.2	-0.14	-0.02	-0.26	0.55
U1429B	16H	5	121	129.04	135.3	135.34	-1.30	0.42	-0.37	3.45	0.472	-87.31	21.95	3.23	23.9	-0.17	0.01	-0.35	0.53
U1429B	16H	5	131	129.14	135.4	135.44	-1.39	0.39	-0.39	3.48	0.494	-89.90	21.56	3.07	23.6	-0.11	0.14	-0.32	0.61
U1429B	16H	5	136	129.19	135.5	135.49	-0.94	0.13	-0.20	3.49	0.507	-91.36	21.22	3.14	23.9	-0.02	0.14	-0.14	0.72
U1429B	16H	6	1	129.34	135.6	135.64	-1.11	0.46	-0.18	3.51	0.524	-93.46	21.34	3.33	24.1	-0.12	0.04	-0.28	0.63
U1429B	16H	6	16	129.49	135.8	135.79	-1.31	0.67	-0.32	3.48	0.500	-90.60	20.79	3.15	24.1	-0.05	0.11	-0.19	0.67
U1429B	16H	6	26	129.59	135.9	135.89	-1.20	0.55	-0.19	3.52	0.528	-93.88	20.68	3.37	24.0	0.00	0.13	-0.13	0.75
U1429B	16H	6	31	129.64	135.9	135.94	-0.94	0.41	-0.05	3.57	0.569	-98.76	20.58	3.28	23.9	-0.17	0.00	-0.39	0.62
U1429B	16H	6	41	129.74	136	136.04	-1.25	0.16	-0.31	3.58	0.579	-99.93	21.04	3.10	23.7	-0.25	-0.10	-0.37	0.55
U1429B	16H	6	46	129.79	136.1	136.09	-1.22	0.47	-0.44	3.54	0.548	-96.24	21.36	3.01	23.7	-0.42	-0.15	-0.61	0.35
U1429B	16H	6	56	129.89	136.2	136.19	-1.70	0.58	-0.51	3.54	0.544	-95.73	20.93	2.84	23.7	-0.45	-0.21	-0.63	0.32
U1429B	16H	6	61	129.94	136.2	136.24	-1.27	0.25	-0.40	3.57	0.571	-98.91	20.93	2.92	23.8	-0.36	-0.19	-0.49	0.44
U1429B	16H	6	71	130.04	136.3	136.34	-1.35	0.42	-0.48	3.53	0.538	-95.03	21.20	3.08	23.9	-0.36	-0.22	-0.49	0.40
U1429B	16H	6	76	130.09	136.4	136.39	-1.50	0.37	-0.54	3.46	0.478	-87.95	21.20	3.00	23.6	-0.39	-0.22	-0.57	0.31
U1429B	16H	6	86	130.19	136.5	136.49	-1.52	0.50	-0.52	3.47	0.491	-89.58	21.09	2.84	23.5	-0.33	-0.12	-0.51	0.38
U1429B	16H	6	91	130.24	136.5	136.54	-1.13	0.24	-0.35	3.56	0.565	-98.28	20.54	2.96	24.0	-0.24	-0.08	-0.36	0.55
U1429B	16H	6	101	130.34	136.6	136.64	-1.29	0.30	-0.33	3.64	0.630	-105.89	20.22	3.20	24.1	-0.22	-0.08	-0.35	0.62
U1429B	16H	6	106	130.39	136.7	136.69	-1.20	0.31	-0.38	3.63	0.621	-104.81	20.29	3.18	24.1	-0.23	-0.06	-0.39	0.61
U1429B	16H	6	116	130.49	136.8	136.79	-1.43	0.34	-0.47	3.58	0.580	-100.00	20.18	3.14	23.9	-0.20	0.00	-0.39	0.60
U1429B	16H	6	121	130.54	136.8	136.84	-1.03	0.26	-0.42	3.54	0.548	-96.27	20.08	3.08	24.0	-0.48	-0.29	-0.84	0.29
U1429B	16H	6	131	130.64	136.9	136.94	-1.76	0.23	-0.60	3.55	0.551	-96.62	20.06	2.97	24.1	-0.52	-0.36	-0.67	0.25
U1429B	16H	6	136	130.69	137	136.99	-1.54	0.23	-0.69	3.59	0.586	-100.69	20.09	2.96	23.9	-0.46	-0.32	-0.61	0.34
U1429B	16H	7	1	130.75	137.1	137.05	-1.32	0.37	-0.56	3.64	0.627	-105.58	20.04	2.95	23.9	-0.47	-0.29	-0.70	0.38
U1429B	16H	7	11	130.85	137.2	137.15	-1.58	0.36	-0.61	3.67	0.652	-108.41	19.82	2.94	23.4	-0.30	0.03	-0.50	0.57
U1429B	16H	7	16	130.9	137.2	137.2	-0.94	0.14	-0.27	3.66	0.641	-107.17	19.71	2.93	23.1	-0.20	-0.06	-0.32	0.66
U1429B	16H	7	31	131.05	137.4	137.35	-1.09	0.30	-0.21	3.52	0.531	-94.26	19.62	2.91	23.2	-0.05	0.12	-0.20	0.70
U1429B	16H	7	46	131.2	137.5	137.5	-0.92	0.39	-0.04	3.53	0.537	-94.99	19.78	3.11	22.9	0.06	0.19	-0.07	0.82
U1429B	16H	7	56	131.3	137.6	137.6	-0.75	0.44	0.12	3.56	0.560	-97.68	19.56	3.02	22.8	0.10	0.23	-0.03	0.88
U1429B	16H	7	61	131.35	137.7	137.65	-0.66	0.02	0.14	3.55	0.555	-97.08	19.43	3.05	23.0	0.03	0.17	-0.11	0.81
U1429C	18H	4	61	129.81	137.7	137.74	-0.90	0.21	-0.04	3.54	0.546	-96.01	20.02	3.09	23.8	-0.24	-0.08	-0.46	0.53
U1429C	18H	4	71	129.91	137.8	137.84	-1.30	0.51	-0.41	3.55	0.558	-97.35	20.54	3.13	24.0	-0.33	-0.19	-0.47	0.45
U1429C	18H	4	76	129.96	137.9	137.89	-1.43	0.13	-0.51	3.57	0.574	-99.30	20.42	3.03	22.8	-0.12	0.15	-0.29	0.68
U1429C	18H	4	91	130.11	138	138.04	-0.85	0.19	-0.02	3.49	0.502	-90.85	19.82	2.86	22.5	0.06	0.22	-0.08	0.79
U1429C	18H	4	101	130.21	138.1	138.14	-0.70	0.24	0.18	3.49	0.505	-91.17	19.72	2.96	22.6	0.13	0.26	0.00	0.86
U1429C	18H	4	106	130.26	138.2	138.19	-0.60	0.22	0.20	3.55	0.552	-96.68	19.53	3.02	23.4	-0.10	0.07	-0.35	0.68
U1429C	18H	4	121	130.41	138.3	138.34	-1.06	0.02	-0.17	3.68	0.662	-109.65	19.32	3.11	23.5	-0.12	0.03	-0.29	0.76
U1429C	18H	4	131	130.51	138.4	138.44	-1.03	0.43	-0.07	3.67	0.653	-108.57	19.12	3.04	23.3	-0.02	0.16	-0.18	0.84
U1429C	18H	4	136	130.56	138.5	138.49	-0.77	-0.08	0.06	3.62	0.612	-103.76	18.82	3.13	23.3	0.09	0.22	-0.03	0.92
U1429C	18H	5	1	130.71	138.6	138.64	-0.75	0.04	0.15	3.65	0.632	-106.08	18.58	3.22	23.3	0.04	0.19	-0.11	0.88
U1429C	18H	5	11	130.81	138.7	138.74	-0.71	0.22	0.19	3.64	0.629	-105.70	18.48	3.07	23.4	-0.05	0.09	-0.21	0.80
U1429C	18H	5	16	130.86	138.8	138.79	-1.08	0.05	-0.08	3.60	0.595	-101.75	18.60	3.13	23.5	-0.01	0.13	-0.14	0.81
U1429C	18H	5	31	131.01	138.9	138.94	-0.90	0.22	0.01	3.59	0.590	-101.18	18.78	3.20	23.2	-0.01	0.13	-0.15	0.80
U1429C	18H	5	41	131.11	139	139.04	-0.74	0.41	0.10	3.65	0.637	-106.66	18.78	3.06	23.0	-0.07	0.08	-0.24	0.78
U1429C	18H	5	46	131.16	139.1	139.09	-0.89	0.17	0.08	3.69	0.669	-110.45	18.74	2.96	22.8	-0.16	-0.01	-0.29	0.73
U1429C	18H	5	61	131.31	139.2	139.24	-0.76	0.32	0.12	3.75	0.714	-115.71	19.20	2.81	22.9	-0.19	-0.03	-0.34	0.73
U1429C	18H	5	71	131.41	139.3	139.34	-0.97	0.40	0.01	3.78	0.745	-119.37	18.54	2.89	22.9	-0.16	0.01	-0.31	0.80
U1429C	18H	5	76	131.46	139.4	139.39	-0.69	0.21	0.20	3.82	0.770	-122.31	18.18	2.91	23.2	-0.19	-0.06	-0.34	0.78
U1429C	18H	5	91	131.61	139.5	139.54	-0.91	0.15	0.06	3.87	0.815	-127.60	18.96	2.98	23.5	-0.22	-0.10	-0.35	0.81
U1429C	18H	5	101	131.71	139.6	139.64	-0.92	0.33	0.05	3.88	0.820	-128.23	19.30	3.01	23.6	-0.20	-0.08	-0.33	0.82
U1429C	18H	5	106	131.76	139.7	139.69	-0.91	0.33	0.06	3.87	0.815	-127.69	19.50	3.03	23.4	-0.22	-0.09	-0.35	0.80
U1429C	18H	5	121	131.91	139.8	139.84	-0.93	0.27	0.08	3.88	0.825	-128.81	19.32	2.98	22.9	-0.27	-0.12	-0.40	0.76
U1429C	18H	5	131	132.01	139.9	139.94	-0.80	0.08	0.14	3.82	0.773	-122.72	19.14	2.78	22.9	-0.32	-0.18	-0.46	0.67
U1429C	18H	5	136	132.06	140	139.99	-1.07	0.23	-0.05	3.75	0.714	-115.80	19.12	2.81	22.9	-0.25	-0.10	-0.38	0.68
U1429B	17H	1	46	131.96	140.1	140.11	-0.87	0.33	0.12	3.74	0.705	-114.75	19.09	2.86	22.9	-0.17	-0.03	-0.31	0.75
U1429B	17H	1	56	132.06	140.2	140.21	-0.90	0.25	0.19	3.77	0.736	-118.35	18.94	2.91	22.8	-0.12	0.04	-0.25	0.83
U1429B	17H	1	61	132.11	140.3	140.26	-0.68	0.34	0.34	3.77	0.731	-117.78	19.00	2.93	23.1	-0.14	0.04	-0.29	0.80
U1429B	17H	1	71	132.21	140.4	140.36	-0.84	0.47	0.12	3.73	0.702	-114.40	19.38	2.98	23.4	-0.24	-0.07	-0.43	0.67
U1429B	17H	1	76	132.26	140.4	140.41	-1.20	0.29	0.04	3.70	0.679	-111.60	19.54	2.99	23.2	-0.06	0.18	-0.25	0.83
U1429B	17H	1	86	132.36	140.5	140.51	-0.62	0.46	0.33	3.70	0.674	-111.09	19.43	3.03	23.2	-0.05	0.11	-0.22	0.84
U1429B	17H	1	91	132.41	140.6	140.56	-0.95	0.59	0.26	3.72	0.694	-113.38	19.58	3.08	23.3	0.02	0.18	-0.11	0.93
U1429B	17H	1	101	132.51	140.7	140.66	-0.78	0.85	0.31	3.70	0.678	-111.57	20.06	3.18	23.2	0.07	0.20	-0.05	0.96
U1429B	17H	1	106	132.56	140.7	140.71	-0.68	0.27	0.42	3.66	0.643	-107.46	20.21	3.10	22.7	0.13	0.28	-0.04	0.99
U1429B	17H	1	116	132.66	140.8	140.81	-0.36	0.58	0.53	3.62	0.608	-103.25	19.44	2.94	23.0	0.07	0.23	-0.12	0.90
U1429B	17H	1	121	132.71	140.9	140.86	-0.91	0.44	0.27	3.62	0.607	-103.15	19.61	3.15	24.5	0.03	0.15	-0.09	0.85
U1429B	17H	1	131	132.81	141	140.96	-1.09	0.42	0.05	3.63	0.622	-104.97	19.93	3.56	24.7	0.01	0.13	-0.10	0.85
U1429B	17H	1	136	132.86	141	141.01	-1.14	0.66	0.03	3.65	0.639	-106.88	19.98	3.49	24.1	0.05	0.19	-0.11	0.91
U1429B	17H	1	146	132.96	141.1	141.11	-1.00	0.83	0.18	3.62	0.610	-103.50	19.84	3.34	23.3	0.13	0.30	-0.04	0.96
U1429B	17H	2	1	133.01	141.2	141.16	-0.59	0.38	0.38	3.56	0.565	-98.21	20.04	3.17	22.8	0.00	0.17	-0.24	0.78
U1429B	17H	2	8	133.08	141.2	141.23	-0.90	0.24	0.30	3.50	0.516	-92.45	20.29	2.92	22.9	-0.12	0.02	-0.24	0.62
U1429B	17H	2	16	133.16	141.3	141.31	-1.04	0.61	0.15	3.48	0.500	-90.56	20.47	2.92	22.7	-0.05	0.10	-0.20	0.67
U1429B	17H	2	31	133.31	141.5	141.46	-0.82	0.56	0.37	3.53	0.537	-94.93	20.26	2.93	22.7	-0.02	0.13	-0.16	0.74
U1429B	17H	2	41	133.41	141.6	141.56	-0.76	0.45	0.37	3.50	0.510	-91.78	20.48	2.96	22.9	-0.06	0.10	-0.22	0.67
U1429B	17H	2	46	133.46	141.6	141.61	-1.08	0.29	0.27	3.43	0.460	-85.85	20.61	2.98	23.1	-0.05	0.09	-0.19	0.64
U1429B	17H	2	56	133.56	141.7	141.71	-0.97	0.55	0.27	3.42	0.449	-84.61	20.76	3.02	23.2	-0.03	0.10	-0.16	0.65
U1429B	17H	2	61	133.61	141.8	141.76	-0.99	0.42	0.24	3.47	0.489	-89.29	20.77	3.09	23.6	-0.03	0.11	-0.19	0.68
U1429B	17H	2	71	133.71	141.9	141.86	-1.18	0.67	0.22	3.54	0.545	-95.86	20.52	3.25	23.5	0.04	0.21	-0.12	0.80
U1429B	17H	2	76	133.76	141.9	141.91	-0.77	0.51	0.48	3.56	0.561	-97.74	20.44	3.18	23.1	0.09	0.24	-0.04	0.87
U1429B	17H	2	86	133.86	142	142.01	-0.65	0.62	0.50	3.53	0.539	-95.19	20.85	3.04	23.2	0.05	0.19	-0.09	0.81
U1429B	17H	2	91	133.91	142.1	142.06	-1.00	0.59	0.39	3.49	0.501	-90.76	21.10	3.13	23.5	0.04	0.17	-0.09	0.77
U1429B	17H	2	101	134.01	142.2	142.16	-1.01	0.44	0.31	3.45	0.476	-87.76	20.94	3.30	23.5	0.05	0.17	-0.08	0.75
U1429B	17H	2	106	134.06	142.2	142.21	-0.94	0.47	0.34	3.47	0.488	-89.19	20.69	3.14	22.7	-0.03	0.17	-0.24	0.68
U1429B	17H	2	116	134.16	142.3	142.31	-1.01	0.73	0.37	3.47	0.486	-88.91	20.62	2.83	22.3	0.09	0.38	-0.11	0.80
U1429B	17H	2	122	134.22	142.4	142.37	-0.54	0.50	0.79	3.44	0.468	-86.84	20.74	2.95	23.1	0.08	0.22	-0.06	0.78
U1429B	17H	2	136	134.36	142.5	142.51	-0.92	0.62	0.46	3.45	0.476	-87.73	20.84	3.14	23.4	0.04	0.19	-0.09	0.74
U1429B	17H	3	1	134.51	142.7	142.66	-0.95	0.79	0.36	3.49	0.505	-91.12	21.07	3.16	23.4	0.02	0.20	-0.14	0.75
U1429B	17H	3	11	134.61	142.8	142.76	-0.86	0.40	0.19	3.43	0.460	-85.85	21.09	3.17	23.4	0.00	0.19	-0.18	0.68
U1429B	17H	3	16	134.66	142.8	142.81	-1.29	0.71	0.11	3.37	0.405	-79.44	21.06	3.10	23.0	0.00	0.22	-0.17	0.63
U1429B	17H	3	31	134.81	143	142.96	-0.81	0.77	0.38	3.34	0.381	-76.54	21.05	2.94	22.6	-0.15	0.04	-0.38	0.47
U1429B	17H	3	46	134.96	143.1	143.11	-1.23	1.05	0.40	3.35	0.391	-77.79	20.59	2.81	22.2	-0.19	-0.03	-0.35	0.43
U1429B	17H	3	61	135.11	143.3	143.26	-0.88	0.86	0.29	3.34	0.383	-76.77	21.57	2.65	22.6	-0.24	-0.10	-0.39	0.37
U1429B	17H	3	76	135.26	143.4	143.41	-1.31	0.62	0.15	3.29	0.340	-71.79	21.43	2.82	23.2	-0.27	-0.14	-0.43	0.30
U1429B	17H	3	91	135.41	143.6	143.56	-1.46	0.84	-0.03	3.25	0.310	-68.23	22.30	2.92	23.5	-0.14	0.05	-0.30	0.40
U1429B	17H	3	106	135.56	143.7	143.71	-1.35	0.76	0.05	3.18	0.251	-61.28	22.65	3.15	23.5	-0.05	0.08	-0.18	0.44
U1429B	17H	3	121	135.71	143.9	143.86	-1.32	0.73	0.13	3.11	0.199	-55.16	22.50	3.15	23.2	-0.01	0.12	-0.13	0.43
U1429B	17H	3	136	135.86	144	144.01	-1.23	0.84	0.21	3.07	0.161	-50.71	21.99	3.05	23.1	-0.02	0.14	-0.15	0.39
U1429B	17H	4	1	136.01	144.2	144.16	-1.13	0.96	0.22	3.14	0.219	-57.52	22.02	2.99	23.7	-0.15	0.00	-0.34	0.31
U1429B	17H	4	16	136.16	144.3	144.31	-1.58	0.70	-0.12	3.16	0.239	-59.88	22.07	3.13	24.2	-0.23	-0.09	-0.35	0.25
U1429B	17H	4	31	136.31	144.5	144.46	-1.62	1.13	-0.20	3.20	0.272	-63.76	22.94	3.18	24.4	-0.24	-0.12	-0.35	0.27
U1429B	17H	4	46	136.46	144.6	144.61	-1.82	0.94	-0.30	2.99	0.100	-43.53	22.91	3.27	24.8	-0.19	-0.06	-0.30	0.16
U1429B	17H	4	61	136.61	144.8	144.76	-1.85	0.95	-0.37	2.98	0.091	-42.48	23.10	3.46	24.1	-0.06	0.08	-0.19	0.28
U1429B	17H	4	76	136.76	144.9	144.91	-1.44	0.83	0.04	3.02	0.120	-45.82	23.11	3.22	23.7	-0.26	-0.10	-0.51	0.11
U1429B	17H	4	91	136.91	145.1	145.06	-1.72	1.03	-0.15	3.03	0.129	-46.97	23.20	2.98	23.3	-0.19	-0.01	-0.34	0.19
U1429B	17H	4	106	137.06	145.2	145.21	-1.58	0.88	-0.06	2.80	-0.055	-25.30	23.00	2.99	24.8	-0.10	0.03	-0.21	0.10
U1429B	17H	4	122	137.22	145.4	145.37	-1.92	1.18	-0.34	2.85	-0.017	-29.80	23.39	3.55	25.9	-0.13	-0.02	-0.24	0.11
U1429B	17H	4	136	137.36	145.5	145.51	-2.13	0.99	-0.53	2.94	0.055	-38.17	23.32	3.82	26.0	-0.32	-0.19	-0.48	-0.02
U1429B	17H	5	1	137.51	145.7	145.66	-2.32	1.16	-0.68	2.97	0.079	-41.07	23.55	3.61	25.8	-0.34	-0.22	-0.47	-0.02
U1429B	17H	5	16	137.66	145.8	145.81	-2.22	0.95	-0.58	2.96	0.073	-40.34	23.50	3.52	25.6	-0.26	-0.12	-0.39	0.07
U1429B	17H	5	31	137.81	146	145.96	-2.08	0.97	-0.43	2.98	0.091	-42.44	23.86	3.60	25.3	-0.13	0.04	-0.28	0.21
U1429B	17H	5	46	137.96	146.1	146.11	-1.83	0.65	-0.31	2.86	-0.009	-30.75	23.40	3.56	25.3	-0.13	0.00	-0.28	0.11
U1429B	17H	5	61	138.11	146.3	146.26	-2.14	1.05	-0.39	2.77	-0.082	-22.08	23.33	3.53	25.2	-0.14	-0.01	-0.26	0.04
U1429B	17H	5	76	138.26	146.4	146.41	-1.87	0.89	-0.26	2.89	0.020	-34.09	23.01	3.54	25.1	-0.13	-0.02	-0.25	0.14
U1429B	17H	5	91	138.41	146.6	146.56	-1.80	0.90	-0.16	3.10	0.185	-53.56	23.64	3.50	25.4	-0.13	-0.01	-0.24	0.30
U1429C	19H	3	31	137.46	146.7	146.73	-1.77	0.88	-0.17	3.14	0.218	-57.39	23.60	3.60	25.6	-0.11	0.01	-0.22	0.35
U1429C	19H	3	41	137.56	146.8	146.83	-1.98	0.89	-0.28	3.07	0.162	-50.76	23.65	3.76	25.6	-0.10	0.02	-0.22	0.30
U1429C	19H	3	46	137.61	146.9	146.88	-1.81	0.85	-0.25	3.03	0.127	-46.75	23.68	3.67	25.1	-0.08	0.04	-0.19	0.30
U1429C	19H	3	61	137.76	147	147.03	-1.79	0.76	-0.14	2.90	0.022	-34.32	23.47	3.48	24.9	-0.08	0.03	-0.20	0.19
U1429C	19H	3	71	137.86	147.1	147.13	-1.79	0.82	-0.15	2.88	0.011	-33.11	23.60	3.49	25.0	-0.10	0.01	-0.22	0.17
U1429C	19H	3	76	137.91	147.2	147.18	-1.87	0.75	-0.20	2.91	0.037	-36.10	23.54	3.49	25.1	-0.17	-0.02	-0.31	0.12
U1429C	19H	3	91	138.06	147.3	147.33	-2.09	1.21	-0.34	2.93	0.048	-37.38	22.82	3.49	24.9	-0.18	-0.04	-0.31	0.12
U1429C	19H	3	101	138.16	147.4	147.43	-1.94	0.73	-0.19	2.90	0.027	-34.92	22.58	3.46	24.8	-0.15	-0.02	-0.29	0.13
U1429C	19H	3	106	138.21	147.5	147.48	-1.71	0.74	-0.15	2.88	0.013	-33.33	22.50	3.33	24.5	-0.18	-0.02	-0.36	0.09
U1429C	19H	3	122	138.37	147.6	147.64	-1.89	0.85	-0.10	2.98	0.092	-42.53	22.40	3.22	24.4	-0.13	0.06	-0.40	0.21
U1429C	19H	3	131	138.46	147.7	147.73	-1.80	1.11	0.13	3.00	0.103	-43.88	22.33	3.42	24.3	-0.04	0.19	-0.28	0.31
U1429C	19H	3	136	138.51	147.8	147.78	-1.31	0.60	0.23	2.97	0.081	-41.30	22.37	3.38	23.8	-0.01	0.30	-0.20	0.32
U1429C	19H	4	1	138.66	147.9	147.93	-1.32	0.68	0.33	3.06	0.157	-50.25	22.05	3.16	23.7	-0.18	0.25	-0.43	0.22
U1429C	19H	4	11	138.76	148	148.03	-1.92	1.03	-0.05	3.16	0.237	-59.65	21.83	2.91	23.5	-0.14	0.32	-0.33	0.34
U1429C	19H	4	16	138.81	148.1	148.08	-1.16	0.82	0.24	3.20	0.268	-63.29	21.59	3.03	23.2	0.03	0.24	-0.13	0.54
U1429C	19H	4	31	138.96	148.2	148.23	-1.10	0.60	0.54	3.11	0.198	-55.00	21.74	3.18	23.3	-0.12	0.14	-0.35	0.32
U1429C	19H	4	41	139.06	148.3	148.33	-1.34	0.83	0.26	3.06	0.153	-49.74	21.72	2.95	23.5	-0.29	-0.11	-0.50	0.11
U1429C	19H	4	46	139.11	148.4	148.38	-1.80	0.64	0.06	3.06	0.159	-50.44	21.56	2.99	24.2	-0.43	-0.30	-0.57	-0.03
U1429C	19H	4	71	139.36	148.6	148.63	-1.86	0.90	-0.23	3.06	0.156	-50.09	22.32	3.03	24.4	-0.46	-0.33	-0.59	-0.06
U1429C	19H	4	76	139.41	148.7	148.68	-2.08	0.95	-0.27	3.03	0.128	-46.84	22.18	3.12	24.7	-0.38	-0.21	-0.55	-0.01
U1429C	19H	4	91	139.56	148.8	148.83	-1.78	0.83	-0.16	3.16	0.235	-59.40	22.06	3.28	24.7	-0.39	-0.18	-0.60	0.09
U1429C	19H	4	101	139.66	148.9	148.93	-2.13	0.78	-0.17	3.16	0.237	-59.62	22.28	3.21	24.5	-0.34	-0.09	-0.53	0.14
U1429C	19H	4	106	139.71	149	148.98	-1.64	0.65	-0.07	3.08	0.172	-51.94	22.40	3.17	24.2	-0.34	-0.19	-0.49	0.08
U1429C	19H	4	121	139.86	149.1	149.13	-1.82	0.71	-0.09	3.10	0.184	-53.44	22.22	3.08	24.2	-0.40	-0.18	-0.55	0.03
U1429C	19H	4	131	139.96	149.2	149.23	-1.67	0.88	-0.18	3.14	0.225	-58.19	22.16	3.06	24.4	-0.52	-0.34	-0.77	-0.06
U1429C	19H	4	136	140.01	149.3	149.28	-2.16	0.90	-0.37	3.15	0.226	-58.35	22.14	3.04	24.0	-0.40	-0.19	-0.55	0.07
U1429C	19H	4	151	140.16	149.4	149.43	-1.64	0.57	0.06	3.11	0.197	-54.89	21.78	3.01	23.9	-0.36	-0.22	-0.50	0.08
U1429C	19H	5	1	140.19	149.5	149.46	-1.83	0.79	0.03	3.10	0.187	-53.81	21.88	3.01	23.5	-0.26	-0.08	-0.45	0.17
U1429C	19H	5	11	140.29	149.6	149.56	-1.57	0.74	0.20	3.08	0.169	-51.62	22.00	3.00	23.2	-0.13	0.04	-0.28	0.29
U1429C	19H	5	16	140.34	149.6	149.61	-1.25	0.72	0.35	3.07	0.166	-51.24	21.93	3.00	23.0	-0.15	0.02	-0.30	0.26
U1429C	19H	5	31	140.49	149.8	149.76	-1.23	0.65	0.47	3.21	0.281	-64.82	21.84	2.93	23.0	-0.26	-0.09	-0.42	0.26
U1429C	19H	5	41	140.59	149.9	149.86	-1.28	0.86	0.31	3.25	0.311	-68.32	22.20	2.80	23.2	-0.32	-0.18	-0.47	0.22
U1429C	19H	5	46	140.64	149.9	149.91	-1.61	0.80	0.15	3.21	0.281	-64.85	22.24	2.92	24.1	-0.30	-0.16	-0.43	0.22
U1429C	19H	5	61	140.79	150.1	150.06	-1.63	1.04	0.06	3.22	0.289	-65.77	22.73	3.18	24.5	-0.30	-0.18	-0.43	0.23
U1429C	19H	5	71	140.89	150.2	150.16	-1.70	0.77	0.00	3.23	0.290	-65.93	22.48	3.24	24.6	-0.32	-0.20	-0.44	0.21
U1429C	19H	5	76	140.94	150.2	150.21	-1.80	0.85	-0.06	3.20	0.273	-63.89	22.51	3.23	24.3	-0.34	-0.21	-0.46	0.17
U1429C	19H	5	91	141.09	150.4	150.36	-1.74	0.80	-0.03	3.17	0.242	-60.19	23.50	3.13	24.2	-0.37	-0.24	-0.50	0.11
U1429C	19H	5	101	141.19	150.5	150.46	-1.65	0.95	0.01	3.17	0.247	-60.86	23.38	3.02	24.3	-0.39	-0.27	-0.53	0.09
U1429C	19H	5	106	141.24	150.5	150.51	-1.91	0.74	-0.07	3.19	0.260	-62.36	23.32	3.16	24.5	-0.19	0.06	-0.37	0.31
U1429C	19H	5	121	141.39	150.7	150.66	-1.50	0.73	0.15	3.20	0.266	-63.09	23.62	3.41	24.6	-0.16	-0.04	-0.30	0.34
U1429C	19H	5	131	141.49	150.8	150.76	-1.68	0.86	0.03	3.15	0.231	-58.95	22.86	3.33	24.6	-0.19	-0.07	-0.31	0.28
U1429C	19H	5	136	141.54	150.8	150.81	-1.73	0.87	0.00	3.11	0.199	-55.19	22.39	3.32	24.5	-0.17	-0.04	-0.30	0.27
U1429C	19H	6	1	141.69	151	150.96	-1.71	0.83	0.00	3.09	0.178	-52.71	22.78	3.30	24.2	-0.07	0.07	-0.21	0.35
U1429C	19H	6	11	141.79	151.1	151.06	-1.49	0.99	0.21	3.10	0.189	-53.98	22.38	3.32	23.8	-0.03	0.10	-0.16	0.41
U1429C	19H	6	16	141.84	151.1	151.11	-1.29	0.65	0.39	3.11	0.194	-54.62	22.28	3.16	23.1	0.06	0.20	-0.08	0.50
U1429C	19H	6	31	141.99	151.3	151.26	-0.81	0.83	0.85	3.24	0.299	-66.98	22.40	2.95	23.3	0.09	0.23	-0.04	0.62
U1429C	19H	6	41	142.09	151.4	151.36	-1.22	0.88	0.51	3.19	0.262	-62.55	22.72	3.18	23.5	0.09	0.22	-0.04	0.59
U1429C	19H	6	46	142.14	151.4	151.41	-1.19	0.84	0.47	3.08	0.174	-52.26	22.81	3.26	23.7	0.11	0.24	-0.01	0.53
U1429B	18H	1	136	142.36	151.5	151.53	-1.26	0.63	0.42	3.07	0.166	-51.28	22.98	3.35	23.8	-0.01	0.15	-0.18	0.40
U1429B	18H	2	1	142.51	151.7	151.68	-1.43	0.61	0.26	3.10	0.186	-53.60	23.22	3.17	23.8	-0.02	0.11	-0.15	0.41
U1429B	18H	2	16	142.66	151.8	151.83	-1.36	0.67	0.31	3.07	0.163	-50.98	23.38	3.24	23.3	-0.07	0.06	-0.20	0.34
U1429B	18H	2	31	142.81	152	151.98	-1.36	0.72	0.32	3.07	0.164	-51.08	23.14	3.02	23.2	-0.13	0.01	-0.25	0.28
U1429B	18H	2	46	142.96	152.1	152.13	-1.49	1.00	0.21	2.95	0.069	-39.89	23.43	2.99	22.9	-0.21	-0.06	-0.35	0.11
U1429B	18H	2	61	143.11	152.3	152.28	-1.52	0.98	0.17	2.91	0.031	-35.43	23.80	2.79	22.7	-0.23	-0.10	-0.36	0.05
U1429B	18H	2	76	143.26	152.4	152.43	-1.45	0.82	0.20	2.99	0.095	-42.99	23.52	2.80	23.1	-0.15	-0.01	-0.29	0.20
U1429B	18H	2	91	143.41	152.6	152.58	-1.56	0.80	0.15	2.86	-0.009	-30.65	23.58	3.04	23.0	-0.03	0.13	-0.17	0.21
U1429B	18H	2	106	143.56	152.7	152.73	-1.38	0.85	0.24	2.78	-0.068	-23.71	23.49	3.02	23.0	-0.17	0.01	-0.38	0.02
U1429B	18H	2	121	143.71	152.9	152.88	-1.67	0.60	0.04	2.83	-0.029	-28.33	23.40	2.90	23.2	-0.17	-0.03	-0.31	0.06
U1429B	18H	2	136	143.86	153	153.03	-1.69	0.53	-0.01	2.73	-0.112	-18.54	23.63	3.00	23.7	-0.02	0.15	-0.16	0.13
U1429B	18H	3	1	144.01	153.2	153.18	-1.53	0.62	0.10	2.84	-0.026	-28.68	23.81	3.27	23.6	0.00	0.14	-0.12	0.23
U1429B	18H	3	16	144.16	153.3	153.33	-1.54	0.46	0.12	2.79	-0.061	-24.60	23.77	3.17	23.4	-0.16	0.01	-0.37	0.04
U1429B	18H	3	31	144.31	153.5	153.48	-1.72	0.93	0.09	2.84	-0.027	-28.61	23.32	2.96	22.4	0.04	0.33	-0.14	0.27
U1429B	18H	3	46	144.46	153.6	153.63	-1.01	0.83	0.62	2.94	0.055	-38.17	22.20	2.88	22.1	0.21	0.37	0.07	0.52
U1429B	18H	3	61	144.61	153.8	153.78	-0.89	0.70	0.75	2.90	0.022	-34.38	22.33	2.97	22.1	0.23	0.46	0.09	0.51
U1429B	18H	3	71	144.71	153.9	153.88	-0.80	0.84	0.76	2.91	0.032	-35.56	22.66	2.93	22.6	0.07	0.24	-0.18	0.35
U1429B	18H	3	76	144.76	153.9	153.93	-1.34	0.96	0.38	2.95	0.068	-39.77	22.77	3.01	23.5	-0.10	0.04	-0.24	0.22
U1429B	18H	3	86	144.86	154	154.03	-1.51	0.89	0.14	3.00	0.104	-44.04	23.46	3.16	23.5	-0.16	-0.02	-0.29	0.19
U1429B	18H	3	91	144.91	154.1	154.08	-1.56	1.12	0.05	3.00	0.105	-44.10	23.47	3.00	24.1	-0.49	-0.28	-0.83	-0.14
U1429B	18H	3	106	145.06	154.2	154.23	-2.22	1.13	-0.50	2.93	0.051	-37.73	23.41	2.95	24.9	-0.18	0.23	-0.42	0.13
U1429B	18H	3	116	145.16	154.3	154.33	-1.99	1.34	-0.29	2.90	0.026	-34.83	23.48	3.52	25.0	0.01	0.22	-0.15	0.29
U1429B	18H	3	121	145.21	154.4	154.38	-1.64	1.09	-0.13	2.90	0.029	-35.15	23.44	3.61	25.6	-0.04	0.09	-0.17	0.24
U1429B	18H	3	131	145.31	154.5	154.48	-1.98	1.29	-0.34	2.88	0.010	-32.88	23.34	3.79	25.9	-0.10	0.02	-0.21	0.17
U1429B	18H	3	136	145.36	154.5	154.53	-2.14	1.10	-0.49	2.85	-0.012	-30.30	23.37	3.78	26.0	-0.18	-0.04	-0.33	0.06
U1429B	18H	3	146	145.46	154.6	154.63	-2.33	1.17	-0.59	2.87	0.001	-31.86	23.98	3.78	25.9	-0.14	0.02	-0.28	0.11
U1429B	18H	4	1	145.51	154.7	154.68	-1.96	1.13	-0.41	2.91	0.036	-36.01	23.88	3.73	25.7	-0.20	-0.01	-0.35	0.09
U1429B	18H	4	11	145.61	154.8	154.78	-2.01	1.30	-0.42	2.98	0.088	-42.13	23.77	3.62	25.7	-0.34	-0.19	-0.53	0.00
U1429B	18H	4	16	145.66	154.8	154.83	-2.28	1.14	-0.56	3.00	0.105	-44.10	23.64	3.51	24.7	-0.23	-0.04	-0.41	0.12
U1429B	18H	4	26	145.76	154.9	154.93	-1.82	1.35	-0.19	3.00	0.104	-43.97	23.43	3.28	24.5	-0.13	0.01	-0.26	0.22
U1429B	18H	4	31	145.81	155	154.98	-1.64	1.15	-0.02	2.97	0.086	-41.87	23.58	3.36	24.7	0.00	0.13	-0.13	0.33
U1429B	18H	4	41	145.91	155.1	155.08	-1.63	1.20	0.00	2.92	0.045	-37.06	23.82	3.53	24.9	0.01	0.13	-0.12	0.30
U1429B	18H	4	46	145.96	155.1	155.13	-1.77	1.20	-0.12	2.90	0.022	-34.35	23.93	3.53	24.7	0.04	0.19	-0.11	0.31
U1429B	18H	4	56	146.06	155.2	155.23	-1.54	1.06	0.09	2.87	0.002	-32.02	24.21	3.53	24.8	0.00	0.15	-0.15	0.25
U1429B	18H	4	61	146.11	155.3	155.28	-1.85	0.97	-0.20	2.88	0.005	-32.41	24.10	3.51	25.3	-0.21	0.04	-0.46	0.05
U1429B	18H	4	71	146.21	155.4	155.38	-2.36	1.07	-0.63	2.85	-0.018	-29.63	23.88	3.46	25.2	-0.10	0.24	-0.27	0.14
U1429B	18H	4	76	146.26	155.4	155.43	-1.82	1.01	-0.24	2.81	-0.045	-26.48	24.00	3.59	25.3	0.09	0.22	-0.05	0.30
U1429B	18H	4	86	146.36	155.5	155.53	-1.93	0.99	-0.22	2.75	-0.095	-20.58	24.00	3.86	25.0	0.16	0.28	0.03	0.33
U1429B	18H	4	91	146.41	155.6	155.58	-1.63	0.95	-0.08	2.72	-0.118	-17.84	24.00	3.68	24.9	-0.13	0.10	-0.44	0.01
U1429B	18H	4	101	146.51	155.7	155.68	-2.19	1.04	-0.41	2.75	-0.100	-19.98	23.94	3.34	25.0	-0.12	0.09	-0.28	0.04
U1429B	18H	4	106	146.56	155.7	155.73	-1.87	1.14	-0.34	2.80	-0.059	-24.85	23.90	3.56	26.4	-0.15	-0.03	-0.28	0.05
U1429B	18H	4	116	146.66	155.8	155.83	-2.39	0.94	-0.62	2.85	-0.013	-30.17	23.89	4.01	26.5	-0.17	-0.06	-0.28	0.07
U1429B	18H	4	121	146.71	155.9	155.88	-2.21	0.84	-0.61	2.86	-0.010	-30.62	23.84	3.86	26.0	-0.30	-0.15	-0.46	-0.06
U1429B	18H	4	131	146.81	156	155.98	-2.40	1.09	-0.66	2.84	-0.022	-29.12	23.92	3.55	25.7	-0.32	-0.19	-0.45	-0.09
U1429B	18H	4	136	146.86	156	156.03	-2.22	1.10	-0.58	2.82	-0.039	-27.18	24.00	3.54	25.5	-0.25	-0.14	-0.36	-0.04
U1429B	18H	4	146	146.96	156.1	156.13	-2.16	1.15	-0.51	2.79	-0.063	-24.41	23.97	3.52	25.5	-0.25	-0.14	-0.37	-0.06
U1429B	18H	5	1	147.01	156.2	156.18	-2.24	1.33	-0.55	2.78	-0.070	-23.58	23.82	3.55	25.5	-0.20	-0.07	-0.42	-0.01
U1429B	18H	5	11	147.11	156.3	156.28	-2.29	1.07	-0.52	2.71	-0.130	-16.50	23.58	3.62	25.4	-0.03	0.20	-0.19	0.10
U1429B	18H	5	16	147.16	156.3	156.33	-1.95	1.17	-0.39	2.64	-0.183	-10.26	23.44	3.69	26.3	-0.23	-0.10	-0.47	-0.15
U1429B	18H	5	26	147.26	156.4	156.43	-2.59	0.84	-0.83	2.59	-0.226	-5.16	22.99	3.83	26.5	-0.26	-0.15	-0.36	-0.22
U1429B	18H	5	31	147.31	156.5	156.48	-2.54	0.93	-0.84	2.60	-0.216	-6.31	23.44	3.82	26.2	-0.22	-0.11	-0.34	-0.17
U1429B	18H	5	41	147.41	156.6	156.58	-2.47	1.13	-0.73	2.65	-0.179	-10.70	23.44	3.81	25.7	-0.18	-0.06	-0.29	-0.09
U1429B	18H	5	46	147.46	156.6	156.63	-2.13	1.14	-0.44	2.68	-0.151	-13.95	23.23	3.58	24.2	-0.14	-0.02	-0.26	-0.03
U1429B	18H	5	56	147.56	156.7	156.73	-1.80	0.91	-0.09	2.74	-0.102	-19.82	23.51	3.12	24.0	-0.12	0.01	-0.23	0.04
U1429B	18H	5	61	147.61	156.8	156.78	-1.75	0.87	-0.03	2.77	-0.079	-22.43	23.63	3.25	24.7	-0.02	0.11	-0.14	0.16
U1429B	18H	5	71	147.71	156.9	156.88	-1.84	0.88	-0.11	2.77	-0.084	-21.89	23.52	3.52	24.9	0.02	0.14	-0.10	0.19
U1429B	18H	5	76	147.76	156.9	156.93	-1.82	0.73	-0.10	2.73	-0.111	-18.73	23.48	3.60	25.6	-0.04	0.08	-0.16	0.11
U1429B	18H	5	86	147.86	157	157.03	-2.14	1.24	-0.39	2.73	-0.116	-18.12	23.80	3.76	25.8	-0.09	0.02	-0.19	0.06
U1429B	18H	5	91	147.91	157.1	157.08	-2.15	0.63	-0.37	2.75	-0.094	-20.67	23.80	3.77	24.7	0.17	0.44	0.02	0.33
U1429C	20H	3	31	146.1	157.2	157.21	-1.47	0.72	0.27	2.82	-0.038	-27.28	23.56	3.59	23.4	0.23	0.47	0.09	0.45
U1429C	20H	3	41	146.2	157	157.31	-1.02	1.13	0.68	2.87	0.003	-32.12	23.78	3.18	23.4	0.07	0.25	-0.21	0.32
U1429C	20H	3	46	146.25	157.4	157.36	-1.55	0.83	0.24	2.90	0.023	-34.41	23.93	3.20	22.7	0.41	0.86	0.23	0.69
U1429C	20H	3	61	146.4	157.5	157.51	-0.78	0.64	0.91	2.82	-0.041	-26.89	23.23	3.23	22.9	0.32	0.82	0.12	0.54
U1429C	20H	3	71	146.5	158	157.61	-1.01	0.91	0.70	2.83	-0.032	-28.04	22.70	3.19	23.9	-0.12	0.05	-0.60	0.10
U1429C	20H	3	76	146.55	157.7	157.66	-1.84	0.78	0.12	2.89	0.020	-34.09	22.60	3.23	23.8	-0.08	0.07	-0.22	0.19
U1429C	20H	3	91	146.7	157.8	157.81	-1.48	0.96	0.31	2.94	0.055	-38.24	24.15	3.16	22.7	-0.05	0.10	-0.19	0.25
U1429C	20H	3	101	146.8	157.9	157.91	-1.18	0.87	0.58	2.95	0.065	-39.42	24.30	2.84	22.7	-0.11	0.04	-0.27	0.20
U1429C	20H	3	106	146.85	158	157.96	-1.43	0.72	0.39	2.97	0.083	-41.55	23.90	2.91	23.6	-0.23	-0.08	-0.39	0.10
U1429C	20H	3	121	147	158.1	158.11	-1.86	0.90	0.00	2.86	-0.005	-31.13	24.35	3.09	23.9	-0.02	0.22	-0.15	0.23
U1429C	20H	3	131	147.1	158.2	158.21	-1.59	0.88	0.20	2.75	-0.098	-20.26	24.10	3.22	24.0	0.05	0.18	-0.06	0.22
U1429C	20H	3	136	147.15	158.3	158.26	-1.67	1.03	0.16	2.70	-0.137	-15.67	24.11	3.40	24.4	0.09	0.24	-0.04	0.21
U1429C	20H	4	1	147.3	158.4	158.42	-1.54	1.11	0.25	2.91	0.031	-35.40	24.20	3.56	24.5	-0.09	0.06	-0.26	0.19
U1429C	20H	4	11	147.4	158.5	158.52	-1.71	1.05	0.11	3.00	0.104	-43.94	23.90	3.24	24.5	-0.12	0.02	-0.23	0.23
U1429C	20H	4	16	147.45	158.6	158.57	-1.72	1.00	0.08	2.97	0.082	-41.42	23.77	3.39	24.9	-0.05	0.07	-0.17	0.28
U1429C	20H	4	31	147.6	158.7	158.72	-1.91	1.06	-0.07	2.83	-0.031	-28.07	24.40	3.62	24.8	0.01	0.12	-0.10	0.23
U1429C	20H	4	41	147.7	158.8	158.82	-1.83	1.15	-0.04	2.68	-0.155	-13.48	24.46	3.50	24.7	0.03	0.14	-0.07	0.14
U1429C	20H	4	46	147.75	158.9	158.87	-1.93	1.03	-0.12	2.58	-0.233	-4.30	24.54	3.55	25.3	0.06	0.18	-0.06	0.10
U1429C	20H	4	61	147.9	159	159.02	-2.13	1.15	-0.30	2.47	-0.322	6.16	24.97	3.76	25.5	0.18	0.32	0.05	0.13
U1429C	20H	4	71	148	159.1	159.12	-2.05	0.87	-0.21	2.48	-0.317	5.49	24.75	3.99	25.4	0.22	0.34	0.11	0.18
U1429C	20H	4	76	148.05	159.2	159.17	-1.85	0.94	-0.14	2.49	-0.305	4.18	24.60	3.82	25.3	0.19	0.32	0.06	0.15
U1429C	20H	4	91	148.2	159.3	159.32	-2.07	0.90	-0.27	2.40	-0.384	13.45	25.00	3.76	26.3	0.21	0.35	0.07	0.10
U1429C	20H	4	101	148.3	159.4	159.42	-2.18	0.86	-0.42	2.36	-0.411	16.64	25.05	4.33	26.5	0.20	0.32	0.06	0.06
U1429C	20H	4	106	148.35	159.5	159.47	-2.33	1.07	-0.52	2.38	-0.394	14.54	25.20	4.20	26.2	0.11	0.23	0.00	-0.01
U1429C	20H	4	122	148.51	159.6	159.63	-2.20	0.88	-0.48	2.48	-0.314	5.14	25.11	3.97	26.7	-0.11	0.03	-0.29	-0.15
U1429C	20H	4	136	148.65	159.8	159.77	-2.65	1.09	-0.76	2.55	-0.258	-1.38	25.27	4.04	26.8	-0.13	-0.01	-0.25	-0.12
U1429C	20H	5	1	148.69	159.8	159.81	-2.46	0.83	-0.71	2.57	-0.245	-2.93	25.16	4.06	26.5	0.07	0.28	-0.08	0.09
U1429A	18H	2	101	149.11	159.9	159.93	-2.12	1.06	-0.38	2.58	-0.237	-3.85	24.40	4.14	26.5	0.47	0.72	0.19	0.50
U1429A	18H	3	56	149.81	160.6	160.63	-2.28	0.96	-0.57	2.31	-0.450	21.19	24.79	4.34	26.6	0.29	0.39	0.18	0.12
U1429A	18H	3	61	149.86	161	160.68	-2.25	0.78	-0.51	2.30	-0.465	22.98	24.74	4.42	26.4	0.64	0.97	0.51	0.46
U1429A	18H	3	76	150.01	161	160.83	-1.75	1.07	-0.09	2.31	-0.453	21.58	24.74	4.65	26.6	0.69	0.80	0.59	0.52
U1429A	18H	3	86	150.11	160.9	160.93	-1.94	1.14	-0.19	2.32	-0.448	20.94	25.09	4.81	26.8	0.70	0.82	0.59	0.53
U1429A	18H	3	91	150.16	161	160.98	-1.82	0.75	-0.22	2.31	-0.456	21.90	25.04	4.89	27.1	0.68	0.84	0.49	0.50
U1429A	18H	3	101	150.26	161.1	161.08	-2.21	0.73	-0.36	2.33	-0.440	20.05	24.88	5.04	26.9	0.77	1.03	0.61	0.61
U1429A	18H	3	106	150.31	161.1	161.13	-1.61	0.88	-0.24	2.36	-0.417	17.25	24.81	4.95	27.3	0.44	0.56	0.04	0.30
U1429A	18H	3	116	150.41	161.2	161.23	-2.16	0.83	-0.51	2.45	-0.343	8.55	24.87	4.76	27.6	0.37	0.47	0.25	0.30
U1429A	18H	3	121	150.46	161	161.28	-2.33	1.10	-0.63	2.51	-0.292	2.65	24.72	4.91	26.9	0.54	0.88	0.35	0.52
U1429A	18H	4	1	150.61	161.4	161.43	-1.82	0.69	-0.26	2.40	-0.377	12.62	24.79	4.83	26.3	0.18	0.32	-0.29	0.08
U1429A	18H	4	11	150.71	161.5	161.53	-2.33	0.64	-0.61	2.35	-0.417	17.32	24.73	4.08	26.1	0.15	0.26	0.04	0.01
U1429A	18H	4	16	150.76	162	161.58	-2.19	0.68	-0.65	2.39	-0.390	14.08	24.67	4.07	26.1	0.13	0.24	0.02	0.02
U1429B	19H	1	16	150.66	161.7	161.65	-2.25	0.55	-0.69	2.44	-0.351	9.55	24.49	4.05	26.8	-0.07	0.07	-0.27	-0.14
U1429B	19H	1	31	150.81	161.8	161.8	-2.61	0.91	-1.00	2.53	-0.273	0.39	24.21	4.11	26.9	0.00	0.17	-0.56	0.00
U1429B	19H	1	41	150.91	161.9	161.9	-2.47	0.51	-0.70	2.54	-0.263	-0.79	23.77	4.26	26.3	0.49	1.01	0.33	0.50
U1429B	19H	1	46	150.96	162	161.95	-1.63	0.38	-0.18	2.53	-0.278	0.99	23.56	4.39	26.2	0.53	0.68	0.41	0.52
U1429B	19H	1	56	151.06	162.1	162.05	-1.81	0.49	-0.24	2.55	-0.259	-1.30	23.36	4.65	26.2	0.48	0.61	0.36	0.49
U1429B	19H	1	61	151.11	162.1	162.1	-1.76	0.66	-0.22	2.59	-0.224	-5.38	23.43	4.21	24.3	0.35	0.49	0.20	0.39
U1429B	19H	1	76	151.26	162.3	162.25	-1.39	0.53	0.12	2.72	-0.123	-17.24	23.04	3.40	24.3	0.37	0.52	0.22	0.50
U1429B	19H	1	91	151.41	162.4	162.4	-1.14	0.16	0.34	3.00	0.103	-43.88	23.13	3.66	24.5	0.39	0.57	0.23	0.74
U1429B	19H	1	101	151.51	162.5	162.5	-1.03	0.03	0.24	3.05	0.151	-49.58	23.00	3.88	24.5	0.35	0.54	0.17	0.75
U1429B	19H	1	106	151.56	162.6	162.55	-1.32	0.23	0.15	3.00	0.103	-43.91	23.01	3.76	24.4	0.27	0.44	0.09	0.62
U1429B	19H	1	116	151.66	162.7	162.65	-1.53	0.54	0.13	2.95	0.068	-39.80	23.21	3.51	24.0	0.23	0.38	0.08	0.55
U1429B	19H	1	122	151.72	162.7	162.71	-1.23	0.40	0.24	2.97	0.084	-41.67	23.56	3.43	23.6	0.25	0.40	0.11	0.59
U1429B	19H	1	131	151.81	162.8	162.8	-1.05	0.25	0.40	2.99	0.097	-43.18	23.94	3.30	23.4	0.28	0.43	0.14	0.63
U1429B	19H	1	136	151.86	162.9	162.85	-1.09	0.48	0.49	2.99	0.099	-43.43	23.86	3.31	23.3	0.30	0.45	0.16	0.65
U1429B	19H	1	145	151.95	163	162.94	-0.79	0.11	0.63	3.05	0.151	-49.55	23.33	3.33	23.3	0.29	0.45	0.14	0.68
U1429B	19H	2	1	152.01	163	163	-0.94	0.19	0.55	3.15	0.226	-58.35	23.37	3.31	23.4	0.21	0.40	0.03	0.68
U1429B	19H	2	11	152.11	163.1	163.1	-1.20	0.21	0.37	3.20	0.268	-63.32	23.22	3.29	23.5	0.16	0.34	-0.03	0.66
U1429B	19H	2	16	152.16	163.2	163.15	-0.92	0.06	0.34	3.17	0.248	-60.96	23.08	3.25	23.5	0.11	0.33	-0.07	0.60
U1429B	19H	2	26	152.26	163.3	163.25	-1.39	0.17	0.34	3.21	0.276	-64.21	22.90	3.18	23.5	0.11	0.33	-0.05	0.62
U1429B	19H	2	31	152.31	163.3	163.3	-1.01	0.09	0.34	3.27	0.323	-69.82	22.90	3.22	23.5	0.14	0.31	0.00	0.70
U1429B	19H	2	41	152.41	163.4	163.4	-0.88	0.18	0.35	3.30	0.352	-73.16	22.66	3.30	23.5	0.15	0.31	0.01	0.74
U1429B	19H	2	46	152.46	163.5	163.45	-1.10	0.14	0.35	3.28	0.333	-70.90	22.54	3.25	23.4	0.15	0.31	0.01	0.72
U1429B	19H	2	56	152.56	163.6	163.55	-0.77	0.42	0.29	3.26	0.319	-69.31	22.97	3.14	23.5	0.14	0.30	-0.01	0.70
U1429B	19H	2	61	152.61	163.6	163.6	-1.18	0.26	0.25	3.27	0.325	-69.98	23.10	3.27	23.9	0.13	0.27	-0.01	0.69
U1429B	19H	2	76	152.76	163.8	163.75	-1.22	0.27	0.26	3.33	0.373	-75.62	22.78	3.65	23.4	0.05	0.19	-0.09	0.66
U1429B	19H	2	91	152.91	163.9	163.9	-0.96	0.14	0.41	3.49	0.505	-91.17	22.72	3.13	23.1	0.00	0.16	-0.13	0.73
U1429B	19H	2	101	153.01	164	164	-0.84	0.23	0.47	3.55	0.551	-96.58	22.98	3.04	23.0	-0.02	0.15	-0.16	0.75
U1429B	19H	2	106	153.06	164.1	164.05	-0.81	0.00	0.38	3.53	0.541	-95.45	23.13	3.00	22.9	-0.07	0.14	-0.23	0.69
U1429B	19H	2	116	153.16	164.2	164.15	-1.19	-0.06	0.21	3.48	0.498	-90.32	23.40	2.90	22.9	-0.11	0.07	-0.29	0.62
U1429B	19H	2	121	153.21	164.2	164.2	-0.85	0.09	0.30	3.44	0.468	-86.79	23.40	2.92	23.2	0.04	0.22	-0.12	0.73
U1429B	19H	3	11	153.61	164.6	164.6	-0.79	0.09	0.32	3.40	0.432	-82.60	22.54	3.11	23.4	0.05	0.21	-0.11	0.71
U1429B	19H	3	16	153.66	164.7	164.65	-1.16	0.30	0.22	3.40	0.431	-82.50	22.02	3.19	23.3	0.07	0.21	-0.07	0.73
U1429B	19H	3	31	153.81	164.8	164.8	-0.95	0.30	0.41	3.49	0.505	-91.14	22.74	3.26	23.0	0.08	0.21	-0.06	0.81
U1429B	19H	3	41	153.91	164.9	164.9	-0.73	0.05	0.53	3.51	0.525	-93.53	22.32	3.05	22.9	0.07	0.21	-0.07	0.82
U1429B	19H	3	46	153.96	165	164.95	-0.77	0.20	0.58	3.49	0.508	-91.55	22.21	3.02	22.8	0.05	0.22	-0.09	0.78
U1429B	19H	3	56	154.06	165.1	165.05	-0.61	0.32	0.58	3.56	0.562	-97.89	22.36	2.95	22.7	0.01	0.19	-0.14	0.79
U1429B	19H	3	61	154.11	165.1	165.1	-0.92	0.37	0.53	3.65	0.633	-106.21	22.48	2.97	22.7	0.01	0.21	-0.15	0.86
U1429B	19H	3	106	154.56	165.6	165.55	-0.62	-0.15	0.65	3.67	0.651	-108.40	22.51	3.14	22.6	0.01	0.21	-0.17	0.87
U1429B	19H	3	116	154.66	165.7	165.65	-0.86	0.00	0.67	3.65	0.636	-106.53	22.60	2.87	22.5	-0.01	0.18	-0.17	0.84
U1429B	19H	3	121	154.71	165.7	165.7	-0.53	0.08	0.68	3.65	0.639	-106.95	22.77	2.86	22.4	-0.02	0.13	-0.16	0.84
U1429B	19H	3	131	154.81	165.8	165.8	-0.59	0.06	0.68	3.69	0.669	-110.45	22.54	2.85	22.3	-0.03	0.11	-0.16	0.86
U1429B	19H	3	136	154.86	165.9	165.85	-0.62	0.17	0.64	3.72	0.695	-113.54	22.27	2.87	23.1	-0.01	0.13	-0.14	0.90
U1429B	19H	4	31	155.31	166.3	166.3	-0.67	0.05	0.49	3.69	0.667	-110.26	21.51	3.03	23.2	0.00	0.13	-0.13	0.88
U1429B	19H	4	41	155.41	166.4	166.4	-0.75	0.04	0.38	3.73	0.698	-113.86	21.34	3.09	23.4	-0.04	0.08	-0.16	0.87
U1429B	19H	4	46	155.46	166.5	166.45	-0.89	0.23	0.31	3.76	0.727	-117.30	21.31	3.12	23.2	0.05	0.21	-0.11	0.98
U1429B	19H	4	56	155.56	166.6	166.55	-0.56	-0.01	0.53	3.77	0.736	-118.32	21.38	3.17	23.1	0.06	0.21	-0.07	1.01
U1429B	19H	4	61	155.61	166.6	166.6	-0.72	0.15	0.43	3.75	0.715	-115.90	21.33	3.07	22.7	-0.06	0.09	-0.21	0.87
U1429B	19H	4	71	155.71	166.7	166.7	-0.80	0.18	0.38	3.71	0.685	-112.30	20.96	2.87	22.4	-0.05	0.10	-0.20	0.84
U1429B	19H	4	76	155.76	166.8	166.75	-0.57	0.09	0.46	3.70	0.675	-111.12	20.82	2.85	22.5	-0.14	0.01	-0.31	0.75
U1429B	19H	4	91	155.91	166.9	166.9	-0.73	0.17	0.32	3.79	0.753	-120.33	21.05	2.79	23.4	-0.24	-0.11	-0.38	0.72
U1429B	19H	4	101	156.01	167	167	-1.03	0.23	0.07	3.84	0.788	-124.41	21.01	3.04	23.6	-0.27	-0.13	-0.40	0.72
U1429B	19H	4	106	156.06	167.1	167.05	-1.02	0.32	0.04	3.83	0.778	-123.29	21.07	2.95	22.9	-0.32	-0.14	-0.47	0.67
U1429B	19H	4	116	156.16	167.2	167.15	-0.86	0.27	0.12	3.76	0.725	-117.11	22.46	2.75	22.9	-0.41	-0.24	-0.61	0.53
U1429B	19H	4	121	156.21	167.2	167.2	-1.24	0.31	-0.19	3.71	0.682	-112.04	21.76	2.73	22.6	-0.35	-0.18	-0.49	0.55
U1429B	19H	4	131	156.31	167.3	167.3	-0.95	0.37	-0.01	3.63	0.619	-104.62	21.56	2.69	22.5	-0.32	-0.18	-0.44	0.52
U1429B	19H	4	136	156.36	167.4	167.35	-1.06	0.41	-0.01	3.61	0.599	-102.26	21.80	2.72	22.5	-0.26	-0.09	-0.41	0.56
U1429B	19H	5	1	156.51	167.5	167.5	-0.89	0.52	0.08	3.60	0.591	-101.30	21.50	2.79	22.5	-0.32	-0.16	-0.48	0.49
U1429B	19H	5	11	156.61	167.6	167.6	-1.09	0.69	-0.08	3.60	0.596	-101.85	21.72	2.66	22.4	-0.33	-0.19	-0.49	0.48
U1429B	19H	5	16	156.66	167.7	167.65	-0.97	0.48	-0.08	3.60	0.594	-101.69	22.06	2.69	22.6	-0.33	-0.14	-0.55	0.49
U1429B	19H	5	26	156.76	167.8	167.75	-1.22	0.47	-0.14	3.59	0.583	-100.32	22.52	2.74	22.6	-0.23	-0.01	-0.43	0.57
U1429B	19H	5	31	156.81	167.8	167.8	-0.83	0.35	0.03	3.57	0.572	-99.11	22.12	2.82	22.9	-0.19	-0.05	-0.32	0.61
U1429B	19H	5	41	156.91	167.9	167.9	-1.07	0.54	-0.12	3.55	0.557	-97.26	21.98	2.97	23.1	-0.21	-0.07	-0.34	0.57
U1429B	19H	5	46	156.96	168	167.95	-1.07	0.58	-0.15	3.55	0.551	-96.62	22.12	2.86	22.4	-0.28	-0.12	-0.45	0.49
U1429B	19H	5	56	157.06	168.1	168.05	-1.09	0.35	-0.06	3.57	0.574	-99.30	22.34	2.66	21.9	-0.27	-0.10	-0.43	0.53
U1429B	19H	5	61	157.11	168.1	168.1	-0.71	0.30	0.11	3.61	0.602	-102.61	22.33	2.60	21.4	-0.24	-0.08	-0.37	0.58
U1429B	19H	5	71	157.21	168.2	168.2	-0.70	0.08	0.20	3.59	0.590	-101.18	21.90	2.48	22.4	-0.14	0.04	-0.32	0.67
U1429B	19H	5	86	157.36	168.4	168.35	-0.76	0.31	0.06	3.53	0.540	-95.35	21.78	2.88	22.7	-0.14	0.03	-0.30	0.63
U1429B	19H	5	91	157.41	168.4	168.4	-1.03	0.41	-0.06	3.57	0.572	-99.01	21.68	2.87	22.7	-0.15	-0.02	-0.28	0.64
U1429B	19H	5	106	157.56	168.6	168.55	-0.96	0.37	-0.08	3.50	0.510	-91.78	22.62	2.84	22.0	-0.15	0.03	-0.30	0.58
U1429B	19H	5	121	157.71	168.7	168.7	-0.66	0.40	0.10	3.54	0.542	-95.57	21.82	2.60	22.3	-0.27	-0.08	-0.45	0.50
U1429B	19H	5	131	157.81	168.8	168.8	-1.16	0.53	-0.20	3.56	0.559	-97.48	21.38	2.69	22.4	-0.27	-0.10	-0.44	0.51
U1429B	19H	5	136	157.86	168.9	168.85	-0.90	0.49	-0.06	3.53	0.536	-94.77	21.32	2.71	22.3	-0.16	-0.02	-0.29	0.60
U1429B	19H	5	146	157.96	169	168.95	-0.91	0.64	-0.05	3.47	0.493	-89.74	21.52	2.77	22.3	-0.14	-0.02	-0.27	0.57
U1429B	19H	6	1	158.01	169	169	-0.91	0.52	-0.06	3.45	0.473	-87.41	21.62	2.77	22.3	-0.16	-0.02	-0.29	0.54
U1429B	19H	6	11	158.11	169.1	169.1	-0.93	0.43	-0.06	3.48	0.497	-90.25	21.52	2.75	22.4	-0.16	-0.03	-0.29	0.56
U1429B	19H	6	16	158.16	169.2	169.15	-0.88	0.57	-0.05	3.53	0.541	-95.41	21.37	2.79	22.7	-0.20	-0.06	-0.34	0.56
U1429B	19H	6	26	158.26	169.3	169.25	-1.06	0.66	-0.18	3.58	0.578	-99.71	21.08	2.86	22.8	-0.21	-0.07	-0.35	0.58
U1429B	19H	6	31	158.31	169.3	169.3	-0.95	0.60	-0.18	3.57	0.570	-98.85	20.98	2.83	23.0	-0.35	-0.16	-0.55	0.44
U1429B	19H	6	41	158.41	169.4	169.4	-1.37	0.67	-0.39	3.55	0.555	-97.07	21.44	2.77	23.2	-0.34	-0.15	-0.49	0.44
U1429B	19H	6	46	158.46	169.5	169.45	-1.13	0.53	-0.34	3.54	0.547	-96.14	21.83	2.89	23.3	-0.14	0.02	-0.32	0.63
U1429B	19H	6	56	158.56	169.6	169.55	-1.19	0.50	-0.33	3.48	0.496	-90.06	22.08	3.11	23.1	-0.05	0.10	-0.21	0.67
U1429B	19H	6	61	158.61	169.6	169.6	-0.85	0.41	-0.08	3.42	0.452	-84.89	21.98	2.97	22.6	-0.21	-0.02	-0.43	0.47
U1429B	19H	6	71	158.71	169.7	169.7	-1.17	0.45	-0.22	3.42	0.451	-84.76	21.48	2.69	22.6	-0.24	-0.08	-0.38	0.44
U1429B	19H	6	76	158.76	169.8	169.75	-1.00	0.46	-0.21	3.48	0.493	-89.80	21.25	2.82	23.2	-0.14	-0.01	-0.28	0.57
U1429B	19H	6	86	158.86	169.9	169.85	-1.14	0.27	-0.26	3.53	0.534	-94.61	21.79	3.07	23.3	-0.10	0.04	-0.23	0.66
U1429B	19H	6	91	158.91	169.9	169.9	-0.96	0.41	-0.12	3.52	0.532	-94.39	22.24	3.03	23.4	-0.26	-0.08	-0.48	0.49
U1429A	20H	2	31	157.91	170	170.04	-1.27	0.46	-0.36	3.59	0.583	-100.31	22.60	2.92	23.1	-0.32	-0.18	-0.45	0.48
U1429A	20H	2	46	158.06	170.2	170.19	-1.12	0.56	-0.25	3.58	0.580	-100.00	21.76	2.81	23.4	-0.15	0.04	-0.30	0.65
U1429A	20H	2	61	158.21	170	170.34	-1.08	0.41	-0.19	3.51	0.524	-93.38	22.24	3.15	23.5	-0.07	0.05	-0.19	0.68
U1429A	20H	2	76	158.36	170.5	170.49	-1.00	0.42	-0.11	3.55	0.554	-96.94	20.12	3.10	23.5	-0.30	-0.13	-0.54	0.48
U1429A	20H	2	91	158.51	171	170.64	-1.31	0.52	-0.37	3.58	0.578	-99.81	21.50	2.93	23.5	-0.33	-0.20	-0.46	0.47
U1429A	20H	2	106	158.66	170.8	170.79	-1.27	0.31	-0.35	3.51	0.521	-93.07	21.50	2.92	23.4	-0.21	-0.06	-0.35	0.53
U1429A	20H	2	121	158.81	171	170.94	-1.19	0.26	-0.24	3.44	0.465	-86.49	21.56	3.03	23.3	0.08	0.34	-0.08	0.77
U1429A	20H	2	136	158.96	171.1	171.09	-0.89	0.30	0.03	3.37	0.407	-79.63	21.55	3.21	23.2	-0.08	0.09	-0.33	0.55
U1429A	20H	3	1	159.11	171	171.24	-1.10	0.50	-0.13	3.47	0.485	-88.81	21.40	2.93	23.3	-0.29	-0.14	-0.45	0.42
U1429A	20H	3	16	159.26	171.4	171.39	-1.26	0.30	-0.26	3.57	0.570	-98.82	20.68	2.90	23.7	-0.33	-0.20	-0.45	0.46
U1429A	20H	3	31	159.41	172	171.54	-1.31	0.55	-0.30	3.58	0.579	-99.93	20.38	3.01	24.1	-0.19	-0.02	-0.32	0.61
U1429A	20H	3	46	159.56	171.7	171.69	-1.26	0.38	-0.24	3.50	0.517	-92.60	20.30	3.25	24.1	-0.13	-0.02	-0.25	0.61
U1429A	20H	3	61	159.71	172	171.84	-1.23	0.58	-0.18	3.54	0.542	-95.57	20.54	3.23	24.2	-0.10	0.02	-0.22	0.66
U1429A	20H	3	76	159.86	172	171.99	-1.17	0.64	-0.07	3.59	0.590	-101.18	20.80	3.32	24.0	0.10	0.31	-0.06	0.91
U1429A	20H	3	91	160.01	172	172.14	-0.83	0.52	0.24	3.60	0.596	-101.88	20.98	3.41	24.0	-0.05	0.11	-0.28	0.76
U1429A	20H	3	106	160.16	172.3	172.29	-1.17	0.75	0.00	3.59	0.584	-100.41	20.88	3.22	23.7	-0.03	0.13	-0.16	0.78
U1429A	20H	3	121	160.31	172	172.44	-0.85	0.41	0.24	3.66	0.642	-107.33	20.64	3.18	24.3	-0.10	0.05	-0.24	0.76
U1429A	20H	3	136	160.46	172.6	172.59	-1.32	0.46	-0.11	3.55	0.555	-97.00	20.58	3.33	23.7	-0.13	0.04	-0.27	0.64
U1429A	20H	4	16	160.76	172.9	172.89	-1.01	0.54	0.18	3.54	0.546	-96.01	20.15	3.12	23.6	-0.16	0.03	-0.31	0.61
U1429A	20H	4	26	160.86	173	172.99	-1.09	0.58	0.05	3.55	0.552	-96.72	19.68	3.07	23.8	-0.26	-0.10	-0.45	0.51
U1429A	20H	4	31	160.91	173	173.04	-1.40	0.56	-0.08	3.55	0.555	-97.07	19.58	3.05	24.0	-0.31	-0.18	-0.45	0.46
U1429A	20H	4	46	161.06	173.2	173.19	-1.37	0.48	-0.12	3.56	0.564	-98.12	19.72	3.07	24.0	-0.18	-0.02	-0.33	0.60
U1429A	20H	4	61	161.21	173	173.34	-1.16	0.66	0.07	3.57	0.573	-99.17	19.90	3.21	24.1	-0.22	-0.07	-0.39	0.57
U1429A	20H	4	76	161.36	173.5	173.49	-1.40	0.83	-0.08	3.56	0.565	-98.25	20.06	3.14	23.8	-0.16	0.00	-0.30	0.62
U1429A	20H	4	86	161.46	173.6	173.59	-1.09	0.65	0.18	3.55	0.554	-96.97	19.73	3.12	23.7	-0.13	-0.01	-0.25	0.64
U1429A	20H	4	91	161.51	174	173.64	-1.16	0.65	0.20	3.54	0.549	-96.33	19.88	3.12	23.4	-0.06	0.08	-0.20	0.71
U1429A	20H	4	106	161.66	173.8	173.79	-0.93	0.74	0.40	3.52	0.533	-94.42	20.19	3.09	23.3	-0.05	0.09	-0.17	0.71
U1429A	20H	4	116	161.76	174	173.89	-0.95	1.00	0.40	3.51	0.522	-93.15	20.11	3.07	23.4	-0.09	0.05	-0.22	0.66
U1429A	20H	4	121	161.81	174	173.94	-1.11	1.00	0.26	3.50	0.516	-92.51	20.16	3.05	23.7	-0.26	-0.11	-0.41	0.48
U1429A	20H	4	131	161.91	174	174.04	-1.37	0.94	0.07	3.52	0.527	-93.75	20.38	3.03	23.8	-0.29	-0.16	-0.41	0.46
U1429A	20H	4	136	161.96	174.1	174.09	-1.26	0.98	0.08	3.54	0.543	-95.63	20.49	3.02	23.7	-0.32	-0.19	-0.44	0.45
U1429A	20H	5	1	162.09	174	174.22	-1.33	0.90	0.08	3.56	0.563	-98.04	20.20	2.99	23.6	-0.33	-0.19	-0.45	0.46
U1429A	20H	5	16	162.24	174.4	174.37	-1.29	0.45	0.14	3.55	0.556	-97.16	20.21	2.96	23.6	-0.17	0.02	-0.32	0.61
U1429A	20H	5	31	162.39	175	174.52	-1.15	0.77	0.28	3.45	0.471	-87.19	20.30	3.12	23.8	-0.18	-0.02	-0.31	0.52
U1429A	20H	5	46	162.54	174.7	174.67	-1.23	0.92	0.20	3.50	0.517	-92.57	19.93	3.13	24.1	-0.28	-0.13	-0.43	0.46
U1429A	20H	5	56	162.64	174.8	174.77	-1.57	0.86	-0.03	3.44	0.465	-86.52	20.22	3.13	24.1	-0.29	-0.15	-0.43	0.40
U1429A	20H	5	61	162.69	175	174.82	-1.47	0.84	-0.04	3.33	0.371	-75.43	20.32	3.13	24.1	-0.28	-0.15	-0.40	0.33
U1429B	20H	3	11	163.11	175	174.97	-1.64	1.06	-0.13	3.27	0.324	-69.83	20.91	3.13	24.0	-0.27	-0.14	-0.39	0.29
U1429B	20H	3	16	163.16	175	175.02	-1.45	0.84	0.03	3.30	0.347	-72.58	21.12	3.07	24.2	-0.53	-0.21	-0.84	0.05
U1429B	20H	3	31	163.31	175.2	175.17	-2.15	0.70	-0.50	3.31	0.360	-74.12	21.60	2.92	23.8	-0.40	-0.05	-0.57	0.19
U1429B	20H	3	41	163.41	175.3	175.27	-1.46	0.92	-0.06	3.32	0.366	-74.82	21.74	2.94	23.6	-0.35	-0.21	-0.48	0.25
U1429B	20H	3	46	163.46	175.3	175.32	-1.52	0.89	0.03	3.33	0.377	-76.13	21.60	2.94	23.6	-0.32	-0.17	-0.46	0.29
U1429B	20H	3	56	163.56	175.4	175.42	-1.33	0.75	0.16	3.31	0.355	-73.52	20.83	2.94	23.7	-0.32	-0.18	-0.47	0.26
U1429B	20H	3	61	163.61	175.5	175.47	-1.67	0.82	-0.13	3.26	0.322	-69.60	21.48	3.03	24.2	-0.26	-0.10	-0.42	0.30
U1429B	20H	3	71	163.71	175.6	175.57	-1.50	0.80	-0.06	3.20	0.271	-63.64	21.88	3.22	24.5	-0.25	-0.11	-0.40	0.26
U1429B	20H	3	76	163.76	175.6	175.62	-1.84	0.93	-0.21	3.18	0.254	-61.60	21.74	3.30	25.0	-0.25	-0.11	-0.37	0.25
U1429B	20H	3	86	163.86	175.7	175.72	-1.78	0.75	-0.27	3.17	0.247	-60.77	21.11	3.45	25.1	-0.25	-0.13	-0.36	0.24
U1429B	20H	3	91	163.91	175.8	175.77	-1.87	0.86	-0.28	3.18	0.257	-61.98	20.66	3.43	24.6	-0.18	0.06	-0.50	0.31
U1429B	20H	3	122	164.22	176.1	176.08	-1.09	0.84	0.38	3.32	0.369	-75.22	20.91	3.32	24.8	-0.34	-0.19	-0.77	0.26
U1429B	20H	3	136	164.36	176.2	176.22	-1.84	1.25	-0.24	3.33	0.374	-75.81	21.72	3.27	25.5	-0.40	-0.28	-0.52	0.21
U1429B	20H	3	146	164.46	176.3	176.32	-1.93	0.97	-0.37	3.33	0.372	-75.56	21.77	3.47	25.7	-0.39	-0.28	-0.53	0.21
U1429B	20H	4	1	164.51	176.4	176.37	-2.03	0.96	-0.43	3.33	0.377	-76.06	21.12	3.51	25.1	-0.11	0.19	-0.30	0.49
U1429B	20H	4	11	164.61	176.5	176.47	-1.38	0.70	0.06	3.33	0.372	-75.52	20.66	3.59	24.9	-0.06	0.09	-0.20	0.54
U1429B	20H	4	16	164.66	176.5	176.52	-1.53	1.02	0.07	3.32	0.363	-74.47	20.72	3.46	24.5	-0.20	-0.06	-0.35	0.40
U1429B	20H	4	26	164.76	176.6	176.62	-1.55	0.92	0.01	3.32	0.371	-75.40	21.07	3.19	24.4	-0.23	-0.11	-0.35	0.37
U1429B	20H	4	31	164.81	176.7	176.67	-1.55	0.96	0.05	3.35	0.388	-77.37	21.92	3.26	24.5	-0.16	0.03	-0.44	0.46
U1429B	20H	4	41	164.91	176.8	176.77	-1.20	0.82	0.36	3.31	0.361	-74.18	22.33	3.40	24.8	-0.20	0.01	-0.50	0.40
U1429B	20H	4	46	164.96	176.8	176.82	-1.88	0.88	-0.23	3.26	0.317	-69.02	22.11	3.39	24.9	-0.25	-0.12	-0.42	0.30
U1429B	20H	4	56	165.06	176.9	176.92	-1.68	1.00	-0.17	3.23	0.292	-66.12	21.65	3.37	24.9	-0.25	-0.13	-0.39	0.28
U1429B	20H	4	61	165.11	177	176.97	-1.77	0.99	-0.07	3.25	0.311	-68.38	21.40	3.35	24.2	-0.06	0.17	-0.37	0.49
U1429B	20H	4	71	165.21	177.1	177.07	-0.96	0.75	0.38	3.27	0.323	-69.75	21.08	3.33	24.0	0.00	0.19	-0.24	0.56
U1429B	20H	4	76	165.26	177.1	177.12	-1.45	0.85	0.22	3.26	0.315	-68.86	21.07	3.32	24.2	-0.06	0.20	-0.25	0.49
U1429B	20H	4	86	165.36	177.2	177.22	-1.24	0.93	0.30	3.25	0.309	-68.16	21.77	3.30	24.5	-0.20	0.02	-0.45	0.35
U1429B	20H	4	91	165.41	177.3	177.27	-1.84	1.24	-0.19	3.25	0.311	-68.35	22.12	3.29	24.5	-0.22	-0.06	-0.38	0.32
U1429B	20H	4	101	165.51	177.4	177.37	-1.63	0.89	-0.09	3.21	0.275	-64.11	22.64	3.27	24.4	-0.21	-0.06	-0.33	0.31
U1429B	20H	4	106	165.56	177.4	177.42	-1.58	0.82	-0.08	3.16	0.237	-59.68	22.73	3.26	24.6	-0.32	-0.15	-0.49	0.16
U1429B	20H	4	116	165.66	177.5	177.52	-1.85	0.85	-0.31	3.15	0.229	-58.66	22.15	3.23	24.7	-0.39	-0.25	-0.53	0.08
U1429B	20H	4	120	165.7	177.6	177.56	-1.99	1.02	-0.44	3.18	0.252	-61.39	22.35	3.22	24.6	-0.33	-0.19	-0.48	0.16
U1429B	20H	4	131	165.81	177.7	177.67	-1.68	0.83	-0.15	3.18	0.254	-61.63	22.96	3.20	24.4	-0.30	-0.18	-0.43	0.19
U1429B	20H	4	136	165.86	177.7	177.72	-1.77	0.96	-0.23	3.14	0.221	-57.77	23.19	3.19	24.5	-0.37	-0.23	-0.50	0.10
U1429B	20H	4	146	165.96	177.8	177.82	-1.91	0.76	-0.38	3.08	0.170	-51.72	23.13	3.17	24.6	-0.41	-0.27	-0.52	0.01
U1429B	20H	5	1	166.01	177.9	177.87	-2.00	0.74	-0.47	3.05	0.151	-49.52	23.28	3.16	24.6	-0.44	-0.27	-0.65	-0.05
U1429B	20H	5	11	166.11	178	177.97	-2.22	0.65	-0.55	3.01	0.116	-45.41	23.70	3.13	24.4	-0.40	-0.17	-0.64	-0.04
U1429B	20H	5	16	166.16	178	178.02	-1.68	0.84	-0.26	2.99	0.100	-43.50	23.83	3.12	24.2	-0.37	-0.14	-0.61	-0.02
U1429B	20H	5	26	166.26	178.1	178.12	-2.12	1.16	-0.53	3.03	0.130	-47.00	23.01	3.10	24.1	-0.34	-0.09	-0.58	0.04
U1429B	20H	5	31	166.31	178.2	178.17	-1.51	0.94	-0.14	3.08	0.176	-52.42	22.06	3.09	24.0	-0.33	-0.05	-0.64	0.09
U1429B	20H	5	41	166.41	178.3	178.27	-2.02	0.97	-0.20	3.16	0.240	-59.94	21.18	3.07	23.8	-0.19	0.21	-0.43	0.29
U1429B	20H	5	46	166.46	178.3	178.32	-1.17	1.00	0.09	3.19	0.257	-62.04	21.10	3.07	23.5	-0.17	0.06	-0.35	0.33
U1429B	20H	5	61	166.61	178.5	178.47	-1.36	1.09	0.17	3.33	0.378	-76.19	20.98	3.05	23.1	-0.13	0.07	-0.32	0.48
U1429B	20H	5	76	166.76	178.6	178.62	-1.04	1.08	0.40	3.23	0.293	-66.28	21.70	2.99	23.2	-0.24	-0.05	-0.48	0.29
U1429B	20H	5	86	166.86	178.7	178.72	-1.44	1.18	0.08	3.19	0.260	-62.36	21.74	2.93	23.3	-0.33	-0.17	-0.49	0.17
U1429B	20H	5	91	166.91	178.8	178.77	-1.57	1.20	-0.05	3.23	0.295	-66.41	21.94	2.89	23.6	-0.42	-0.27	-0.58	0.11
U1429B	20H	5	101	167.01	178.9	178.87	-1.63	1.29	-0.19	3.20	0.272	-63.80	22.58	2.83	23.9	-0.45	-0.30	-0.65	0.06
U1429B	20H	5	106	167.06	178.9	178.92	-1.94	1.15	-0.39	3.13	0.216	-57.14	22.91	3.01	24.0	-0.03	0.44	-0.23	0.43
U1429B	20H	5	116	167.16	179	179.02	-1.38	1.15	0.07	3.03	0.131	-47.19	22.99	3.38	24.0	0.05	0.26	-0.08	0.43
U1429B	20H	5	121	167.21	179.1	179.07	-1.37	1.24	0.08	3.00	0.103	-43.91	22.94	3.31	24.0	-0.11	0.07	-0.32	0.24
U1429B	20H	5	131	167.31	179.2	179.17	-1.65	0.91	-0.17	2.98	0.089	-42.28	23.14	3.17	24.0	-0.21	-0.08	-0.37	0.13
U1429B	20H	5	136	167.36	179.2	179.22	-1.80	0.90	-0.26	3.00	0.104	-43.94	23.34	3.16	24.0	-0.17	-0.01	-0.32	0.19
U1429B	20H	5	146	167.46	179.3	179.32	-1.63	0.76	-0.15	3.01	0.116	-45.44	23.73	3.14	24.0	-0.10	0.05	-0.23	0.26
U1429B	20H	6	1	167.51	179.4	179.37	-1.50	1.26	-0.04	3.01	0.115	-45.28	23.88	3.25	24.4	-0.05	0.07	-0.17	0.31
U1429B	20H	6	11	167.61	179.5	179.47	-1.62	0.87	-0.15	3.00	0.109	-44.62	23.77	3.46	24.8	-0.05	0.07	-0.15	0.31
U1429A	21H	1	131	166.91	179.6	179.55	-1.73	1.06	-0.25	2.99	0.103	-43.82	23.46	3.50	24.9	-0.05	0.07	-0.17	0.30
U1429A	21H	1	136	166.96	180	179.6	-1.74	0.82	-0.26	2.99	0.098	-43.33	23.30	3.52	24.6	0.02	0.17	-0.12	0.37
U1429A	21H	2	1	167.11	179.8	179.75	-1.49	0.92	-0.05	2.95	0.065	-39.42	23.06	3.49	24.5	0.00	0.14	-0.14	0.31
U1429A	21H	2	16	167.26	180	179.9	-1.62	1.00	-0.18	2.89	0.022	-34.30	23.12	3.40	24.9	-0.10	0.04	-0.24	0.18
U1429A	21H	2	26	167.36	180	180	-1.85	0.91	-0.38	2.94	0.059	-38.65	23.30	3.52	25.1	-0.14	-0.01	-0.28	0.17
U1429A	21H	2	31	167.41	180.1	180.05	-1.90	0.88	-0.44	3.00	0.110	-44.71	23.30	3.52	25.1	-0.13	0.01	-0.36	0.22
U1429A	21H	2	41	167.51	180.2	180.15	-1.99	0.98	-0.48	3.00	0.105	-44.16	23.48	3.53	24.9	-0.10	0.09	-0.36	0.25
U1429A	21H	2	46	167.56	180	180.2	-1.49	0.85	-0.17	2.93	0.049	-37.57	23.62	3.53	24.5	-0.07	0.16	-0.29	0.23
U1429A	21H	2	56	167.66	180.3	180.3	-1.97	0.79	-0.32	2.88	0.009	-32.82	23.79	3.26	24.3	-0.06	0.17	-0.23	0.21
U1429A	21H	2	61	167.71	180.4	180.35	-1.51	0.96	-0.20	2.90	0.025	-34.67	23.74	3.33	24.5	-0.03	0.17	-0.18	0.25
U1429A	21H	2	71	167.81	180.5	180.45	-1.63	0.74	-0.23	2.85	-0.015	-30.02	23.64	3.45	24.8	-0.04	0.11	-0.18	0.20
U1429A	21H	2	76	167.86	181	180.5	-2.02	0.68	-0.51	2.78	-0.070	-23.51	23.61	3.51	25.1	-0.02	0.12	-0.14	0.17
U1429A	21H	2	86	167.96	180.6	180.6	-1.82	0.81	-0.36	2.91	0.036	-36.04	23.70	3.62	25.2	0.01	0.15	-0.10	0.30
U1429A	21H	2	91	168.01	180.7	180.65	-1.73	0.80	-0.28	2.93	0.053	-38.05	23.70	3.67	25.3	0.03	0.17	-0.10	0.33
U1429A	21H	2	101	168.11	180.8	180.75	-1.70	0.92	-0.31	2.92	0.040	-36.48	23.64	3.77	25.3	0.01	0.16	-0.15	0.30
U1429A	21H	2	106	168.16	181	180.8	-1.95	1.04	-0.43	2.88	0.010	-32.92	23.61	3.67	25.3	-0.14	0.01	-0.33	0.13
U1429A	21H	2	122	168.32	181	180.96	-2.08	0.87	-0.58	2.85	-0.014	-30.12	23.77	3.48	24.2	-0.01	0.17	-0.16	0.23
U1429A	21H	3	16	168.76	181	181.4	-1.33	1.07	0.16	3.10	0.186	-53.65	21.87	3.38	24.0	0.00	0.14	-0.13	0.43
U1429A	21H	3	31	168.91	181.6	181.55	-1.42	0.84	0.10	3.15	0.232	-59.08	21.84	3.26	24.0	0.44	0.55	0.31	0.91
