# NOAA Paleoclimatology Program - Paleocean Site Data
# odp1123-tab.txt
# Complete Data
# File Created: 28-Oct-2008
#
#*********************************************************************************
# Please cite the contributor and the original publications when using these data
#*********************************************************************************
#
# Missing Values indicated by '-999'
#
# PI:             Martin Crundwell
# Core/Site:      ODP1123
# Latitude:       41.47.12S	( -41.78667)
# Longitude:      171.29.54W	( -171.4983)
# Water Depth(m): 3290
#
# Publications:
#   Crundwell, M., G. Scott, T. Naish, and L. Carter. 2008. Glacial-interglacial
#     ocean climate variability from planktonic foraminifera during the Mid-Pleistocene
#     transition in the temperate Southwest Pacific, ODP Site 1123.  Palaeogeography,
#     Palaeoclimatology, Palaeoecology, 260(1-2), 202-229.
#------------------
#
# Description & Notes:
#   Southwest Pacific ODP1123 Mid-Pleistocene Transition Foraminiferal SST Data
#   
#
# Variables:
#             depth         Depth (cm)
#             yrBP          radiocarbon years B.P. (Libby half-life; B.P. = 1950)
#             b.digit       Beella digitata count (Count)
#             echin         Echinoid count (Count)
#             fish.te       Fish teeth count (Count)
#             forams-b      Benthic Foraminifers (Count)
#             foramsfrag    Foraminifers Fragments
#             frag-plank%   Fragmentation percent (Planktic foraminifera)
#             g.aequi       Globigerinella aequilateralis (Count)
#             g.bull        Globigerina bulloides (Count)
#             g.calid       Globigerina calida (Count)
#             g.falco       Globigerina falconensis (Count)
#             g.glut        Globigerinita glutinata (Count)
#             g.infla       Globorotalia inflata (Count)
#             g.rub         Globigerinoides ruber (Count)
#             g.sac         Globigerinoides sacculifer (Count)
#             glass/pum     Glass shards/pumice count (Count)
#             hr.hirsu      Hirsutella hirsuta count (Count)
#             hr.scit       Hirsutella scitula count (Count)
#             n.incomp      Neogloboquadrina incompta count (Count)
#             n.pachy       Neogloboquadrina pachyderma (Count)
#             o.univer      Orbulina universa (Count)
#             ostrac        Ostracods count (Count)
#             p.obliq       Pulleniatina obliquiloculata (Count)
#             plank         Planktonic foraminifers (Count)
#             pyr.ag        Pyrite aggregates count (Count)
#             radio         Radiolarians (Count)
#             s.dehisc      Sphaeroidinella dehiscens (Count)
#             spicul        Sponge spicules count (Count)
#             sst-ANN       Sea surface temperature, artificial neural network (C)
#             t.humil       Turborotalita humilis count (Count)
#             t.quinq       Turborotalita quinqueloba count (Count)
#             tr.crass      Truncorotalia crassaformis count (Count)
#             tr.crsula     Truncorotalia crassula count (Count)
#             tr.trunc-l    Truncorotalia Truncatulinoides (left coiling) (Count)
#             tr.trunc-r    Truncorotalia Truncatulinoides (right coiling) (Count)
#
# CORE: ODP1123
depth	yrBP 	b.digit	echin	fish.te	forams-b	foramsfrag	frag-plank%	g.aequi	g.bull	g.calid	g.falco	g.glut	g.infla	g.rub	g.sac	glass/pum	hr.hirsu	hr.scit	n.incomp	n.pachy	o.univer	ostrac	p.obliq	plank	pyr.ag	radio	s.dehisc	spicul	sst-ANN	t.humil	t.quinq	tr.crass	tr.crsula	tr.trunc-l	tr.trunc-r	notes
4	630	0	1	0	13	290	9.9	1	47	1	2	1	149	3	0	1	1	1	83	2	3	0	0	316	0	43	0	0	16.554	0	1	0	1	20	0	C 1 H 1 3 5
7	1260	0	0	0	17	206	7	1	62	0	1	2	154	0	0	0	12	4	55	3	4	1	0	326	0	24	0	0	14.555	0	0	0	0	27	1	C 1 H 1 6 8
10	1890	0	0	0	17	200	7.3	2	60	0	1	5	132	1	0	1	3	0	74	1	3	0	0	299	0	17	0	1	15.809	0	0	0	0	17	0	C 1 H 1 9 11
25	4920	0	0	0	13	107	3.4	1	68	0	2	3	132	2	0	0	10	2	117	1	4	0	0	361	0	9	0	0	16.019	0	1	0	0	17	1	C 1 H 1 24 26
38	7580	0	0	0	1	103	3.9	2	79	0	4	6	90	5	0	0	1	1	107	0	0	0	0	314	0	11	0	0	16.081	0	4	0	1	14	0	C 1 H 1 37 39
48	10040	0	0	0	7	177	6.4	0	66	2	3	4	92	1	0	0	0	1	114	0	0	0	0	315	0	3	0	0	15.302	0	5	0	0	26	1	C 1 H 1 47 49
57	11470	0	0	0	9	148	5.4	0	71	0	4	16	70	0	0	0	0	2	126	2	1	0	0	313	0	4	0	0	14.433	0	10	0	0	11	0	C 1 H 1 56 58
72	14550	0	1	0	4	168	6	0	66	0	0	13	75	0	0	3	0	0	144	6	0	0	0	327	0	22	0	0	14.435	0	13	0	0	8	2	C 1 H 1 71 73
83	16800	0	1	0	8	212	7.8	0	91	0	0	7	82	0	0	6	0	0	94	3	0	0	0	306	0	47	0	0	13.441	0	10	0	0	19	0	C 1 H 1 82 84
89	18030	0	0	0	8	231	8.3	0	49	0	0	11	99	0	0	24	0	0	117	5	0	0	0	313	0	54	0	0	14.365	0	15	0	0	17	0	C 1 H 1 88 90
99	20080	0	0	2	10	237	8.3	0	114	0	0	17	85	0	0	150	0	0	66	5	1	0	0	317	0	90	0	0	12.087	0	17	0	0	12	0	C 1 H 1 98 100
113	22950	1	0	0	18	245	7.3	0	87	0	0	11	47	1	0	9	0	1	167	17	1	0	0	372	0	79	0	0	14.178	0	9	0	0	29	1	C 1 H 1 112 114
127	25820	0	0	0	11	187	7	0	45	0	0	7	31	0	0	33	0	0	188	4	1	0	0	300	0	109	0	0	16.053	0	0	0	0	24	0	C 1 H 1 126 128
139	28270	0	0	0	8	134	4.8	0	42	0	2	15	57	0	0	32	0	2	143	13	2	0	0	323	0	59	0	0	14.151	0	26	0	0	20	1	C 1 H 1 138 140
156	31710	0	0	0	10	172	5	0	71	0	0	9	90	1	0	24	0	2	174	11	0	0	0	400	0	61	0	0	14.99	0	10	0	0	30	2	C 1 H 2 5 7
163	33130	0	0	0	5	195	7.1	0	36	1	0	6	60	0	0	1	0	0	175	5	3	0	0	314	0	39	0	0	16.119	0	6	0	0	21	1	C 1 H 2 12 14
168	34140	0	1	0	17	182	6.5	0	38	0	2	5	66	0	0	1	0	0	159	7	0	0	0	308	0	67	0	0	15.575	0	7	0	0	24	0	C 1 H 2 17 19
176	35750	0	0	0	6	192	6.5	0	60	0	1	16	82	0	0	1	0	3	137	6	6	0	0	342	0	29	0	0	14.785	0	12	0	0	19	0	C 1 H 2 25 27
192	39190	0	0	0	17	195	6.5	0	65	1	1	16	80	0	0	3	0	0	135	6	5	0	0	336	0	55	0	0	14.665	0	12	0	0	14	1	C 1 H 2 42 44
196	40000	0	0	0	9	213	8.1	0	74	0	0	14	66	0	0	4	0	1	115	5	0	0	0	294	0	52	0	0	13.974	0	7	0	0	11	1	C 1 H 2 46 48
207	42220	0	0	0	9	151	5.3	0	62	0	1	8	92	0	0	5	0	0	120	5	1	0	0	327	0	54	0	0	14.23	0	18	0	0	20	0	C 1 H 2 57 59
220	44850	0	0	0	6	255	7.1	0	91	0	0	18	119	0	0	2	0	1	137	21	7	0	0	409	0	45	0	1	13.535	0	6	0	0	9	0	C 1 H 2 70 72
232	47270	0	0	0	11	188	6.5	0	74	0	0	7	114	0	0	1	0	1	94	18	1	0	0	326	0	37	0	0	12.856	0	5	0	0	11	1	C 1 H 2 82 84
238	48480	0	0	0	12	232	8	0	58	0	0	4	122	0	0	0	0	0	107	20	0	0	0	321	0	29	0	0	13.335	0	4	0	0	6	0	C 1 H 2 88 90
248	50500	0	0	2	8	186	6.2	0	65	0	0	9	82	0	0	0	0	2	158	15	1	1	0	345	0	31	0	0	14.606	0	0	0	0	13	0	C 1 H 2 98 100
268	54540	0	0	0	4	206	5.8	0	58	0	1	9	93	0	0	0	0	1	209	23	0	0	0	417	0	46	0	0	14.83	0	1	1	0	21	0	C 1 H 2 118 120
278	56560	0	0	0	6	156	4.5	0	68	0	0	7	73	0	0	0	0	2	227	13	2	0	0	407	0	15	0	0	15.472	0	1	0	0	14	0	C 1 H 2 128 130
306	63610	0	1	0	12	210	7.6	0	54	0	0	12	81	0	0	4	0	2	128	7	1	2	0	306	0	88	0	0	14.518	0	10	0	0	10	1	C 1 H 3 6 8
316	66170	0	0	0	11	215	8.1	0	67	0	0	12	58	0	0	0	1	4	88	35	0	0	0	295	0	64	0	0	11.372	0	11	0	0	18	1	C 1 H 3 16 18
323	67950	0	0	0	7	282	10	0	64	0	0	14	65	0	0	0	0	0	101	27	0	0	0	309	0	80	0	0	12.295	0	7	0	0	31	0	C 1 H 3 23 25
327	68980	0	0	0	8	171	6	0	66	0	0	8	72	0	0	0	0	4	127	17	0	0	0	325	0	75	0	0	13.453	0	16	0	0	15	0	C 1 H 3 27 29
336	71270	0	0	0	2	179	6.9	0	52	0	1	11	64	0	0	0	0	3	138	7	1	0	0	299	0	76	0	0	14.923	0	5	0	0	16	1	C 1 H 3 36 38
346	73830	0	0	0	14	220	7.6	0	33	0	1	5	59	1	0	0	0	0	195	6	1	0	0	320	0	47	0	0	16.298	0	4	0	0	15	0	C 1 H 3 46 48
356	76380	0	0	0	5	164	5.4	0	38	0	0	2	61	1	0	0	0	0	235	1	0	0	0	354	0	22	0	0	16.738	0	2	0	0	14	0	C 1 H 3 56 58
371	80220	0	0	0	2	121	4.7	0	52	0	0	7	52	1	0	0	0	1	164	5	1	0	0	304	0	8	0	0	15.656	0	5	0	0	16	0	C 1 H 3 71 73
382	83030	0	0	0	4	135	4.8	3	58	0	5	11	48	0	0	0	0	1	186	3	1	0	0	332	0	7	0	0	16.319	0	4	0	0	12	0	C 1 H 3 82 84
393	85840	0	0	0	2	121	4.3	2	47	0	2	5	74	4	0	0	0	0	186	3	1	0	0	333	0	7	0	0	16.992	0	0	0	0	9	0	C 1 H 3 93 95
402	88140	0	0	0	2	175	6.6	0	26	0	0	5	90	0	0	0	0	2	177	2	2	0	0	309	0	4	0	0	16.631	0	0	0	0	4	1	C 1 H 3 102 104
412	90690	0	1	0	12	220	7.5	0	41	0	1	5	93	0	0	0	0	0	167	4	1	0	0	325	0	17	0	0	15.992	0	2	0	0	10	1	C 1 H 3 112 114
422	93250	0	1	0	12	197	7.5	0	47	0	1	13	75	0	0	0	0	1	141	2	2	0	0	290	0	29	0	0	15.513	0	3	0	0	5	0	C 1 H 3 122 124
432	95800	1	0	0	8	190	7	1	52	0	3	11	62	3	0	0	2	3	140	1	10	0	0	309	0	14	0	0	16.653	0	6	0	0	14	0	C 1 H 3 132 134
443	98610	1	0	0	7	141	5.5	1	64	0	6	6	57	0	0	0	1	0	143	1	0	0	0	294	0	2	0	0	15.649	0	4	0	0	9	1	C 1 H 3 143 145
456	102260	0	0	0	5	214	6.6	0	51	0	5	6	123	1	0	0	0	0	162	7	2	0	0	371	0	5	0	0	15.767	0	0	0	0	12	2	C 1 H 4 6 8
466	105010	0	0	0	2	186	7.5	0	44	0	0	5	93	5	0	0	0	1	120	3	2	0	0	284	0	7	0	0	16.482	0	2	0	0	9	0	C 1 H 4 16 18
476	107770	0	0	0	16	203	7.4	0	36	0	0	5	89	2	0	0	0	0	145	7	2	0	0	300	0	10	0	0	16.098	0	1	0	0	13	0	C 1 H 4 26 28
486	110530	0	0	0	4	158	5.9	0	57	0	1	7	68	1	0	0	0	0	155	8	0	1	0	312	0	23	0	0	15.199	0	5	0	0	10	0	C 1 H 4 36 38
496	113280	0	0	0	5	219	7.7	0	56	0	1	4	86	3	0	0	2	0	162	2	1	0	0	325	0	56	0	1	16.11	0	7	0	0	1	0	C 1 H 4 46 48
506	116040	0	0	0	8	242	8.1	0	83	0	9	10	89	11	0	0	9	0	115	1	6	0	0	336	0	14	0	0	16.604	0	0	0	0	3	0	C 1 H 4 56 58
516	118800	3	0	0	9	240	7.2	4	102	0	15	10	119	18	0	0	5	0	76	2	7	0	0	379	0	14	0	0	17.707	0	1	0	5	11	1	C 1 H 4 66 68
526	121560	1	0	0	2	109	4.2	2	107	0	7	8	79	16	0	0	0	0	45	1	13	0	0	306	0	10	0	0	17.231	0	7	0	3	9	8	C 1 H 4 76 78
535	124040	0	0	0	2	49	1.9	5	104	0	13	22	48	16	0	1	1	5	62	2	4	0	0	317	0	0	0	0	16.878	0	15	0	0	17	3	C 1 H 4 85 87
546	127070	0	0	0	5	133	4.7	4	100	0	4	17	37	3	0	0	0	1	96	7	3	0	0	329	0	7	0	0	14.844	0	13	0	0	43	1	C 1 H 4 96 98
556	129830	0	0	0	5	206	7.4	0	112	0	3	23	54	0	0	0	0	1	48	25	6	0	0	319	0	0	0	0	11	0	15	0	0	31	1	C 1 H 4 106 108
566	132580	0	0	0	11	148	5.4	1	106	0	2	16	57	0	0	0	0	3	46	41	2	0	0	310	0	5	0	0	10.265	0	22	0	0	13	1	C 1 H 4 116 118
576	135340	0	0	0	6	149	6	0	81	0	0	21	53	0	0	0	0	0	56	43	0	0	0	285	0	6	0	0	9.908	0	16	0	0	15	0	C 1 H 4 126 128
586	138100	0	0	0	13	104	4.3	0	73	0	0	15	28	0	0	0	0	2	87	43	2	2	0	278	0	1	0	0	10.969	0	16	0	0	12	0	C 1 H 4 136 138
594	140300	0	0	0	6	118	4.6	1	58	0	2	20	25	0	0	0	0	2	110	45	1	1	0	299	0	8	0	0	11.704	0	20	0	0	15	0	C 1 H 4 144 146
606	143110	0	0	0	6	123	4.5	0	57	0	0	18	33	3	0	0	0	2	179	6	1	0	0	319	0	21	0	0	15.578	0	6	0	0	14	0	C 1 H 5 6 8
616	145550	0	0	0	6	133	4.7	0	56	0	2	21	41	1	0	1	0	0	181	7	3	0	0	331	0	38	0	0	15.355	0	5	0	0	14	0	C 1 H 5 16 18
626	147990	1	0	0	5	98	4	2	51	0	0	18	30	0	0	1	0	0	160	3	1	0	0	287	0	8	0	0	15.908	0	3	0	0	18	0	C 1 H 5 26 28
636	150430	0	0	0	1	107	4	0	55	0	1	16	29	0	0	0	0	1	188	1	0	0	0	317	0	9	0	0	15.43	0	13	0	0	13	0	C 1 H 5 36 38
646	152870	0	0	0	0	145	4.7	0	65	0	1	20	27	0	0	0	0	6	206	9	3	0	0	370	0	33	0	0	14.974	0	17	0	0	16	0	C 1 H 5 46 48
656	155310	0	0	0	4	98	3.9	0	61	0	0	10	46	0	0	0	0	1	156	6	0	0	0	298	0	17	0	1	14.955	0	7	0	0	11	0	C 1 H 5 56 58
666	157750	0	1	0	6	139	5.4	0	58	0	0	17	38	0	0	0	0	0	153	7	0	0	0	299	3	29	0	0	14.395	0	19	0	0	7	0	C 1 H 5 66 68
676	160190	0	0	0	10	157	5.8	0	63	0	1	18	33	0	0	0	0	4	142	16	4	0	0	307	0	24	0	0	14.077	0	9	0	0	16	1	C 1 H 5 76 78
686	162630	1	2	0	9	201	7.4	0	67	0	1	13	30	2	0	0	0	5	153	7	4	0	0	306	0	14	0	0	15.095	0	12	0	0	11	0	C 1 H 5 86 88
696	165070	0	2	0	4	176	6.7	0	60	1	1	11	43	1	0	0	0	2	143	17	1	0	0	303	0	10	0	0	14.347	0	7	0	0	15	1	C 1 H 5 96 98
706	167510	0	2	0	5	251	8.9	0	79	3	0	13	53	0	0	0	0	4	111	12	4	0	0	317	0	5	0	0	13.596	0	18	0	0	20	0	C 1 H 5 106 108
716	169950	0	0	0	9	191	7.1	1	77	0	1	12	44	0	0	0	0	1	121	9	2	0	0	302	0	12	0	0	14.053	0	16	0	0	18	0	C 1 H 5 116 118
726	172390	1	1	0	6	133	5	1	76	0	1	8	46	0	0	0	0	2	133	8	1	0	0	310	0	0	0	0	14.6	0	9	0	0	24	0	C 1 H 5 126 128
736	174830	0	0	0	5	125	4.9	1	41	0	2	18	53	1	0	0	0	3	153	7	0	0	0	301	0	11	0	0	15.488	0	7	0	0	15	0	C 1 H 5 136 138
742	176290	1	0	0	4	89	3.4	2	60	0	2	16	54	0	0	0	0	5	143	5	0	1	0	315	0	16	0	0	15.309	0	8	0	0	19	0	C 1 H 5 142 144
819	177510	0	0	0	1	172	4.6	2	72	0	11	13	68	1	0	0	0	2	237	3	5	0	0	442	1	9	0	0	16.292	0	7	0	0	20	1	B 2 H 4 29 31
830	180200	0	1	0	8	241	5.4	0	112	0	3	23	70	1	0	0	0	5	261	6	4	0	0	523	1	39	0	1	15.249	0	5	0	0	32	1	B 2 H 4 40 42
839	182400	0	1	0	7	129	4.1	0	70	0	1	16	60	0	0	0	0	0	190	5	3	0	0	366	4	22	0	0	15.276	0	6	0	0	14	1	B 2 H 4 49 51
850	185080	0	0	0	10	167	6.2	1	41	0	1	10	49	0	0	1	0	0	192	3	1	0	0	307	1	36	0	0	16.333	0	1	0	0	7	1	B 2 H 4 60 62
865	188740	0	0	0	13	137	5	1	51	0	3	24	52	0	0	0	0	3	136	21	2	0	0	313	2	71	0	0	13.925	0	9	0	0	11	0	B 2 H 4 75 77
870	189960	0	1	0	24	277	9.3	0	37	0	1	8	63	2	0	5	0	0	191	5	0	0	0	313	6	99	0	0	16.247	0	4	0	0	2	0	B 2 H 4 80 82
880	192400	0	1	0	16	270	10.5	0	45	0	2	11	68	0	0	13	0	1	123	6	2	0	0	271	5	56	0	0	14.978	0	6	0	0	7	0	B 2 H 4 90 92
888	194350	0	1	0	29	216	6.7	0	51	0	3	9	103	0	0	54	0	7	138	3	2	0	0	346	2	107	0	0	15.041	0	16	0	0	14	0	B 2 H 4 98 100
899	197040	1	1	0	18	242	8.1	0	29	0	1	7	85	5	0	47	0	5	184	4	0	0	0	325	11	142	0	0	16.913	0	0	1	0	3	0	B 2 H 4 109 111
910	199720	0	2	0	11	201	5.4	0	30	0	4	2	90	3	0	0	0	1	268	6	2	0	0	426	7	22	0	0	16.895	0	4	1	3	11	1	B 2 H 4 120 122
920	202160	0	1	0	13	215	6.9	0	37	0	2	4	86	0	0	1	0	1	200	9	3	0	0	349	5	14	0	0	16.119	0	2	0	2	3	0	B 2 H 4 130 132
943	207750	1	0	1	13	150	4.7	3	44	3	2	0	103	4	0	0	0	0	182	1	7	1	0	369	4	17	0	0	17.791	0	1	0	2	11	5	B 2 H 5 3 5
949	209200	0	0	0	14	165	5.6	3	39	0	6	6	100	4	1	0	0	2	147	0	5	0	0	331	0	14	0	0	17.568	0	1	0	1	13	3	B 2 H 5 9 11
960	211860	0	1	1	14	222	7.2	0	43	0	1	10	86	1	0	0	0	1	175	6	1	1	0	344	4	47	0	3	15.917	0	0	0	0	20	0	B 2 H 5 20 22
969	214030	0	0	0	9	185	5.3	1	86	1	12	10	61	14	0	0	0	1	183	6	2	0	0	406	1	4	0	0	16.837	0	1	0	1	27	0	B 2 H 5 29 31
980	216690	0	0	0	6	126	3.3	1	92	0	22	11	76	7	0	1	0	2	173	3	2	0	0	457	0	18	0	0	16.07	0	5	0	2	59	2	B 2 H 5 40 42
989	218860	0	0	0	4	102	3.8	7	48	0	7	5	76	8	0	1	0	2	120	0	2	0	0	315	1	19	0	0	18.236	0	5	0	1	34	0	B 2 H 5 49 51
1000	221520	0	0	0	6	164	6.1	0	62	0	0	2	77	2	0	21	0	0	144	4	4	0	0	310	2	13	0	0	15.913	0	1	0	0	14	0	B 2 H 5 60 62
1009	223690	0	1	0	5	216	6.3	0	81	0	6	1	98	0	0	2	0	0	189	6	6	0	0	398	0	17	0	0	15.666	0	1	0	0	9	1	B 2 H 5 69 71
1020	226350	2	0	0	6	126	4.7	0	69	0	6	4	94	0	0	4	0	1	114	2	3	0	0	315	2	8	0	0	14.99	0	6	0	0	14	0	B 2 H 5 80 82
1038	230690	0	0	0	14	192	7.1	0	67	0	0	5	100	1	0	0	0	1	113	2	0	1	0	299	0	50	0	0	14.857	0	5	0	0	5	0	B 2 H 5 98 100
1050	233590	0	0	1	4	202	5.3	1	80	0	2	8	69	4	0	0	0	0	265	2	0	0	0	446	0	23	0	0	16.381	0	6	0	0	9	0	B 2 H 5 110 112
1060	236000	0	1	0	5	165	5.3	0	74	0	3	16	51	3	0	0	0	2	198	4	1	0	0	362	0	14	0	0	15.675	0	3	0	0	7	0	B 2 H 5 120 122
1070	238420	0	0	0	3	116	4.3	2	83	0	4	6	117	10	1	0	0	1	85	2	5	0	0	323	0	10	0	1	16.906	0	0	0	0	7	0	B 2 H 5 130 132
1080	240830	1	0	0	1	78	2.4	7	82	0	5	10	104	29	1	0	0	0	119	1	9	0	0	388	0	16	0	1	18.991	0	2	0	0	18	0	B 2 H 5 140 142
1093	243580	1	0	0	5	147	4.9	1	45	1	1	13	80	3	0	1	0	1	175	8	7	0	0	355	0	28	0	0	16.351	0	7	0	0	12	0	B 2 H 6 3 5
1099	244760	0	0	0	11	243	7.8	0	58	0	0	12	69	3	0	0	0	1	161	14	5	1	0	346	2	9	0	0	15.224	0	8	0	0	15	0	B 2 H 6 9 11
1110	246940	0	0	0	8	346	11.4	0	65	1	0	17	96	0	0	0	0	2	106	9	1	0	0	329	0	51	0	0	13.716	0	8	0	0	24	0	B 2 H 6 20 22
1119	248720	1	0	1	10	320	10.9	0	62	0	0	12	75	2	0	0	0	0	129	16	3	0	0	318	0	36	0	0	14.42	0	5	1	0	12	0	B 2 H 6 29 31
1130	250890	2	0	0	4	252	7.1	2	62	1	0	7	54	1	0	0	0	0	255	11	7	0	0	410	2	59	0	0	16.491	0	2	0	0	6	0	B 2 H 6 40 42
1133	260370	0	0	0	6	106	4.3	0	35	0	1	2	96	1	0	2	0	0	145	5	2	0	0	289	2	75	0	0	16.262	0	0	0	0	2	0	C 2 H 2 83 85
1139	252670	0	0	0	3	213	5.3	1	44	0	0	10	64	1	0	0	0	0	327	10	4	0	0	476	1	38	0	0	16.609	0	2	0	0	13	0	B 2 H 6 49 51
1150	254840	0	0	0	2	121	3.8	1	32	0	0	3	60	1	0	0	0	2	262	1	6	0	0	381	2	22	0	0	17.205	0	3	0	0	10	0	B 2 H 6 60 62
1152	264070	0	1	0	10	422	16.3	2	49	0	1	7	113	1	0	506	0	0	72	5	1	1	0	260	1	75	0	0	15.293	0	3	0	0	6	0	C 2 H 2 102 104
1160	256820	1	0	0	6	139	5.2	0	21	0	0	3	58	1	0	0	0	1	202	6	6	0	0	309	0	59	0	0	16.907	0	2	0	0	8	0	B 2 H 6 70 72
1165	266610	0	0	0	7	216	8.6	0	38	0	0	4	89	0	0	0	0	1	120	8	7	0	0	280	7	44	0	0	15.628	0	4	4	0	5	0	C 2 H 2 115 117
1170	258790	0	0	0	4	146	5	0	32	1	2	1	96	1	0	4	0	0	195	7	4	0	0	343	1	94	0	0	16.581	0	3	0	0	1	0	B 2 H 6 80 82
1173	268170	0	0	0	9	250	10.3	0	40	0	0	10	78	0	0	1	0	0	117	9	2	0	0	264	7	108	0	0	14.974	0	0	0	1	7	0	C 2 H 2 123 125
1202	273850	0	1	0	5	283	10.1	1	43	0	0	12	89	0	0	0	0	0	151	5	2	0	0	311	12	88	0	0	15.843	0	2	2	0	4	0	C 2 H 3 2 4
1215	276400	0	0	0	8	260	9.1	0	49	0	0	5	72	0	0	0	0	1	179	3	0	0	0	316	10	116	0	0	15.926	0	2	2	0	3	0	C 2 H 3 15 17
1227	278750	0	1	0	10	254	6.5	1	74	0	1	10	79	1	0	0	0	1	255	8	1	1	0	450	4	52	0	0	15.963	0	2	0	0	17	0	C 2 H 3 27 29
1237	280710	0	1	0	9	168	6.6	0	41	0	3	6	48	0	0	0	0	1	166	9	1	0	0	286	0	30	0	0	15.616	0	2	0	0	7	2	C 2 H 3 37 39
1247	282670	1	0	1	9	185	5.3	1	75	0	10	7	103	0	0	1	0	1	184	3	2	0	0	401	1	17	0	0	15.847	0	0	0	0	14	0	C 2 H 3 47 49
1257	284630	0	0	0	13	156	4.2	5	59	0	2	6	98	5	0	4	0	0	228	5	5	0	0	430	0	15	0	0	17.383	0	0	0	0	17	0	C 2 H 3 57 59
1268	286790	0	0	0	6	100	3.4	0	31	0	3	6	94	1	0	81	0	1	200	3	4	0	0	351	1	13	0	0	16.725	0	0	0	0	8	0	C 2 H 3 68 70
1278	288750	0	0	0	3	160	5.7	0	25	0	1	9	98	2	0	0	0	0	172	4	1	0	0	325	6	23	0	0	16.516	0	2	0	0	10	1	C 2 H 3 78 80
1284	289920	0	0	0	9	119	3.6	0	47	0	2	9	84	1	0	0	0	1	213	5	3	0	0	386	6	17	0	0	16.261	0	0	0	0	20	1	C 2 H 3 84 86
1297	292470	0	0	0	2	163	4.7	0	54	0	4	4	93	1	0	0	0	4	238	3	3	0	0	413	12	19	0	0	16.443	0	2	0	0	7	0	C 2 H 3 97 99
1306	294230	0	0	1	12	138	5.5	1	14	0	0	3	60	1	0	0	0	0	193	3	2	0	0	285	3	30	0	0	17.233	0	0	0	0	7	1	C 2 H 3 106 108
1313	295600	0	0	0	9	203	5.5	0	25	0	0	3	75	4	0	0	0	1	299	6	0	0	0	425	4	39	0	0	17.064	0	0	0	0	11	1	C 2 H 3 113 115
1323	297560	0	0	0	5	117	4.3	0	35	0	0	9	102	1	0	1	0	0	161	4	1	0	0	322	3	28	0	0	16.147	0	0	0	0	9	0	C 2 H 3 123 125
1333	299520	0	0	0	3	96	4	0	43	0	0	12	75	1	0	53	0	3	138	6	0	0	0	283	0	20	0	0	15.427	0	0	0	0	5	0	C 2 H 3 133 135
1343	301480	0	1	0	10	152	5.8	0	33	0	0	6	69	1	0	1	0	0	170	8	1	1	0	297	9	88	0	0	16.075	0	0	0	0	9	0	C 2 H 3 143 145
1357	303970	0	1	0	4	160	5.4	0	42	0	0	6	91	1	0	0	0	1	180	0	4	0	0	345	6	19	0	0	16.627	0	0	0	0	20	0	C 2 H 4 7 9
1368	305890	0	0	0	13	143	5.2	1	30	0	2	1	61	0	0	0	0	0	194	3	5	0	0	313	7	46	0	0	16.991	0	1	0	0	14	1	C 2 H 4 18 20
1372	306590	0	2	0	9	153	5.8	0	14	0	0	2	75	0	0	0	0	0	198	5	2	0	0	303	7	39	0	0	16.852	0	0	0	0	5	2	C 2 H 4 22 24
1381	308160	0	0	0	6	133	3.8	2	47	0	2	7	89	14	0	0	0	0	233	4	3	0	0	417	6	16	0	0	17.726	0	0	0	0	16	0	C 2 H 4 31 33
1398	311120	0	0	0	11	128	4.1	2	27	0	1	4	100	3	0	0	0	0	202	1	2	0	0	368	4	7	0	0	17.425	0	1	0	0	25	0	C 2 H 4 48 50
1400	352160	0	0	1	12	194	6.2	0	44	0	0	18	130	4	0	0	0	1	129	6	2	0	0	354	0	33	0	0	15.734	0	0	0	1	18	1	B 3 H 1 110 112
1402	352950	0	1	0	10	189	6.8	0	47	0	0	5	135	2	0	0	0	0	104	5	1	0	0	313	2	25	0	2	15.434	0	1	0	1	10	2	B 3 H 1 112 113
1410	354940	0	0	0	11	208	8.2	0	59	0	0	1	127	10	0	0	0	0	39	4	6	0	0	279	1	24	0	0	16.912	0	0	1	3	28	1	B 3 H 1 120 124
1417	314440	0	1	1	10	179	5.9	1	18	1	1	0	132	4	0	0	0	0	179	2	5	0	0	349	5	6	0	0	17.756	0	0	0	0	4	2	C 2 H 4 67 69
1421	356920	0	0	1	6	246	8.5	1	50	0	1	20	130	0	0	0	0	1	68	7	4	0	0	325	1	17	0	0	13.875	0	5	0	4	33	1	B 3 H 1 131 135
1427	316180	0	1	0	12	199	6.8	2	10	0	1	3	125	1	0	0	0	0	170	0	9	0	0	327	4	51	0	0	17.961	0	0	0	0	3	3	C 2 H 4 77 79
1430	358900	0	0	0	14	279	9.5	0	54	0	1	12	122	5	0	0	0	2	61	3	2	0	0	319	9	52	0	0	15.012	0	4	2	1	47	3	B 3 H 1 140 144
1438	318100	2	2	1	12	176	6.6	0	6	0	1	2	116	0	0	0	0	0	159	4	2	0	0	300	14	54	0	0	17.017	0	1	0	0	7	0	C 2 H 4 88 90
1440	361090	0	0	1	9	290	9.6	3	49	0	6	7	145	1	0	0	0	0	69	2	2	0	0	331	5	91	0	0	15.982	0	7	0	4	36	0	B 3 H 2 0 5
1447	361480	0	0	0	7	292	10.6	1	31	0	1	11	124	3	0	0	0	0	78	1	3	0	0	302	16	68	0	0	16.28	0	8	0	2	39	0	B 3 H 2 7 9
1448	319840	0	0	1	13	158	5.8	1	8	0	1	2	109	0	0	4	0	0	175	7	1	0	0	306	3	97	0	0	16.909	0	1	0	0	1	0	C 2 H 4 98 100
1452	320540	1	0	1	17	205	7.5	0	3	0	0	2	105	2	0	6	0	0	168	4	2	0	0	297	9	86	0	1	17.343	0	0	0	0	10	0	C 2 H 4 102 104
1454	362870	0	0	0	5	179	7.5	0	31	1	0	6	80	2	0	0	0	0	122	3	0	0	0	271	12	43	0	0	16.306	0	0	0	2	22	2	B 3 H 2 14 16
1462	322290	0	1	0	12	218	7.5	0	12	0	0	2	98	0	0	24	0	1	175	4	1	2	0	323	0	53	0	1	16.819	0	1	0	0	28	1	C 2 H 4 112 114
1464	364860	0	0	1	12	262	9.5	1	31	1	0	8	100	1	0	0	0	1	127	4	1	1	0	300	9	90	0	0	16.384	0	0	0	1	24	0	B 3 H 2 24 26
1472	324030	0	0	0	13	277	9.2	1	30	0	0	6	104	5	0	2	0	1	152	7	9	0	0	328	2	37	0	0	17.259	0	0	0	0	11	2	C 2 H 4 122 124
1474	366840	0	0	0	8	236	8.8	1	25	0	0	1	64	1	0	0	0	0	166	1	6	0	0	298	64	38	0	1	17.374	0	0	0	0	32	1	B 3 H 2 34 36
1484	368830	0	0	0	3	195	7.3	1	47	0	0	5	66	0	0	0	0	1	160	1	1	1	0	307	4	8	0	0	16.337	0	0	0	2	23	0	B 3 H 2 44 46
1488	326820	2	0	0	6	188	7.1	1	29	0	5	4	127	4	0	2	0	0	99	3	7	0	0	300	0	8	0	0	17.392	0	1	0	0	17	1	C 2 H 4 138 140
1494	370810	1	0	1	5	238	5	2	81	2	4	10	106	7	0	0	0	1	314	3	0	0	0	561	5	10	0	0	16.867	0	3	0	0	26	1	B 3 H 2 54 56
1497	328390	1	1	1	2	106	4	3	28	1	2	6	110	18	0	6	0	2	80	1	15	0	1	313	5	8	0	0	19.556	0	1	0	0	44	0	C 2 H 4 147 149
1501	332720	3	0	1	5	91	2.1	11	70	1	7	10	143	38	0	5	0	2	170	7	14	0	0	520	2	13	0	0	19.198	0	2	0	0	40	2	C 2 H 5 1 3
1504	372790	0	0	0	2	158	4.9	3	37	0	0	10	103	12	0	0	0	2	174	2	5	0	0	378	8	21	0	0	18.023	0	0	0	1	29	0	B 3 H 2 64 66
1513	374580	0	0	0	10	191	7.5	0	24	0	1	5	74	4	0	0	0	1	120	3	13	0	0	284	11	75	0	0	17.556	0	1	0	1	34	3	B 3 H 2 73 75
1517	335900	0	0	0	6	170	5.6	2	51	0	0	8	125	0	0	1	0	0	122	5	12	0	0	351	1	24	0	0	16.371	0	4	0	0	22	0	C 2 H 5 17 19
1523	376560	0	1	0	8	182	6.3	2	45	1	2	8	126	1	0	0	0	1	84	4	3	0	0	330	15	49	0	1	15.837	0	6	0	0	47	0	B 3 H 2 83 85
1527	337880	1	0	0	8	136	5.3	2	59	3	0	12	101	0	0	2	0	2	90	5	5	0	0	295	1	3	0	0	15.496	0	3	0	1	11	0	C 2 H 5 27 29
1533	378550	0	0	0	7	265	9.5	0	50	0	0	7	94	4	0	0	0	1	104	3	2	0	0	310	12	5	0	0	15.941	0	1	0	0	41	3	B 3 H 2 93 95
1537	339860	0	0	0	10	160	5.3	1	62	0	0	11	128	0	0	28	0	3	108	9	0	0	0	345	4	73	0	0	14.226	0	7	0	0	14	2	C 2 H 5 37 39
1541	380130	0	0	1	7	229	6.2	1	61	0	1	8	110	0	0	0	0	1	188	3	2	0	0	426	4	21	0	0	16.059	0	0	3	0	47	1	B 3 H 2 101 103
1548	342040	0	1	0	12	131	4.5	0	62	0	0	11	113	0	0	68	0	4	108	6	0	0	0	332	4	66	0	0	14.045	0	8	0	2	18	0	C 2 H 5 48 50
1553	382520	1	0	0	14	282	7.1	6	26	0	0	3	135	1	0	0	0	2	231	5	8	0	0	450	2	32	0	0	17.841	0	0	0	6	24	2	B 3 H 2 113 115
1557	343830	0	0	1	3	106	5	3	78	2	0	24	60	1	0	460	0	3	48	2	0	0	0	248	4	177	0	1	13.985	0	6	0	1	19	1	C 2 H 5 57 59
1563	384500	2	0	1	8	157	3.9	3	74	0	0	8	163	6	0	0	0	2	191	0	4	0	0	471	2	14	0	0	17.115	0	1	0	4	12	1	B 3 H 2 123 125
1567	345810	0	1	1	8	229	8.5	1	50	0	0	7	108	0	0	3	0	0	114	5	3	0	0	301	2	84	0	0	15.502	0	2	0	3	8	0	C 2 H 5 67 69
1573	386480	1	0	0	15	151	4.4	2	24	0	1	1	200	6	0	0	0	0	122	2	9	0	0	398	8	12	0	0	18.263	0	1	0	6	23	0	B 3 H 2 133 135
1576	347600	0	0	0	10	200	7.2	1	29	0	0	5	101	8	0	1	0	1	135	3	2	0	0	310	2	44	0	0	17.574	0	1	0	1	21	2	C 2 H 5 76 78
1584	388670	0	2	1	9	228	7.9	0	14	0	0	1	140	1	0	0	0	0	144	1	2	0	0	323	7	37	0	1	17.18	0	0	0	3	17	0	B 3 H 2 144 146
1587	349780	0	0	0	1	181	6.9	0	39	0	1	3	95	5	0	0	0	2	137	3	2	0	0	302	10	26	0	0	16.835	0	0	0	0	14	1	C 2 H 5 87 89
1593	390510	1	0	0	5	179	6.7	2	29	0	0	7	113	3	0	0	0	0	109	1	7	0	0	306	1	11	0	0	17.545	0	2	0	9	22	1	B 3 H 3 3 5
1597	351760	0	0	0	9	195	6.7	1	40	0	0	10	158	6	0	0	0	1	91	2	4	0	0	330	10	37	0	0	16.992	0	0	0	1	14	2	C 2 H 5 97 99
1603	392560	0	3	1	17	315	10	3	16	1	1	3	128	2	0	0	0	0	146	1	1	2	0	336	9	105	0	3	17.764	0	1	0	5	27	1	B 3 H 3 13 15
1613	394610	0	0	0	24	293	10.6	1	13	0	0	1	107	8	0	0	0	0	127	0	0	0	0	285	13	49	0	0	18.227	0	0	0	4	22	2	B 3 H 3 23 25
1623	396670	0	0	1	9	253	8	4	16	0	1	6	116	10	0	0	0	0	169	5	1	0	0	354	2	22	0	0	18.091	0	1	1	4	16	4	B 3 H 3 33 35
1624	396870	0	0	0	8	222	7.1	1	14	0	0	1	81	24	0	0	0	0	220	4	2	0	0	356	2	6	0	0	18.615	0	0	0	0	9	0	B 3 H 3 34 36
1630	398100	0	0	0	15	297	11.2	0	19	0	0	5	113	14	0	0	0	1	99	3	4	0	0	278	0	16	0	0	18.44	0	0	0	1	10	9	B 3 H 3 40 42
1644	400970	0	2	1	11	213	7.4	3	19	0	0	0	124	13	0	0	0	0	139	2	2	0	0	320	12	4	0	2	18.653	0	0	0	5	7	6	B 3 H 3 54 56
1661	404460	0	0	0	7	263	6.6	4	25	0	1	3	99	37	4	0	0	0	254	3	5	0	0	457	0	10	0	0	18.961	0	0	0	1	12	9	B 3 H 3 71 73
1672	406720	0	0	0	6	178	4	5	44	0	0	11	175	38	0	0	0	0	191	2	15	0	0	523	1	1	0	0	19.263	0	3	0	1	35	3	B 3 H 3 82 84
1683	408970	1	0	2	5	94	2.3	16	39	0	6	21	160	33	0	0	0	0	183	8	9	0	0	500	0	1	0	0	18.964	0	1	0	0	21	2	B 3 H 3 93 95
1698	412050	1	0	0	6	108	3.1	3	55	0	1	6	145	9	0	0	0	3	155	3	14	0	0	415	0	2	0	0	17.923	0	1	0	0	16	3	B 3 H 3 108 110
1702	412870	0	0	1	6	138	4.2	5	49	0	2	10	138	0	0	0	0	4	156	3	3	0	0	387	2	2	0	0	16.958	0	1	0	0	16	0	B 3 H 3 112 114
1712	414920	0	0	0	8	143	5.1	0	61	0	0	12	129	0	0	0	0	2	88	10	0	0	0	322	0	1	0	0	13.304	0	5	0	1	13	1	B 3 H 3 122 124
1722	416970	1	0	0	7	105	3.7	0	85	0	1	13	157	0	0	0	0	0	51	7	0	0	0	334	3	12	0	0	12.037	0	5	0	0	14	0	B 3 H 3 132 134
1733	419230	0	0	0	11	161	5.4	0	104	0	0	12	142	0	0	0	0	1	53	11	0	0	0	338	0	14	0	0	11.591	0	6	0	1	8	0	B 3 H 3 143 145
1743	421420	0	0	0	5	204	7.4	0	100	0	0	10	111	0	0	0	0	0	75	3	0	0	0	315	1	50	0	0	12.802	0	8	0	0	8	0	B 3 H 4 3 5
1753	423620	0	0	0	11	105	4.3	0	90	1	0	13	96	0	0	0	0	0	58	7	0	0	0	282	1	9	0	0	12.204	0	7	0	2	8	0	B 3 H 4 13 15
1763	425830	0	0	0	9	182	6.1	0	89	0	0	5	119	0	0	0	0	0	106	6	0	0	0	340	0	50	0	0	13.729	0	5	0	2	7	1	B 3 H 4 23 25
1773	428040	0	0	0	7	139	4.4	0	94	0	0	12	161	0	0	0	0	0	71	16	0	0	0	369	2	46	0	0	11.811	0	11	0	0	4	0	B 3 H 4 33 35
1783	430240	0	0	0	4	133	4.9	0	103	0	0	18	122	0	0	0	0	0	45	9	0	0	0	320	0	24	0	0	11.372	0	8	0	4	11	0	B 3 H 4 43 45
1793	432450	0	0	0	5	107	3.3	0	113	0	0	15	124	1	0	0	0	1	98	5	0	0	0	381	4	28	0	0	13.106	0	9	0	2	12	1	B 3 H 4 53 55
1803	434660	0	0	0	4	153	5.7	0	78	0	0	4	98	0	0	0	0	1	110	6	1	0	0	315	1	34	0	0	14.04	0	8	0	0	7	2	B 3 H 4 63 65
1811	436420	0	0	0	4	147	4.9	0	76	0	0	5	121	1	0	0	0	0	129	2	1	1	0	353	6	75	0	0	15.103	0	1	0	0	17	0	B 3 H 4 71 73
1821	438630	0	0	0	1	156	5.4	2	53	0	0	7	146	0	0	0	0	2	111	3	2	0	0	338	5	64	0	0	15.84	0	2	0	0	9	1	B 3 H 4 81 83
1829	440400	1	0	2	7	229	7.2	0	34	0	0	4	195	1	0	0	0	0	101	0	1	0	0	363	1	20	0	0	16.061	0	4	0	1	21	0	B 3 H 4 88 90
1832	441060	0	0	0	11	193	7	0	33	0	0	5	175	0	0	0	0	0	79	4	0	0	0	308	2	16	0	0	14.946	0	0	0	0	12	0	B 3 H 4 92 94
1839	442600	0	0	0	18	311	7.4	0	78	1	3	17	186	2	0	0	0	1	142	11	1	0	0	466	0	11	0	0	14.603	0	0	0	0	24	0	B 3 H 4 98 100
1849	444800	0	1	0	9	199	6.6	0	66	0	0	7	155	3	0	0	0	1	78	8	0	0	0	343	0	17	0	1	14.179	0	0	0	1	24	0	B 3 H 4 108 110
1859	447000	0	0	0	14	219	6.7	0	111	0	0	9	128	5	0	0	0	1	86	2	1	0	0	366	0	10	0	0	14.507	0	1	0	2	20	0	B 3 H 4 118 120
1869	449200	0	0	0	8	281	6.2	0	168	0	7	14	144	2	0	0	0	2	138	8	1	0	0	521	4	39	0	2	13.542	0	7	0	3	26	1	B 3 H 4 128 130
1879	451400	0	0	0	2	110	3.9	0	79	2	0	8	97	1	0	0	0	2	120	5	2	0	0	335	0	4	0	0	14.997	0	3	0	1	15	0	B 3 H 4 138 140
1889	453600	0	0	1	3	211	6.1	0	93	0	0	4	151	4	0	0	0	0	125	13	2	0	0	403	3	32	0	0	14.535	0	1	0	1	8	1	B 3 H 4 148 150
1899	455800	0	0	0	12	180	5.3	0	78	0	3	11	124	0	0	0	0	0	151	5	0	0	0	392	2	8	0	0	14.605	0	8	1	4	7	0	B 3 H 5 8 10
1909	458100	0	0	0	4	146	4.8	1	72	0	9	11	87	0	0	0	0	1	150	9	0	0	0	358	10	14	0	0	14.975	0	1	0	1	15	1	B 3 H 5 18 20
1919	460300	0	0	0	7	221	5.2	0	39	0	0	8	122	2	0	0	0	3	283	7	0	0	0	501	0	0	0	0	16.516	0	3	0	2	32	0	B 3 H 5 28 30
1929	462500	1	0	0	14	167	4.6	0	35	1	6	11	102	0	0	0	0	0	196	6	2	0	0	421	6	10	0	0	16.164	0	1	0	18	40	2	B 3 H 5 38 40
1939	464700	0	0	0	7	173	6.1	0	25	0	0	1	69	2	0	0	0	0	205	10	0	0	0	326	1	24	0	0	16.527	0	0	0	0	13	1	B 3 H 5 47 49
1949	466900	0	0	0	7	184	3.2	0	47	0	4	13	191	7	0	0	0	1	367	13	3	0	0	691	2	25	0	0	16.732	0	2	0	0	43	0	B 3 H 5 58 60
1959	469100	0	0	1	10	245	8.9	1	27	0	0	4	91	0	0	0	0	1	149	4	0	0	0	303	12	22	0	1	16.5	0	0	2	4	20	0	B 3 H 5 68 70
1969	471300	1	0	0	15	171	5.8	2	26	0	1	4	109	0	0	0	0	1	149	5	0	0	0	332	3	16	0	0	16.733	0	0	3	1	28	2	B 3 H 5 78 80
1979	473500	0	0	0	7	170	5.7	0	28	0	3	6	96	0	0	0	0	0	164	6	5	0	0	345	4	15	0	0	16.335	0	1	2	12	20	2	B 3 H 5 88 90
1989	475700	0	0	1	12	311	8.9	0	29	0	0	2	90	0	0	0	0	0	218	4	2	0	0	386	3	23	0	0	16.691	1	0	1	5	33	1	B 3 H 5 98 100
1999	477900	1	0	1	5	167	5.3	0	33	0	5	10	82	0	0	0	0	0	182	26	2	0	0	366	1	9	0	0	14.887	0	1	0	0	23	1	B 3 H 5 108 110
2009	480100	0	0	1	17	186	5.2	2	23	0	0	5	75	0	0	0	0	0	267	14	2	0	0	404	4	23	0	0	16.642	0	3	1	2	10	0	B 3 H 5 118 120
2019	482300	0	0	2	17	141	5.1	0	11	0	0	1	79	2	0	0	0	0	191	8	2	0	0	308	0	10	0	0	16.954	0	0	2	5	6	1	B 3 H 5 128 130
2029	484500	0	0	0	8	154	5.8	0	15	0	0	0	93	0	0	1	0	0	177	6	1	0	0	302	2	2	0	0	16.711	0	0	3	0	7	0	B 3 H 5 138 140
2039	486700	0	1	0	9	150	5.3	0	15	0	1	0	133	2	0	0	0	0	150	4	3	0	0	323	1	6	0	0	17.313	0	2	3	2	8	0	B 3 H 5 148 150
2049	488900	0	0	2	8	162	4.9	5	20	0	0	0	127	4	0	0	0	0	207	6	1	0	0	386	3	13	0	0	17.824	0	0	2	1	13	0	B 3 H 6 5 7
2059	491200	1	0	0	5	136	4.5	1	15	1	2	3	121	1	0	0	0	0	187	10	2	0	0	357	0	12	0	0	16.826	0	0	4	0	9	0	B 3 H 6 17 19
2069	493400	1	0	0	10	194	6.8	2	22	0	2	5	114	4	1	0	0	0	151	2	6	0	0	324	1	19	0	0	17.749	0	0	2	1	11	0	B 3 H 6 27 29
2079	495600	0	1	1	7	251	9.2	2	31	0	6	7	94	4	0	0	1	0	136	5	1	0	0	303	0	18	0	0	16.978	0	0	9	0	6	1	B 3 H 6 38 40
2089	497800	0	0	0	7	98	3.4	0	60	0	6	6	80	7	0	0	0	0	157	3	4	0	0	340	1	5	0	0	17.03	0	0	5	2	8	2	B 3 H 6 48 50
2099	500000	0	0	0	3	197	4.3	4	70	0	21	7	159	6	0	0	0	0	226	7	11	0	0	543	2	4	0	0	17.164	0	0	3	3	24	2	B 3 H 6 58 60
2109	502200	1	0	0	3	86	3.2	0	50	0	1	3	114	4	0	0	0	1	123	4	5	0	0	320	0	3	0	1	16.42	0	1	2	0	11	0	B 3 H 6 68 70
2119	504400	0	0	2	4	134	3.5	2	60	0	13	6	151	7	1	0	0	0	175	6	5	0	0	454	6	3	0	0	16.935	0	2	2	0	23	1	B 3 H 6 78 80
2129	506800	2	0	1	5	158	3.9	5	71	0	1	6	123	4	0	0	0	0	245	7	0	0	0	485	2	18	0	0	16.976	0	0	0	1	18	2	B 3 H 6 88 90
2231	509300	2	0	1	5	229	4.5	6	79	1	5	10	128	6	1	0	0	0	308	10	1	0	0	600	1	6	0	0	17.063	0	0	1	2	40	0	C 3 H 3 80 82
2241	511900	0	0	0	4	124	3.4	2	62	2	2	10	96	1	1	0	0	0	236	9	2	0	0	440	0	9	0	0	16.316	0	1	0	1	14	1	C 3 H 3 90 92
2251	514400	0	0	0	11	164	4	2	80	0	3	8	133	3	0	0	0	1	222	10	2	0	0	486	0	32	0	0	16.06	0	2	5	3	12	0	C 3 H 3 100 102
2261	516900	0	0	1	5	170	5.3	1	65	0	0	7	104	2	0	0	0	1	169	8	5	0	0	375	0	10	0	0	15.926	0	2	3	1	7	0	C 3 H 3 110 112
2271	519500	0	0	0	5	136	3.9	3	58	1	10	14	134	4	0	0	0	1	156	7	7	0	0	409	0	0	0	0	16.665	0	1	3	0	8	2	C 3 H 3 120 122
2281	522000	0	0	1	3	88	2.9	6	57	1	1	10	100	3	0	0	0	1	170	4	4	0	0	370	0	3	0	0	17.335	0	0	5	0	6	2	C 3 H 3 130 132
2291	524600	0	0	0	4	96	2.3	6	75	0	13	12	138	3	0	0	0	0	226	8	5	0	0	502	1	3	0	0	16.954	0	2	2	3	5	4	C 3 H 3 140 142
2298	526400	0	0	0	6	99	2.5	14	71	0	7	13	133	7	0	0	0	2	186	11	6	0	0	468	1	1	0	0	17.856	0	7	2	0	5	4	C 3 H 3 147 149
2311	529700	6	1	2	1	102	2.9	9	65	0	10	17	104	1	0	0	0	1	181	4	13	1	0	428	1	2	0	0	17.542	0	5	2	2	5	3	C 3 H 4 10 12
2321	532200	0	1	0	7	102	2.4	9	65	0	2	14	129	1	0	0	0	0	255	12	11	0	0	507	1	1	0	0	17.341	0	0	1	0	6	2	C 3 H 4 20 22
2331	534800	1	2	0	6	266	3.6	4	51	2	4	18	284	0	1	0	0	2	447	21	11	0	0	872	0	23	0	1	16.731	0	6	10	3	3	4	C 3 H 4 30 32
2341	537300	0	0	0	5	143	3.9	6	28	0	1	3	138	0	0	0	0	1	244	10	4	0	0	438	0	15	0	0	17.376	0	1	0	0	1	1	C 3 H 4 40 42
2351	539800	0	0	0	7	109	4.1	1	17	1	2	7	112	0	0	0	0	1	160	6	0	0	0	314	4	2	0	0	16.554	0	1	1	1	1	3	C 3 H 4 50 52
2361	542400	0	0	0	4	163	4.2	3	28	0	0	14	175	1	0	0	0	1	227	10	0	0	0	465	0	12	0	1	16.774	0	1	0	2	1	2	C 3 H 4 60 62
2371	544900	0	0	0	12	145	3.1	1	29	0	3	15	175	4	0	0	0	0	309	14	0	0	0	551	0	21	0	0	16.607	0	0	0	0	1	0	C 3 H 4 70 72
2381	547500	0	0	0	14	162	4.5	0	25	0	1	10	122	1	0	5	0	3	236	11	0	1	0	416	22	20	0	1	16.4	0	1	1	2	1	2	C 3 H 4 80 82
2391	550000	0	0	0	23	296	5.2	1	50	0	2	18	197	2	0	0	0	1	341	21	0	0	0	649	5	12	0	0	15.981	0	6	2	1	3	4	C 3 H 4 90 92
2401	552600	0	1	0	29	221	6.6	1	13	0	0	5	81	1	0	0	0	1	237	13	0	0	0	364	0	0	0	0	16.617	0	2	3	2	1	4	C 3 H 4 100 102
2411	555100	0	1	0	16	311	6.2	1	32	2	5	9	139	0	0	0	0	0	354	16	1	0	0	577	2	19	0	0	16.499	0	3	2	10	1	2	C 3 H 4 110 112
2419	557100	0	1	0	16	211	5.6	0	22	0	1	6	72	1	0	0	1	0	301	12	0	0	0	426	4	22	0	0	16.566	0	1	1	2	1	5	C 3 H 4 118 120
2429	559700	0	1	2	13	236	5	3	40	0	2	3	116	4	0	0	0	0	336	16	1	0	0	543	1	21	0	0	16.932	0	0	2	4	4	12	C 3 H 4 128 130
2435	561200	0	0	1	14	224	5.4	0	24	0	0	7	127	6	0	0	0	1	286	2	0	0	0	474	2	11	0	0	17.269	0	1	2	5	6	7	C 3 H 4 134 136
2458	567100	0	2	2	14	253	6.5	0	11	0	0	1	122	0	0	0	0	0	291	6	0	0	0	442	5	44	0	0	16.987	0	0	4	3	4	0	C 3 H 5 8 9
2472	570600	3	0	0	10	226	7	1	23	0	0	1	89	9	0	0	0	0	211	7	3	0	0	368	0	17	0	0	17.701	0	0	0	0	14	7	C 3 H 5 21 23
2481	572900	0	0	0	6	217	5.2	5	48	0	2	3	115	32	0	0	0	0	226	9	10	0	0	488	0	8	0	0	18.755	0	2	1	1	6	28	C 3 H 5 30 32
2491	575500	2	0	0	2	124	3.8	7	71	0	1	10	97	10	0	0	0	0	139	5	14	0	0	389	1	1	0	0	18.075	0	3	1	0	0	29	C 3 H 5 40 42
2502	578300	0	0	1	7	94	2.5	10	59	3	4	17	106	12	0	0	0	0	191	12	6	1	0	456	0	0	1	0	17.945	0	0	0	1	1	33	C 3 H 5 51 53
2512	581500	0	0	0	13	174	4.3	1	58	0	0	3	96	1	0	0	0	1	288	5	2	0	0	473	0	8	0	0	16.638	0	0	0	0	1	17	C 3 H 5 61 63
2522	584800	0	0	1	37	387	6	1	47	1	4	0	147	1	0	0	0	0	474	16	1	1	0	715	9	4	0	2	16.836	0	1	0	1	3	18	C 3 H 5 71 73
2532	588000	0	0	0	18	201	4.9	4	43	0	1	10	60	4	0	0	0	1	324	7	3	0	0	471	1	27	0	0	17.209	0	2	0	0	4	8	C 3 H 5 81 83
2542	591200	1	0	1	18	288	6.9	2	32	0	1	11	73	6	0	0	0	0	292	14	14	1	0	465	0	15	0	1	17.244	0	1	5	1	3	9	C 3 H 5 91 93
2552	594400	1	1	0	7	152	5.5	4	28	0	1	6	41	11	0	0	0	0	194	4	8	0	0	321	0	12	0	0	18.217	0	3	5	1	10	4	C 3 H 5 101 103
2562	597600	0	0	0	7	166	5.6	1	12	1	2	4	70	9	0	0	0	0	216	8	6	0	0	340	3	10	0	0	17.752	0	1	1	1	8	0	C 3 H 5 111 113
2572	600900	1	0	1	5	95	3.7	1	39	0	1	8	65	8	0	0	0	0	151	6	9	0	0	304	0	4	0	0	17.368	0	2	3	1	9	0	C 3 H 5 121 123
2582	604100	1	0	0	10	242	4.5	2	81	0	6	8	139	8	0	0	0	1	357	8	4	0	0	636	0	4	0	0	16.907	0	2	2	1	16	0	C 3 H 5 131 133
2592	607300	0	1	1	4	219	5.4	2	44	0	5	3	85	4	0	0	0	0	309	7	6	0	0	471	1	6	0	0	17.185	0	0	0	0	6	0	C 3 H 5 141 143
2599	609600	0	1	1	16	292	6	0	80	0	2	3	99	2	0	0	0	0	333	9	9	0	0	552	0	6	0	0	16.474	0	0	0	0	14	1	C 3 H 5 148 150
2610	613100	0	0	0	7	146	4.6	5	53	1	3	10	93	9	0	0	0	1	163	14	9	0	0	375	1	1	0	0	17.359	0	2	2	0	6	4	C 3 H 6 9 11
2620	616300	0	0	0	2	97	2	5	70	0	12	20	193	11	0	0	0	0	224	11	19	1	0	579	3	4	0	0	17.411	0	1	0	0	3	10	C 3 H 6 19 21
2630	619600	1	0	0	1	54	1.9	3	52	0	0	8	107	6	0	0	0	0	122	19	14	0	0	347	1	3	0	1	16.555	0	5	0	0	2	8	C 3 H 6 29 31
2647	622300	0	0	1	11	167	3.4	1	81	0	4	19	133	5	0	0	0	0	215	76	18	1	0	589	0	10	0	0	13.654	0	9	0	27	1	0	B 4 H 3 107 108
2657	625300	0	0	0	9	107	4.1	0	57	0	0	5	65	1	0	0	7	1	103	55	0	0	0	302	2	12	0	0	11.139	0	5	0	3	0	0	B 4 H 3 117 118
2667	628200	0	0	0	5	151	4.8	0	59	0	3	10	63	3	0	0	1	3	148	48	3	0	0	368	0	6	0	1	13.11	0	6	2	17	1	1	B 4 H 3 127 128
2677	631200	1	0	0	6	135	3.8	1	81	0	0	16	93	1	0	0	0	0	179	39	1	0	0	419	0	11	0	0	13.808	0	2	0	5	0	0	B 4 H 3 137 139
2687	634100	0	0	0	6	100	2.9	0	38	0	0	9	105	0	0	0	0	1	217	34	2	1	0	412	0	6	0	0	14.736	0	1	0	4	0	1	B 4 H 3 147 148
2698	637300	0	0	0	4	95	2.4	1	54	0	1	10	98	0	0	0	0	0	270	44	4	0	0	487	1	9	0	0	14.81	0	4	0	1	0	0	B 4 H 4 7 9
2708	640300	0	0	0	6	159	2.8	0	66	0	4	23	109	1	0	2	0	3	376	65	4	0	0	674	1	4	0	0	14.434	0	15	0	4	4	0	B 4 H 4 17 19
2718	643200	0	0	0	1	67	2.3	0	56	1	1	6	73	0	0	0	0	0	185	18	1	0	0	350	0	3	0	0	14.952	0	5	0	1	3	0	B 4 H 4 27 29
2728	646200	0	1	0	3	168	3.8	3	82	0	0	9	127	0	0	0	0	0	253	28	8	0	0	528	1	8	0	1	15.421	0	8	0	8	1	1	B 4 H 4 37 39
2737	648800	1	0	0	5	63	1.8	4	81	0	1	13	120	1	0	0	0	2	148	41	5	0	0	430	0	9	0	0	14.05	0	4	0	2	7	0	B 4 H 4 46 48
2748	652100	0	0	0	8	126	2.5	3	131	0	3	18	145	0	0	0	0	1	214	63	1	0	0	609	4	8	0	0	12.898	0	10	0	10	10	0	B 4 H 4 57 59
2758	655000	0	0	1	11	132	4.2	3	45	1	0	8	52	1	0	0	0	1	189	33	1	0	0	362	2	2	0	0	15.137	0	5	0	20	3	0	B 4 H 4 67 69
2768	658000	0	0	0	18	301	10.3	0	26	0	0	10	89	1	0	0	0	1	115	14	1	0	0	308	5	7	0	0	14.88	0	3	0	47	1	0	B 4 H 4 77 79
2778	660900	0	0	0	17	268	7.6	0	32	1	0	2	168	2	0	0	0	0	114	20	2	0	0	389	2	16	0	0	14.965	0	0	0	47	0	1	B 4 H 4 87 89
2788	663900	0	0	0	7	120	4.3	1	29	0	2	8	108	0	0	0	0	1	123	33	0	0	0	329	0	1	0	0	13.317	0	14	0	10	0	0	B 4 H 4 97 99
2798	666800	0	1	0	7	135	4.6	0	53	0	2	7	130	1	0	0	0	0	114	20	0	0	0	347	3	6	0	1	13.739	0	5	0	9	5	1	B 4 H 4 107 109
2808	669700	0	0	0	7	97	3.4	0	41	0	3	7	107	1	0	0	0	0	137	28	0	0	0	340	1	4	0	0	13.891	0	5	1	8	1	1	B 4 H 4 117 119
2818	672700	0	0	0	6	114	3.4	3	28	0	0	7	129	0	0	0	0	1	198	22	2	0	0	397	0	3	0	0	16.048	0	1	0	0	6	0	B 4 H 4 127 129
2828	675600	0	0	0	9	122	2.9	0	82	1	4	4	154	3	0	0	0	0	216	12	5	0	0	497	2	11	0	0	15.758	0	3	0	4	9	0	B 4 H 4 137 139
2837	678300	2	0	0	6	156	3.5	0	84	0	1	13	158	0	0	0	0	2	250	20	0	0	0	538	1	3	0	0	14.967	0	1	1	0	6	0	B 4 H 4 146 148
2848	681500	1	0	0	6	93	3.6	0	50	0	2	6	105	0	0	0	0	2	115	13	6	0	0	303	3	15	0	0	14.798	0	2	0	1	0	0	B 4 H 5 7 9
2858	684700	0	0	1	15	188	5.7	2	46	0	0	16	93	0	0	2	0	6	183	16	1	0	0	375	6	36	0	0	15.352	0	7	3	1	1	0	B 4 H 5 17 19
2868	688200	0	1	0	25	278	8.7	0	31	0	0	2	130	1	0	3	0	1	154	9	2	0	0	341	4	36	0	1	16.09	0	1	0	3	5	2	B 4 H 5 27 29
2878	691600	0	0	0	6	196	6.1	1	14	0	0	1	126	6	0	2	0	0	201	8	0	0	0	373	0	0	0	0	17.358	0	2	0	0	1	13	B 4 H 5 37 39
2888	695100	0	0	0	3	110	3.9	0	22	1	1	1	79	5	0	0	0	1	211	7	1	0	0	337	1	3	0	0	17.141	0	0	0	3	5	0	B 4 H 5 47 49
2898	698500	0	0	1	2	89	2.9	3	39	0	0	3	114	5	0	0	0	0	189	3	7	0	0	369	0	1	0	0	17.671	0	0	1	1	3	1	B 4 H 5 57 59
2908	701900	0	0	0	5	59	2.1	4	37	0	3	6	98	9	0	0	0	0	152	6	8	0	0	342	5	3	0	0	17.945	0	1	0	6	8	4	B 4 H 5 67 69
2919	705700	0	0	0	2	72	2.1	7	81	0	11	15	98	17	0	0	0	1	125	23	12	0	0	425	1	2	0	0	17.238	0	7	2	21	4	1	B 4 H 5 78 80
2928	708800	1	0	0	8	60	1.9	1	94	2	23	8	101	28	0	0	0	2	66	8	11	0	0	374	0	0	0	0	18.041	0	2	1	26	0	0	B 4 H 5 87 89
2938	712300	0	0	0	2	58	1.8	1	57	0	9	10	119	17	0	0	0	1	114	26	7	0	0	383	0	0	0	0	16.619	0	4	0	16	0	2	B 4 H 5 97 99
2948	715300	0	0	0	7	99	3.5	1	75	0	10	7	117	2	0	0	0	0	73	19	11	0	0	333	0	1	0	0	14.238	0	0	0	17	0	1	B 4 H 5 107 109
2958	717900	0	0	1	18	177	6.9	5	79	0	3	13	100	0	0	0	0	1	36	27	1	0	0	280	3	15	0	0	12.442	0	2	0	11	1	1	B 4 H 5 117 119
2967	720200	0	1	0	20	177	6.3	1	62	1	4	5	130	0	0	0	0	0	59	28	1	0	0	307	2	12	0	1	11.912	0	1	0	10	2	3	B 4 H 5 126 128
2978	723100	0	2	0	22	180	6.5	2	34	0	2	7	97	0	1	0	0	2	94	40	2	0	0	300	0	35	0	1	12.833	0	6	2	11	0	0	C 4 H 2 27 29
2988	725600	0	4	0	28	231	6.1	1	53	3	7	28	96	1	0	0	0	7	132	54	1	1	0	415	8	58	0	0	12.171	0	20	0	10	0	2	C 4 H 2 37 39
2998	728200	0	0	0	11	202	7.2	0	12	0	1	1	106	2	0	0	0	0	146	36	5	0	0	314	2	3	0	0	14.838	0	0	0	3	1	1	C 4 H 2 47 49
3008	730800	0	1	0	4	91	3	2	42	2	8	7	110	3	0	0	0	0	141	42	4	0	0	368	0	3	0	0	14.559	0	0	0	5	1	1	C 4 H 2 57 59
3018	733400	0	0	1	3	98	2.8	4	33	0	4	10	108	4	0	0	0	0	189	47	17	1	0	428	0	12	0	0	15.831	0	0	1	7	0	4	C 4 H 2 67 69
3028	736000	0	0	0	3	136	3.8	1	63	0	1	4	123	0	0	0	0	1	181	29	4	0	0	423	0	15	0	0	14.644	0	2	0	12	0	2	C 4 H 2 77 79
3038	738600	0	0	0	7	78	2	1	76	0	6	8	125	8	0	0	0	0	189	25	7	0	0	459	1	17	0	1	16.472	0	1	0	10	1	2	C 4 H 2 87 89
3048	741200	0	2	1	16	135	2.9	3	83	1	7	15	168	6	0	0	0	2	180	45	12	0	0	547	3	28	0	0	14.937	0	3	0	19	3	0	C 4 H 2 97 99
3058	743700	2	0	0	19	112	3.4	5	64	1	6	11	71	3	0	2	0	1	147	39	8	0	0	378	2	9	0	0	15.224	0	2	0	16	1	1	C 4 H 2 107 109
3068	746300	0	1	0	33	180	4.3	0	49	0	1	6	64	0	0	6	0	3	266	43	2	0	0	468	15	74	0	1	14.715	0	2	0	32	0	0	C 4 H 2 117 119
3078	748900	0	2	0	54	323	6.2	1	89	0	12	9	120	3	0	33	0	5	201	47	0	0	0	553	13	78	0	0	13.879	0	3	0	62	1	0	C 4 H 2 127 129
3108	756700	0	1	0	24	256	8.4	2	19	0	1	7	84	1	0	5	0	4	157	34	2	0	0	324	6	87	0	1	14.909	0	6	0	7	0	0	C 4 H 3 7 9
3118	759300	0	0	0	19	352	10.9	0	31	0	0	23	123	0	0	53	0	1	109	31	1	0	0	341	7	66	0	1	12.635	0	4	1	15	0	2	C 4 H 3 17 19
3128	761800	0	0	0	15	183	6.3	1	38	0	7	7	117	3	0	0	0	1	72	62	3	0	0	324	8	24	0	0	11.065	0	1	0	10	1	1	C 4 H 3 27 29
3138	764400	0	0	0	13	149	4.8	0	49	0	6	0	104	0	0	0	0	0	171	12	2	0	0	355	5	15	0	0	15.603	0	0	0	6	0	5	C 4 H 3 37 39
3148	767000	0	0	0	6	123	3.9	2	45	0	0	1	81	3	0	0	0	2	198	16	3	0	0	368	0	6	0	0	16.381	0	3	0	7	1	6	C 4 H 3 47 49
3158	769600	0	0	0	3	159	4.4	0	24	0	0	2	124	2	0	0	0	1	241	15	3	0	0	428	1	11	0	1	16.475	0	2	0	1	1	12	C 4 H 3 57 59
3168	772200	0	0	0	6	120	4.6	0	17	0	2	3	101	4	0	0	0	0	155	5	5	0	0	304	2	5	0	0	17.258	0	0	0	4	0	8	C 4 H 3 67 69
3178	774800	0	0	0	7	158	5.6	1	17	1	0	0	121	6	0	0	0	0	160	8	3	0	0	326	3	6	0	0	17.529	0	0	0	4	0	5	C 4 H 3 77 79
3188	777400	0	0	0	5	134	3.6	2	34	1	3	6	171	9	0	0	0	1	176	6	7	0	0	438	0	3	0	0	17.696	0	0	2	16	0	4	C 4 H 3 87 89
3198	779900	0	0	0	2	78	3.1	1	35	0	1	5	89	9	0	0	0	0	134	1	4	0	0	306	0	0	0	0	17.774	0	1	15	7	1	3	C 4 H 3 97 99
3208	782500	1	0	0	5	45	1.7	2	42	1	5	7	101	6	0	0	0	1	129	5	5	0	0	320	0	1	0	0	17.407	0	1	5	9	0	0	C 4 H 3 107 109
3218	785100	0	0	0	0	51	1.6	0	76	0	7	11	133	14	0	0	0	0	116	6	4	0	0	397	0	0	0	0	17.69	0	1	0	28	1	0	C 4 H 3 117 119
3228	787700	0	0	3	4	59	1.4	8	96	4	15	14	177	11	0	0	0	5	126	8	12	0	0	519	1	1	0	0	17.929	0	1	18	24	0	0	C 4 H 3 127 129
3238	790300	0	0	0	11	99	2.9	5	90	1	4	23	101	11	0	1	0	5	99	23	5	0	0	410	1	7	0	0	16.224	0	5	5	33	0	0	C 4 H 3 137 139
3248	793000	0	0	0	9	148	3.5	7	105	4	13	36	93	4	0	0	0	2	139	23	14	0	0	497	0	14	0	0	15.685	0	2	1	54	0	0	C 4 H 3 147 149
3258	795700	0	-999	-999	-999	-999	-999	-999	-999	-999	-999	-999	-999	-999	-999	-999	-999	-999	-999	-999	-999	-999	-999	-999	-999	-999	-999	-999	-999	-999	-999	-999	-999	-999	-999	C 4 H 4 7 9
3258	928500	0	-999	-999	-999	-999	-999	-999	-999	-999	-999	-999	-999	-999	-999	-999	-999	-999	-999	-999	-999	-999	-999	-999	-999	-999	-999	-999	-999	-999	-999	-999	-999	-999	-999	B 5 H 1 62 67
3258	795700	-999	0	-999	-999	-999	-999	-999	-999	-999	-999	-999	-999	-999	-999	-999	-999	-999	-999	-999	-999	-999	-999	-999	-999	-999	-999	-999	-999	-999	-999	-999	-999	-999	-999	C 4 H 4 7 9
3258	928500	-999	0	-999	-999	-999	-999	-999	-999	-999	-999	-999	-999	-999	-999	-999	-999	-999	-999	-999	-999	-999	-999	-999	-999	-999	-999	-999	-999	-999	-999	-999	-999	-999	-999	B 5 H 1 62 67
3258	795700	-999	-999	0	-999	-999	-999	-999	-999	-999	-999	-999	-999	-999	-999	-999	-999	-999	-999	-999	-999	-999	-999	-999	-999	-999	-999	-999	-999	-999	-999	-999	-999	-999	-999	C 4 H 4 7 9
3258	928500	-999	-999	0	-999	-999	-999	-999	-999	-999	-999	-999	-999	-999	-999	-999	-999	-999	-999	-999	-999	-999	-999	-999	-999	-999	-999	-999	-999	-999	-999	-999	-999	-999	-999	B 5 H 1 62 67
3258	795700	-999	-999	-999	17	-999	-999	-999	-999	-999	-999	-999	-999	-999	-999	-999	-999	-999	-999	-999	-999	-999	-999	-999	-999	-999	-999	-999	-999	-999	-999	-999	-999	-999	-999	C 4 H 4 7 9
3258	928500	-999	-999	-999	14	-999	-999	-999	-999	-999	-999	-999	-999	-999	-999	-999	-999	-999	-999	-999	-999	-999	-999	-999	-999	-999	-999	-999	-999	-999	-999	-999	-999	-999	-999	B 5 H 1 62 67
3258	795700	-999	-999	-999	-999	133	-999	-999	-999	-999	-999	-999	-999	-999	-999	-999	-999	-999	-999	-999	-999	-999	-999	-999	-999	-999	-999	-999	-999	-999	-999	-999	-999	-999	-999	C 4 H 4 7 9
3258	928500	-999	-999	-999	-999	272	-999	-999	-999	-999	-999	-999	-999	-999	-999	-999	-999	-999	-999	-999	-999	-999	-999	-999	-999	-999	-999	-999	-999	-999	-999	-999	-999	-999	-999	B 5 H 1 62 67
3258	795700	-999	-999	-999	-999	-999	4.5	-999	-999	-999	-999	-999	-999	-999	-999	-999	-999	-999	-999	-999	-999	-999	-999	-999	-999	-999	-999	-999	-999	-999	-999	-999	-999	-999	-999	C 4 H 4 7 9
3258	928500	-999	-999	-999	-999	-999	8.5	-999	-999	-999	-999	-999	-999	-999	-999	-999	-999	-999	-999	-999	-999	-999	-999	-999	-999	-999	-999	-999	-999	-999	-999	-999	-999	-999	-999	B 5 H 1 62 67
3258	795700	-999	-999	-999	-999	-999	-999	0	-999	-999	-999	-999	-999	-999	-999	-999	-999	-999	-999	-999	-999	-999	-999	-999	-999	-999	-999	-999	-999	-999	-999	-999	-999	-999	-999	C 4 H 4 7 9
3258	928500	-999	-999	-999	-999	-999	-999	1	-999	-999	-999	-999	-999	-999	-999	-999	-999	-999	-999	-999	-999	-999	-999	-999	-999	-999	-999	-999	-999	-999	-999	-999	-999	-999	-999	B 5 H 1 62 67
3258	795700	-999	-999	-999	-999	-999	-999	-999	59	-999	-999	-999	-999	-999	-999	-999	-999	-999	-999	-999	-999	-999	-999	-999	-999	-999	-999	-999	-999	-999	-999	-999	-999	-999	-999	C 4 H 4 7 9
3258	928500	-999	-999	-999	-999	-999	-999	-999	33	-999	-999	-999	-999	-999	-999	-999	-999	-999	-999	-999	-999	-999	-999	-999	-999	-999	-999	-999	-999	-999	-999	-999	-999	-999	-999	B 5 H 1 62 67
3258	795700	-999	-999	-999	-999	-999	-999	-999	-999	0	-999	-999	-999	-999	-999	-999	-999	-999	-999	-999	-999	-999	-999	-999	-999	-999	-999	-999	-999	-999	-999	-999	-999	-999	-999	C 4 H 4 7 9
3258	928500	-999	-999	-999	-999	-999	-999	-999	-999	0	-999	-999	-999	-999	-999	-999	-999	-999	-999	-999	-999	-999	-999	-999	-999	-999	-999	-999	-999	-999	-999	-999	-999	-999	-999	B 5 H 1 62 67
3258	795700	-999	-999	-999	-999	-999	-999	-999	-999	-999	2	-999	-999	-999	-999	-999	-999	-999	-999	-999	-999	-999	-999	-999	-999	-999	-999	-999	-999	-999	-999	-999	-999	-999	-999	C 4 H 4 7 9
3258	928500	-999	-999	-999	-999	-999	-999	-999	-999	-999	1	-999	-999	-999	-999	-999	-999	-999	-999	-999	-999	-999	-999	-999	-999	-999	-999	-999	-999	-999	-999	-999	-999	-999	-999	B 5 H 1 62 67
3258	795700	-999	-999	-999	-999	-999	-999	-999	-999	-999	-999	43	-999	-999	-999	-999	-999	-999	-999	-999	-999	-999	-999	-999	-999	-999	-999	-999	-999	-999	-999	-999	-999	-999	-999	C 4 H 4 7 9
3258	928500	-999	-999	-999	-999	-999	-999	-999	-999	-999	-999	10	-999	-999	-999	-999	-999	-999	-999	-999	-999	-999	-999	-999	-999	-999	-999	-999	-999	-999	-999	-999	-999	-999	-999	B 5 H 1 62 67
3258	795700	-999	-999	-999	-999	-999	-999	-999	-999	-999	-999	-999	30	-999	-999	-999	-999	-999	-999	-999	-999	-999	-999	-999	-999	-999	-999	-999	-999	-999	-999	-999	-999	-999	-999	C 4 H 4 7 9
3258	928500	-999	-999	-999	-999	-999	-999	-999	-999	-999	-999	-999	58	-999	-999	-999	-999	-999	-999	-999	-999	-999	-999	-999	-999	-999	-999	-999	-999	-999	-999	-999	-999	-999	-999	B 5 H 1 62 67
3258	795700	-999	-999	-999	-999	-999	-999	-999	-999	-999	-999	-999	-999	2	-999	-999	-999	-999	-999	-999	-999	-999	-999	-999	-999	-999	-999	-999	-999	-999	-999	-999	-999	-999	-999	C 4 H 4 7 9
3258	928500	-999	-999	-999	-999	-999	-999	-999	-999	-999	-999	-999	-999	2	-999	-999	-999	-999	-999	-999	-999	-999	-999	-999	-999	-999	-999	-999	-999	-999	-999	-999	-999	-999	-999	B 5 H 1 62 67
3258	795700	-999	-999	-999	-999	-999	-999	-999	-999	-999	-999	-999	-999	-999	0	-999	-999	-999	-999	-999	-999	-999	-999	-999	-999	-999	-999	-999	-999	-999	-999	-999	-999	-999	-999	C 4 H 4 7 9
3258	928500	-999	-999	-999	-999	-999	-999	-999	-999	-999	-999	-999	-999	-999	0	-999	-999	-999	-999	-999	-999	-999	-999	-999	-999	-999	-999	-999	-999	-999	-999	-999	-999	-999	-999	B 5 H 1 62 67
3258	795700	-999	-999	-999	-999	-999	-999	-999	-999	-999	-999	-999	-999	-999	-999	0	-999	-999	-999	-999	-999	-999	-999	-999	-999	-999	-999	-999	-999	-999	-999	-999	-999	-999	-999	C 4 H 4 7 9
3258	928500	-999	-999	-999	-999	-999	-999	-999	-999	-999	-999	-999	-999	-999	-999	0	-999	-999	-999	-999	-999	-999	-999	-999	-999	-999	-999	-999	-999	-999	-999	-999	-999	-999	-999	B 5 H 1 62 67
3258	795700	-999	-999	-999	-999	-999	-999	-999	-999	-999	-999	-999	-999	-999	-999	-999	0	-999	-999	-999	-999	-999	-999	-999	-999	-999	-999	-999	-999	-999	-999	-999	-999	-999	-999	C 4 H 4 7 9
3258	928500	-999	-999	-999	-999	-999	-999	-999	-999	-999	-999	-999	-999	-999	-999	-999	0	-999	-999	-999	-999	-999	-999	-999	-999	-999	-999	-999	-999	-999	-999	-999	-999	-999	-999	B 5 H 1 62 67
3258	795700	-999	-999	-999	-999	-999	-999	-999	-999	-999	-999	-999	-999	-999	-999	-999	-999	5	-999	-999	-999	-999	-999	-999	-999	-999	-999	-999	-999	-999	-999	-999	-999	-999	-999	C 4 H 4 7 9
3258	928500	-999	-999	-999	-999	-999	-999	-999	-999	-999	-999	-999	-999	-999	-999	-999	-999	0	-999	-999	-999	-999	-999	-999	-999	-999	-999	-999	-999	-999	-999	-999	-999	-999	-999	B 5 H 1 62 67
3258	795700	-999	-999	-999	-999	-999	-999	-999	-999	-999	-999	-999	-999	-999	-999	-999	-999	-999	51	-999	-999	-999	-999	-999	-999	-999	-999	-999	-999	-999	-999	-999	-999	-999	-999	C 4 H 4 7 9
3258	928500	-999	-999	-999	-999	-999	-999	-999	-999	-999	-999	-999	-999	-999	-999	-999	-999	-999	127	-999	-999	-999	-999	-999	-999	-999	-999	-999	-999	-999	-999	-999	-999	-999	-999	B 5 H 1 62 67
3258	795700	-999	-999	-999	-999	-999	-999	-999	-999	-999	-999	-999	-999	-999	-999	-999	-999	-999	-999	73	-999	-999	-999	-999	-999	-999	-999	-999	-999	-999	-999	-999	-999	-999	-999	C 4 H 4 7 9
3258	928500	-999	-999	-999	-999	-999	-999	-999	-999	-999	-999	-999	-999	-999	-999	-999	-999	-999	-999	44	-999	-999	-999	-999	-999	-999	-999	-999	-999	-999	-999	-999	-999	-999	-999	B 5 H 1 62 67
3258	795700	-999	-999	-999	-999	-999	-999	-999	-999	-999	-999	-999	-999	-999	-999	-999	-999	-999	-999	-999	3	-999	-999	-999	-999	-999	-999	-999	-999	-999	-999	-999	-999	-999	-999	C 4 H 4 7 9
3258	928500	-999	-999	-999	-999	-999	-999	-999	-999	-999	-999	-999	-999	-999	-999	-999	-999	-999	-999	-999	1	-999	-999	-999	-999	-999	-999	-999	-999	-999	-999	-999	-999	-999	-999	B 5 H 1 62 67
3258	795700	-999	-999	-999	-999	-999	-999	-999	-999	-999	-999	-999	-999	-999	-999	-999	-999	-999	-999	-999	-999	0	-999	-999	-999	-999	-999	-999	-999	-999	-999	-999	-999	-999	-999	C 4 H 4 7 9
3258	928500	-999	-999	-999	-999	-999	-999	-999	-999	-999	-999	-999	-999	-999	-999	-999	-999	-999	-999	-999	-999	0	-999	-999	-999	-999	-999	-999	-999	-999	-999	-999	-999	-999	-999	B 5 H 1 62 67
3258	795700	-999	-999	-999	-999	-999	-999	-999	-999	-999	-999	-999	-999	-999	-999	-999	-999	-999	-999	-999	-999	-999	0	-999	-999	-999	-999	-999	-999	-999	-999	-999	-999	-999	-999	C 4 H 4 7 9
3258	928500	-999	-999	-999	-999	-999	-999	-999	-999	-999	-999	-999	-999	-999	-999	-999	-999	-999	-999	-999	-999	-999	0	-999	-999	-999	-999	-999	-999	-999	-999	-999	-999	-999	-999	B 5 H 1 62 67
3258	795700	-999	-999	-999	-999	-999	-999	-999	-999	-999	-999	-999	-999	-999	-999	-999	-999	-999	-999	-999	-999	-999	-999	332	-999	-999	-999	-999	-999	-999	-999	-999	-999	-999	-999	C 4 H 4 7 9
3258	928500	-999	-999	-999	-999	-999	-999	-999	-999	-999	-999	-999	-999	-999	-999	-999	-999	-999	-999	-999	-999	-999	-999	354	-999	-999	-999	-999	-999	-999	-999	-999	-999	-999	-999	B 5 H 1 62 67
3258	795700	-999	-999	-999	-999	-999	-999	-999	-999	-999	-999	-999	-999	-999	-999	-999	-999	-999	-999	-999	-999	-999	-999	-999	0	-999	-999	-999	-999	-999	-999	-999	-999	-999	-999	C 4 H 4 7 9
3258	928500	-999	-999	-999	-999	-999	-999	-999	-999	-999	-999	-999	-999	-999	-999	-999	-999	-999	-999	-999	-999	-999	-999	-999	20	-999	-999	-999	-999	-999	-999	-999	-999	-999	-999	B 5 H 1 62 67
3258	795700	-999	-999	-999	-999	-999	-999	-999	-999	-999	-999	-999	-999	-999	-999	-999	-999	-999	-999	-999	-999	-999	-999	-999	-999	7	-999	-999	-999	-999	-999	-999	-999	-999	-999	C 4 H 4 7 9
3258	928500	-999	-999	-999	-999	-999	-999	-999	-999	-999	-999	-999	-999	-999	-999	-999	-999	-999	-999	-999	-999	-999	-999	-999	-999	112	-999	-999	-999	-999	-999	-999	-999	-999	-999	B 5 H 1 62 67
3258	795700	-999	-999	-999	-999	-999	-999	-999	-999	-999	-999	-999	-999	-999	-999	-999	-999	-999	-999	-999	-999	-999	-999	-999	-999	-999	0	-999	-999	-999	-999	-999	-999	-999	-999	C 4 H 4 7 9
3258	928500	-999	-999	-999	-999	-999	-999	-999	-999	-999	-999	-999	-999	-999	-999	-999	-999	-999	-999	-999	-999	-999	-999	-999	-999	-999	0	-999	-999	-999	-999	-999	-999	-999	-999	B 5 H 1 62 67
3258	795700	-999	-999	-999	-999	-999	-999	-999	-999	-999	-999	-999	-999	-999	-999	-999	-999	-999	-999	-999	-999	-999	-999	-999	-999	-999	-999	0	-999	-999	-999	-999	-999	-999	-999	C 4 H 4 7 9
3258	928500	-999	-999	-999	-999	-999	-999	-999	-999	-999	-999	-999	-999	-999	-999	-999	-999	-999	-999	-999	-999	-999	-999	-999	-999	-999	-999	0	-999	-999	-999	-999	-999	-999	-999	B 5 H 1 62 67
3258	795700	-999	-999	-999	-999	-999	-999	-999	-999	-999	-999	-999	-999	-999	-999	-999	-999	-999	-999	-999	-999	-999	-999	-999	-999	-999	-999	-999	8.99	-999	-999	-999	-999	-999	-999	C 4 H 4 7 9
3258	928500	-999	-999	-999	-999	-999	-999	-999	-999	-999	-999	-999	-999	-999	-999	-999	-999	-999	-999	-999	-999	-999	-999	-999	-999	-999	-999	-999	13.359	-999	-999	-999	-999	-999	-999	B 5 H 1 62 67
3258	795700	-999	-999	-999	-999	-999	-999	-999	-999	-999	-999	-999	-999	-999	-999	-999	-999	-999	-999	-999	-999	-999	-999	-999	-999	-999	-999	-999	-999	0	-999	-999	-999	-999	-999	C 4 H 4 7 9
3258	928500	-999	-999	-999	-999	-999	-999	-999	-999	-999	-999	-999	-999	-999	-999	-999	-999	-999	-999	-999	-999	-999	-999	-999	-999	-999	-999	-999	-999	0	-999	-999	-999	-999	-999	B 5 H 1 62 67
3258	795700	-999	-999	-999	-999	-999	-999	-999	-999	-999	-999	-999	-999	-999	-999	-999	-999	-999	-999	-999	-999	-999	-999	-999	-999	-999	-999	-999	-999	-999	3	-999	-999	-999	-999	C 4 H 4 7 9
3258	928500	-999	-999	-999	-999	-999	-999	-999	-999	-999	-999	-999	-999	-999	-999	-999	-999	-999	-999	-999	-999	-999	-999	-999	-999	-999	-999	-999	-999	-999	0	-999	-999	-999	-999	B 5 H 1 62 67
3258	795700	-999	-999	-999	-999	-999	-999	-999	-999	-999	-999	-999	-999	-999	-999	-999	-999	-999	-999	-999	-999	-999	-999	-999	-999	-999	-999	-999	-999	-999	-999	0	-999	-999	-999	C 4 H 4 7 9
3258	928500	-999	-999	-999	-999	-999	-999	-999	-999	-999	-999	-999	-999	-999	-999	-999	-999	-999	-999	-999	-999	-999	-999	-999	-999	-999	-999	-999	-999	-999	-999	2	-999	-999	-999	B 5 H 1 62 67
3258	795700	-999	-999	-999	-999	-999	-999	-999	-999	-999	-999	-999	-999	-999	-999	-999	-999	-999	-999	-999	-999	-999	-999	-999	-999	-999	-999	-999	-999	-999	-999	-999	61	-999	-999	C 4 H 4 7 9
3258	928500	-999	-999	-999	-999	-999	-999	-999	-999	-999	-999	-999	-999	-999	-999	-999	-999	-999	-999	-999	-999	-999	-999	-999	-999	-999	-999	-999	-999	-999	-999	-999	75	-999	-999	B 5 H 1 62 67
3258	795700	-999	-999	-999	-999	-999	-999	-999	-999	-999	-999	-999	-999	-999	-999	-999	-999	-999	-999	-999	-999	-999	-999	-999	-999	-999	-999	-999	-999	-999	-999	-999	-999	0	-999	C 4 H 4 7 9
3258	928500	-999	-999	-999	-999	-999	-999	-999	-999	-999	-999	-999	-999	-999	-999	-999	-999	-999	-999	-999	-999	-999	-999	-999	-999	-999	-999	-999	-999	-999	-999	-999	-999	0	-999	B 5 H 1 62 67
3258	795700	-999	-999	-999	-999	-999	-999	-999	-999	-999	-999	-999	-999	-999	-999	-999	-999	-999	-999	-999	-999	-999	-999	-999	-999	-999	-999	-999	-999	-999	-999	-999	-999	-999	0	C 4 H 4 7 9
3258	928500	-999	-999	-999	-999	-999	-999	-999	-999	-999	-999	-999	-999	-999	-999	-999	-999	-999	-999	-999	-999	-999	-999	-999	-999	-999	-999	-999	-999	-999	-999	-999	-999	-999	0	B 5 H 1 62 67
3263	929900	0	1	0	16	243	7	2	48	0	0	16	121	0	0	3	1	1	111	31	2	0	0	385	8	110	0	0	13.34	0	7	2	41	2	0	B 5 H 1 69 72
3268	798300	0	-999	-999	-999	-999	-999	-999	-999	-999	-999	-999	-999	-999	-999	-999	-999	-999	-999	-999	-999	-999	-999	-999	-999	-999	-999	-999	-999	-999	-999	-999	-999	-999	-999	C 4 H 4 17 19
3268	931200	3	-999	-999	-999	-999	-999	-999	-999	-999	-999	-999	-999	-999	-999	-999	-999	-999	-999	-999	-999	-999	-999	-999	-999	-999	-999	-999	-999	-999	-999	-999	-999	-999	-999	B 5 H 1 79 81
3268	798300	-999	0	-999	-999	-999	-999	-999	-999	-999	-999	-999	-999	-999	-999	-999	-999	-999	-999	-999	-999	-999	-999	-999	-999	-999	-999	-999	-999	-999	-999	-999	-999	-999	-999	C 4 H 4 17 19
3268	931200	-999	0	-999	-999	-999	-999	-999	-999	-999	-999	-999	-999	-999	-999	-999	-999	-999	-999	-999	-999	-999	-999	-999	-999	-999	-999	-999	-999	-999	-999	-999	-999	-999	-999	B 5 H 1 79 81
3268	798300	-999	-999	1	-999	-999	-999	-999	-999	-999	-999	-999	-999	-999	-999	-999	-999	-999	-999	-999	-999	-999	-999	-999	-999	-999	-999	-999	-999	-999	-999	-999	-999	-999	-999	C 4 H 4 17 19
3268	931200	-999	-999	0	-999	-999	-999	-999	-999	-999	-999	-999	-999	-999	-999	-999	-999	-999	-999	-999	-999	-999	-999	-999	-999	-999	-999	-999	-999	-999	-999	-999	-999	-999	-999	B 5 H 1 79 81
3268	798300	-999	-999	-999	23	-999	-999	-999	-999	-999	-999	-999	-999	-999	-999	-999	-999	-999	-999	-999	-999	-999	-999	-999	-999	-999	-999	-999	-999	-999	-999	-999	-999	-999	-999	C 4 H 4 17 19
3268	931200	-999	-999	-999	15	-999	-999	-999	-999	-999	-999	-999	-999	-999	-999	-999	-999	-999	-999	-999	-999	-999	-999	-999	-999	-999	-999	-999	-999	-999	-999	-999	-999	-999	-999	B 5 H 1 79 81
3268	798300	-999	-999	-999	-999	205	-999	-999	-999	-999	-999	-999	-999	-999	-999	-999	-999	-999	-999	-999	-999	-999	-999	-999	-999	-999	-999	-999	-999	-999	-999	-999	-999	-999	-999	C 4 H 4 17 19
3268	931200	-999	-999	-999	-999	188	-999	-999	-999	-999	-999	-999	-999	-999	-999	-999	-999	-999	-999	-999	-999	-999	-999	-999	-999	-999	-999	-999	-999	-999	-999	-999	-999	-999	-999	B 5 H 1 79 81
3268	798300	-999	-999	-999	-999	-999	5.6	-999	-999	-999	-999	-999	-999	-999	-999	-999	-999	-999	-999	-999	-999	-999	-999	-999	-999	-999	-999	-999	-999	-999	-999	-999	-999	-999	-999	C 4 H 4 17 19
3268	931200	-999	-999	-999	-999	-999	7.8	-999	-999	-999	-999	-999	-999	-999	-999	-999	-999	-999	-999	-999	-999	-999	-999	-999	-999	-999	-999	-999	-999	-999	-999	-999	-999	-999	-999	B 5 H 1 79 81
3268	798300	-999	-999	-999	-999	-999	-999	2	-999	-999	-999	-999	-999	-999	-999	-999	-999	-999	-999	-999	-999	-999	-999	-999	-999	-999	-999	-999	-999	-999	-999	-999	-999	-999	-999	C 4 H 4 17 19
3268	931200	-999	-999	-999	-999	-999	-999	3	-999	-999	-999	-999	-999	-999	-999	-999	-999	-999	-999	-999	-999	-999	-999	-999	-999	-999	-999	-999	-999	-999	-999	-999	-999	-999	-999	B 5 H 1 79 81
3268	798300	-999	-999	-999	-999	-999	-999	-999	71	-999	-999	-999	-999	-999	-999	-999	-999	-999	-999	-999	-999	-999	-999	-999	-999	-999	-999	-999	-999	-999	-999	-999	-999	-999	-999	C 4 H 4 17 19
3268	931200	-999	-999	-999	-999	-999	-999	-999	20	-999	-999	-999	-999	-999	-999	-999	-999	-999	-999	-999	-999	-999	-999	-999	-999	-999	-999	-999	-999	-999	-999	-999	-999	-999	-999	B 5 H 1 79 81
3268	798300	-999	-999	-999	-999	-999	-999	-999	-999	1	-999	-999	-999	-999	-999	-999	-999	-999	-999	-999	-999	-999	-999	-999	-999	-999	-999	-999	-999	-999	-999	-999	-999	-999	-999	C 4 H 4 17 19
3268	931200	-999	-999	-999	-999	-999	-999	-999	-999	0	-999	-999	-999	-999	-999	-999	-999	-999	-999	-999	-999	-999	-999	-999	-999	-999	-999	-999	-999	-999	-999	-999	-999	-999	-999	B 5 H 1 79 81
3268	798300	-999	-999	-999	-999	-999	-999	-999	-999	-999	6	-999	-999	-999	-999	-999	-999	-999	-999	-999	-999	-999	-999	-999	-999	-999	-999	-999	-999	-999	-999	-999	-999	-999	-999	C 4 H 4 17 19
3268	931200	-999	-999	-999	-999	-999	-999	-999	-999	-999	0	-999	-999	-999	-999	-999	-999	-999	-999	-999	-999	-999	-999	-999	-999	-999	-999	-999	-999	-999	-999	-999	-999	-999	-999	B 5 H 1 79 81
3268	798300	-999	-999	-999	-999	-999	-999	-999	-999	-999	-999	42	-999	-999	-999	-999	-999	-999	-999	-999	-999	-999	-999	-999	-999	-999	-999	-999	-999	-999	-999	-999	-999	-999	-999	C 4 H 4 17 19
3268	931200	-999	-999	-999	-999	-999	-999	-999	-999	-999	-999	4	-999	-999	-999	-999	-999	-999	-999	-999	-999	-999	-999	-999	-999	-999	-999	-999	-999	-999	-999	-999	-999	-999	-999	B 5 H 1 79 81
3268	798300	-999	-999	-999	-999	-999	-999	-999	-999	-999	-999	-999	68	-999	-999	-999	-999	-999	-999	-999	-999	-999	-999	-999	-999	-999	-999	-999	-999	-999	-999	-999	-999	-999	-999	C 4 H 4 17 19
3268	931200	-999	-999	-999	-999	-999	-999	-999	-999	-999	-999	-999	78	-999	-999	-999	-999	-999	-999	-999	-999	-999	-999	-999	-999	-999	-999	-999	-999	-999	-999	-999	-999	-999	-999	B 5 H 1 79 81
3268	798300	-999	-999	-999	-999	-999	-999	-999	-999	-999	-999	-999	-999	2	-999	-999	-999	-999	-999	-999	-999	-999	-999	-999	-999	-999	-999	-999	-999	-999	-999	-999	-999	-999	-999	C 4 H 4 17 19
3268	931200	-999	-999	-999	-999	-999	-999	-999	-999	-999	-999	-999	-999	1	-999	-999	-999	-999	-999	-999	-999	-999	-999	-999	-999	-999	-999	-999	-999	-999	-999	-999	-999	-999	-999	B 5 H 1 79 81
3268	798300	-999	-999	-999	-999	-999	-999	-999	-999	-999	-999	-999	-999	-999	0	-999	-999	-999	-999	-999	-999	-999	-999	-999	-999	-999	-999	-999	-999	-999	-999	-999	-999	-999	-999	C 4 H 4 17 19
3268	931200	-999	-999	-999	-999	-999	-999	-999	-999	-999	-999	-999	-999	-999	0	-999	-999	-999	-999	-999	-999	-999	-999	-999	-999	-999	-999	-999	-999	-999	-999	-999	-999	-999	-999	B 5 H 1 79 81
3268	798300	-999	-999	-999	-999	-999	-999	-999	-999	-999	-999	-999	-999	-999	-999	0	-999	-999	-999	-999	-999	-999	-999	-999	-999	-999	-999	-999	-999	-999	-999	-999	-999	-999	-999	C 4 H 4 17 19
3268	931200	-999	-999	-999	-999	-999	-999	-999	-999	-999	-999	-999	-999	-999	-999	4	-999	-999	-999	-999	-999	-999	-999	-999	-999	-999	-999	-999	-999	-999	-999	-999	-999	-999	-999	B 5 H 1 79 81
3268	798300	-999	-999	-999	-999	-999	-999	-999	-999	-999	-999	-999	-999	-999	-999	-999	0	-999	-999	-999	-999	-999	-999	-999	-999	-999	-999	-999	-999	-999	-999	-999	-999	-999	-999	C 4 H 4 17 19
3268	931200	-999	-999	-999	-999	-999	-999	-999	-999	-999	-999	-999	-999	-999	-999	-999	0	-999	-999	-999	-999	-999	-999	-999	-999	-999	-999	-999	-999	-999	-999	-999	-999	-999	-999	B 5 H 1 79 81
3268	798300	-999	-999	-999	-999	-999	-999	-999	-999	-999	-999	-999	-999	-999	-999	-999	-999	4	-999	-999	-999	-999	-999	-999	-999	-999	-999	-999	-999	-999	-999	-999	-999	-999	-999	C 4 H 4 17 19
3268	931200	-999	-999	-999	-999	-999	-999	-999	-999	-999	-999	-999	-999	-999	-999	-999	-999	0	-999	-999	-999	-999	-999	-999	-999	-999	-999	-999	-999	-999	-999	-999	-999	-999	-999	B 5 H 1 79 81
3268	798300	-999	-999	-999	-999	-999	-999	-999	-999	-999	-999	-999	-999	-999	-999	-999	-999	-999	66	-999	-999	-999	-999	-999	-999	-999	-999	-999	-999	-999	-999	-999	-999	-999	-999	C 4 H 4 17 19
3268	931200	-999	-999	-999	-999	-999	-999	-999	-999	-999	-999	-999	-999	-999	-999	-999	-999	-999	113	-999	-999	-999	-999	-999	-999	-999	-999	-999	-999	-999	-999	-999	-999	-999	-999	B 5 H 1 79 81
3268	798300	-999	-999	-999	-999	-999	-999	-999	-999	-999	-999	-999	-999	-999	-999	-999	-999	-999	-999	67	-999	-999	-999	-999	-999	-999	-999	-999	-999	-999	-999	-999	-999	-999	-999	C 4 H 4 17 19
3268	931200	-999	-999	-999	-999	-999	-999	-999	-999	-999	-999	-999	-999	-999	-999	-999	-999	-999	-999	22	-999	-999	-999	-999	-999	-999	-999	-999	-999	-999	-999	-999	-999	-999	-999	B 5 H 1 79 81
3268	798300	-999	-999	-999	-999	-999	-999	-999	-999	-999	-999	-999	-999	-999	-999	-999	-999	-999	-999	-999	1	-999	-999	-999	-999	-999	-999	-999	-999	-999	-999	-999	-999	-999	-999	C 4 H 4 17 19
3268	931200	-999	-999	-999	-999	-999	-999	-999	-999	-999	-999	-999	-999	-999	-999	-999	-999	-999	-999	-999	1	-999	-999	-999	-999	-999	-999	-999	-999	-999	-999	-999	-999	-999	-999	B 5 H 1 79 81
3268	798300	-999	-999	-999	-999	-999	-999	-999	-999	-999	-999	-999	-999	-999	-999	-999	-999	-999	-999	-999	-999	0	-999	-999	-999	-999	-999	-999	-999	-999	-999	-999	-999	-999	-999	C 4 H 4 17 19
3268	931200	-999	-999	-999	-999	-999	-999	-999	-999	-999	-999	-999	-999	-999	-999	-999	-999	-999	-999	-999	-999	0	-999	-999	-999	-999	-999	-999	-999	-999	-999	-999	-999	-999	-999	B 5 H 1 79 81
3268	798300	-999	-999	-999	-999	-999	-999	-999	-999	-999	-999	-999	-999	-999	-999	-999	-999	-999	-999	-999	-999	-999	0	-999	-999	-999	-999	-999	-999	-999	-999	-999	-999	-999	-999	C 4 H 4 17 19
3268	931200	-999	-999	-999	-999	-999	-999	-999	-999	-999	-999	-999	-999	-999	-999	-999	-999	-999	-999	-999	-999	-999	0	-999	-999	-999	-999	-999	-999	-999	-999	-999	-999	-999	-999	B 5 H 1 79 81
3268	798300	-999	-999	-999	-999	-999	-999	-999	-999	-999	-999	-999	-999	-999	-999	-999	-999	-999	-999	-999	-999	-999	-999	408	-999	-999	-999	-999	-999	-999	-999	-999	-999	-999	-999	C 4 H 4 17 19
3268	931200	-999	-999	-999	-999	-999	-999	-999	-999	-999	-999	-999	-999	-999	-999	-999	-999	-999	-999	-999	-999	-999	-999	262	-999	-999	-999	-999	-999	-999	-999	-999	-999	-999	-999	B 5 H 1 79 81
3268	798300	-999	-999	-999	-999	-999	-999	-999	-999	-999	-999	-999	-999	-999	-999	-999	-999	-999	-999	-999	-999	-999	-999	-999	2	-999	-999	-999	-999	-999	-999	-999	-999	-999	-999	C 4 H 4 17 19
3268	931200	-999	-999	-999	-999	-999	-999	-999	-999	-999	-999	-999	-999	-999	-999	-999	-999	-999	-999	-999	-999	-999	-999	-999	9	-999	-999	-999	-999	-999	-999	-999	-999	-999	-999	B 5 H 1 79 81
3268	798300	-999	-999	-999	-999	-999	-999	-999	-999	-999	-999	-999	-999	-999	-999	-999	-999	-999	-999	-999	-999	-999	-999	-999	-999	15	-999	-999	-999	-999	-999	-999	-999	-999	-999	C 4 H 4 17 19
3268	931200	-999	-999	-999	-999	-999	-999	-999	-999	-999	-999	-999	-999	-999	-999	-999	-999	-999	-999	-999	-999	-999	-999	-999	-999	126	-999	-999	-999	-999	-999	-999	-999	-999	-999	B 5 H 1 79 81
3268	798300	-999	-999	-999	-999	-999	-999	-999	-999	-999	-999	-999	-999	-999	-999	-999	-999	-999	-999	-999	-999	-999	-999	-999	-999	-999	0	-999	-999	-999	-999	-999	-999	-999	-999	C 4 H 4 17 19
3268	931200	-999	-999	-999	-999	-999	-999	-999	-999	-999	-999	-999	-999	-999	-999	-999	-999	-999	-999	-999	-999	-999	-999	-999	-999	-999	0	-999	-999	-999	-999	-999	-999	-999	-999	B 5 H 1 79 81
3268	798300	-999	-999	-999	-999	-999	-999	-999	-999	-999	-999	-999	-999	-999	-999	-999	-999	-999	-999	-999	-999	-999	-999	-999	-999	-999	-999	0	-999	-999	-999	-999	-999	-999	-999	C 4 H 4 17 19
3268	931200	-999	-999	-999	-999	-999	-999	-999	-999	-999	-999	-999	-999	-999	-999	-999	-999	-999	-999	-999	-999	-999	-999	-999	-999	-999	-999	0	-999	-999	-999	-999	-999	-999	-999	B 5 H 1 79 81
3268	798300	-999	-999	-999	-999	-999	-999	-999	-999	-999	-999	-999	-999	-999	-999	-999	-999	-999	-999	-999	-999	-999	-999	-999	-999	-999	-999	-999	10.408	-999	-999	-999	-999	-999	-999	C 4 H 4 17 19
3268	931200	-999	-999	-999	-999	-999	-999	-999	-999	-999	-999	-999	-999	-999	-999	-999	-999	-999	-999	-999	-999	-999	-999	-999	-999	-999	-999	-999	15.826	-999	-999	-999	-999	-999	-999	B 5 H 1 79 81
3268	798300	-999	-999	-999	-999	-999	-999	-999	-999	-999	-999	-999	-999	-999	-999	-999	-999	-999	-999	-999	-999	-999	-999	-999	-999	-999	-999	-999	-999	0	-999	-999	-999	-999	-999	C 4 H 4 17 19
3268	931200	-999	-999	-999	-999	-999	-999	-999	-999	-999	-999	-999	-999	-999	-999	-999	-999	-999	-999	-999	-999	-999	-999	-999	-999	-999	-999	-999	-999	0	-999	-999	-999	-999	-999	B 5 H 1 79 81
3268	798300	-999	-999	-999	-999	-999	-999	-999	-999	-999	-999	-999	-999	-999	-999	-999	-999	-999	-999	-999	-999	-999	-999	-999	-999	-999	-999	-999	-999	-999	13	-999	-999	-999	-999	C 4 H 4 17 19
3268	931200	-999	-999	-999	-999	-999	-999	-999	-999	-999	-999	-999	-999	-999	-999	-999	-999	-999	-999	-999	-999	-999	-999	-999	-999	-999	-999	-999	-999	-999	0	-999	-999	-999	-999	B 5 H 1 79 81
3268	798300	-999	-999	-999	-999	-999	-999	-999	-999	-999	-999	-999	-999	-999	-999	-999	-999	-999	-999	-999	-999	-999	-999	-999	-999	-999	-999	-999	-999	-999	-999	3	-999	-999	-999	C 4 H 4 17 19
3268	931200	-999	-999	-999	-999	-999	-999	-999	-999	-999	-999	-999	-999	-999	-999	-999	-999	-999	-999	-999	-999	-999	-999	-999	-999	-999	-999	-999	-999	-999	-999	2	-999	-999	-999	B 5 H 1 79 81
3268	798300	-999	-999	-999	-999	-999	-999	-999	-999	-999	-999	-999	-999	-999	-999	-999	-999	-999	-999	-999	-999	-999	-999	-999	-999	-999	-999	-999	-999	-999	-999	-999	62	-999	-999	C 4 H 4 17 19
3268	931200	-999	-999	-999	-999	-999	-999	-999	-999	-999	-999	-999	-999	-999	-999	-999	-999	-999	-999	-999	-999	-999	-999	-999	-999	-999	-999	-999	-999	-999	-999	-999	15	-999	-999	B 5 H 1 79 81
3268	798300	-999	-999	-999	-999	-999	-999	-999	-999	-999	-999	-999	-999	-999	-999	-999	-999	-999	-999	-999	-999	-999	-999	-999	-999	-999	-999	-999	-999	-999	-999	-999	-999	0	-999	C 4 H 4 17 19
3268	931200	-999	-999	-999	-999	-999	-999	-999	-999	-999	-999	-999	-999	-999	-999	-999	-999	-999	-999	-999	-999	-999	-999	-999	-999	-999	-999	-999	-999	-999	-999	-999	-999	0	-999	B 5 H 1 79 81
3268	798300	-999	-999	-999	-999	-999	-999	-999	-999	-999	-999	-999	-999	-999	-999	-999	-999	-999	-999	-999	-999	-999	-999	-999	-999	-999	-999	-999	-999	-999	-999	-999	-999	-999	0	C 4 H 4 17 19
3268	931200	-999	-999	-999	-999	-999	-999	-999	-999	-999	-999	-999	-999	-999	-999	-999	-999	-999	-999	-999	-999	-999	-999	-999	-999	-999	-999	-999	-999	-999	-999	-999	-999	-999	0	B 5 H 1 79 81
3273	932600	0	0	0	15	201	5.6	3	53	0	0	14	129	0	0	2	0	0	160	19	6	0	0	410	6	53	0	0	15.522	0	1	1	24	0	0	B 5 H 1 84 86
3278	801000	0	-999	-999	-999	-999	-999	-999	-999	-999	-999	-999	-999	-999	-999	-999	-999	-999	-999	-999	-999	-999	-999	-999	-999	-999	-999	-999	-999	-999	-999	-999	-999	-999	-999	C 4 H 4 27 29
3278	934000	0	-999	-999	-999	-999	-999	-999	-999	-999	-999	-999	-999	-999	-999	-999	-999	-999	-999	-999	-999	-999	-999	-999	-999	-999	-999	-999	-999	-999	-999	-999	-999	-999	-999	B 5 H 1 88 90
3278	801000	-999	0	-999	-999	-999	-999	-999	-999	-999	-999	-999	-999	-999	-999	-999	-999	-999	-999	-999	-999	-999	-999	-999	-999	-999	-999	-999	-999	-999	-999	-999	-999	-999	-999	C 4 H 4 27 29
3278	934000	-999	0	-999	-999	-999	-999	-999	-999	-999	-999	-999	-999	-999	-999	-999	-999	-999	-999	-999	-999	-999	-999	-999	-999	-999	-999	-999	-999	-999	-999	-999	-999	-999	-999	B 5 H 1 88 90
3278	801000	-999	-999	0	-999	-999	-999	-999	-999	-999	-999	-999	-999	-999	-999	-999	-999	-999	-999	-999	-999	-999	-999	-999	-999	-999	-999	-999	-999	-999	-999	-999	-999	-999	-999	C 4 H 4 27 29
3278	934000	-999	-999	1	-999	-999	-999	-999	-999	-999	-999	-999	-999	-999	-999	-999	-999	-999	-999	-999	-999	-999	-999	-999	-999	-999	-999	-999	-999	-999	-999	-999	-999	-999	-999	B 5 H 1 88 90
3278	801000	-999	-999	-999	8	-999	-999	-999	-999	-999	-999	-999	-999	-999	-999	-999	-999	-999	-999	-999	-999	-999	-999	-999	-999	-999	-999	-999	-999	-999	-999	-999	-999	-999	-999	C 4 H 4 27 29
3278	934000	-999	-999	-999	12	-999	-999	-999	-999	-999	-999	-999	-999	-999	-999	-999	-999	-999	-999	-999	-999	-999	-999	-999	-999	-999	-999	-999	-999	-999	-999	-999	-999	-999	-999	B 5 H 1 88 90
3278	801000	-999	-999	-999	-999	177	-999	-999	-999	-999	-999	-999	-999	-999	-999	-999	-999	-999	-999	-999	-999	-999	-999	-999	-999	-999	-999	-999	-999	-999	-999	-999	-999	-999	-999	C 4 H 4 27 29
3278	934000	-999	-999	-999	-999	156	-999	-999	-999	-999	-999	-999	-999	-999	-999	-999	-999	-999	-999	-999	-999	-999	-999	-999	-999	-999	-999	-999	-999	-999	-999	-999	-999	-999	-999	B 5 H 1 88 90
3278	801000	-999	-999	-999	-999	-999	6	-999	-999	-999	-999	-999	-999	-999	-999	-999	-999	-999	-999	-999	-999	-999	-999	-999	-999	-999	-999	-999	-999	-999	-999	-999	-999	-999	-999	C 4 H 4 27 29
3278	934000	-999	-999	-999	-999	-999	5.2	-999	-999	-999	-999	-999	-999	-999	-999	-999	-999	-999	-999	-999	-999	-999	-999	-999	-999	-999	-999	-999	-999	-999	-999	-999	-999	-999	-999	B 5 H 1 88 90
3278	801000	-999	-999	-999	-999	-999	-999	0	-999	-999	-999	-999	-999	-999	-999	-999	-999	-999	-999	-999	-999	-999	-999	-999	-999	-999	-999	-999	-999	-999	-999	-999	-999	-999	-999	C 4 H 4 27 29
3278	934000	-999	-999	-999	-999	-999	-999	1	-999	-999	-999	-999	-999	-999	-999	-999	-999	-999	-999	-999	-999	-999	-999	-999	-999	-999	-999	-999	-999	-999	-999	-999	-999	-999	-999	B 5 H 1 88 90
3278	801000	-999	-999	-999	-999	-999	-999	-999	55	-999	-999	-999	-999	-999	-999	-999	-999	-999	-999	-999	-999	-999	-999	-999	-999	-999	-999	-999	-999	-999	-999	-999	-999	-999	-999	C 4 H 4 27 29
3278	934000	-999	-999	-999	-999	-999	-999	-999	51	-999	-999	-999	-999	-999	-999	-999	-999	-999	-999	-999	-999	-999	-999	-999	-999	-999	-999	-999	-999	-999	-999	-999	-999	-999	-999	B 5 H 1 88 90
3278	801000	-999	-999	-999	-999	-999	-999	-999	-999	0	-999	-999	-999	-999	-999	-999	-999	-999	-999	-999	-999	-999	-999	-999	-999	-999	-999	-999	-999	-999	-999	-999	-999	-999	-999	C 4 H 4 27 29
3278	934000	-999	-999	-999	-999	-999	-999	-999	-999	0	-999	-999	-999	-999	-999	-999	-999	-999	-999	-999	-999	-999	-999	-999	-999	-999	-999	-999	-999	-999	-999	-999	-999	-999	-999	B 5 H 1 88 90
3278	801000	-999	-999	-999	-999	-999	-999	-999	-999	-999	1	-999	-999	-999	-999	-999	-999	-999	-999	-999	-999	-999	-999	-999	-999	-999	-999	-999	-999	-999	-999	-999	-999	-999	-999	C 4 H 4 27 29
3278	934000	-999	-999	-999	-999	-999	-999	-999	-999	-999	1	-999	-999	-999	-999	-999	-999	-999	-999	-999	-999	-999	-999	-999	-999	-999	-999	-999	-999	-999	-999	-999	-999	-999	-999	B 5 H 1 88 90
3278	801000	-999	-999	-999	-999	-999	-999	-999	-999	-999	-999	33	-999	-999	-999	-999	-999	-999	-999	-999	-999	-999	-999	-999	-999	-999	-999	-999	-999	-999	-999	-999	-999	-999	-999	C 4 H 4 27 29
3278	934000	-999	-999	-999	-999	-999	-999	-999	-999	-999	-999	4	-999	-999	-999	-999	-999	-999	-999	-999	-999	-999	-999	-999	-999	-999	-999	-999	-999	-999	-999	-999	-999	-999	-999	B 5 H 1 88 90
3278	801000	-999	-999	-999	-999	-999	-999	-999	-999	-999	-999	-999	53	-999	-999	-999	-999	-999	-999	-999	-999	-999	-999	-999	-999	-999	-999	-999	-999	-999	-999	-999	-999	-999	-999	C 4 H 4 27 29
3278	934000	-999	-999	-999	-999	-999	-999	-999	-999	-999	-999	-999	100	-999	-999	-999	-999	-999	-999	-999	-999	-999	-999	-999	-999	-999	-999	-999	-999	-999	-999	-999	-999	-999	-999	B 5 H 1 88 90
3278	801000	-999	-999	-999	-999	-999	-999	-999	-999	-999	-999	-999	-999	4	-999	-999	-999	-999	-999	-999	-999	-999	-999	-999	-999	-999	-999	-999	-999	-999	-999	-999	-999	-999	-999	C 4 H 4 27 29
3278	934000	-999	-999	-999	-999	-999	-999	-999	-999	-999	-999	-999	-999	0	-999	-999	-999	-999	-999	-999	-999	-999	-999	-999	-999	-999	-999	-999	-999	-999	-999	-999	-999	-999	-999	B 5 H 1 88 90
3278	801000	-999	-999	-999	-999	-999	-999	-999	-999	-999	-999	-999	-999	-999	0	-999	-999	-999	-999	-999	-999	-999	-999	-999	-999	-999	-999	-999	-999	-999	-999	-999	-999	-999	-999	C 4 H 4 27 29
3278	934000	-999	-999	-999	-999	-999	-999	-999	-999	-999	-999	-999	-999	-999	0	-999	-999	-999	-999	-999	-999	-999	-999	-999	-999	-999	-999	-999	-999	-999	-999	-999	-999	-999	-999	B 5 H 1 88 90
3278	801000	-999	-999	-999	-999	-999	-999	-999	-999	-999	-999	-999	-999	-999	-999	0	-999	-999	-999	-999	-999	-999	-999	-999	-999	-999	-999	-999	-999	-999	-999	-999	-999	-999	-999	C 4 H 4 27 29
3278	934000	-999	-999	-999	-999	-999	-999	-999	-999	-999	-999	-999	-999	-999	-999	3	-999	-999	-999	-999	-999	-999	-999	-999	-999	-999	-999	-999	-999	-999	-999	-999	-999	-999	-999	B 5 H 1 88 90
3278	801000	-999	-999	-999	-999	-999	-999	-999	-999	-999	-999	-999	-999	-999	-999	-999	0	-999	-999	-999	-999	-999	-999	-999	-999	-999	-999	-999	-999	-999	-999	-999	-999	-999	-999	C 4 H 4 27 29
3278	934000	-999	-999	-999	-999	-999	-999	-999	-999	-999	-999	-999	-999	-999	-999	-999	0	-999	-999	-999	-999	-999	-999	-999	-999	-999	-999	-999	-999	-999	-999	-999	-999	-999	-999	B 5 H 1 88 90
3278	801000	-999	-999	-999	-999	-999	-999	-999	-999	-999	-999	-999	-999	-999	-999	-999	-999	2	-999	-999	-999	-999	-999	-999	-999	-999	-999	-999	-999	-999	-999	-999	-999	-999	-999	C 4 H 4 27 29
3278	934000	-999	-999	-999	-999	-999	-999	-999	-999	-999	-999	-999	-999	-999	-999	-999	-999	0	-999	-999	-999	-999	-999	-999	-999	-999	-999	-999	-999	-999	-999	-999	-999	-999	-999	B 5 H 1 88 90
3278	801000	-999	-999	-999	-999	-999	-999	-999	-999	-999	-999	-999	-999	-999	-999	-999	-999	-999	79	-999	-999	-999	-999	-999	-999	-999	-999	-999	-999	-999	-999	-999	-999	-999	-999	C 4 H 4 27 29
3278	934000	-999	-999	-999	-999	-999	-999	-999	-999	-999	-999	-999	-999	-999	-999	-999	-999	-999	146	-999	-999	-999	-999	-999	-999	-999	-999	-999	-999	-999	-999	-999	-999	-999	-999	B 5 H 1 88 90
3278	801000	-999	-999	-999	-999	-999	-999	-999	-999	-999	-999	-999	-999	-999	-999	-999	-999	-999	-999	77	-999	-999	-999	-999	-999	-999	-999	-999	-999	-999	-999	-999	-999	-999	-999	C 4 H 4 27 29
3278	934000	-999	-999	-999	-999	-999	-999	-999	-999	-999	-999	-999	-999	-999	-999	-999	-999	-999	-999	13	-999	-999	-999	-999	-999	-999	-999	-999	-999	-999	-999	-999	-999	-999	-999	B 5 H 1 88 90
3278	801000	-999	-999	-999	-999	-999	-999	-999	-999	-999	-999	-999	-999	-999	-999	-999	-999	-999	-999	-999	0	-999	-999	-999	-999	-999	-999	-999	-999	-999	-999	-999	-999	-999	-999	C 4 H 4 27 29
3278	934000	-999	-999	-999	-999	-999	-999	-999	-999	-999	-999	-999	-999	-999	-999	-999	-999	-999	-999	-999	6	-999	-999	-999	-999	-999	-999	-999	-999	-999	-999	-999	-999	-999	-999	B 5 H 1 88 90
3278	801000	-999	-999	-999	-999	-999	-999	-999	-999	-999	-999	-999	-999	-999	-999	-999	-999	-999	-999	-999	-999	1	-999	-999	-999	-999	-999	-999	-999	-999	-999	-999	-999	-999	-999	C 4 H 4 27 29
3278	934000	-999	-999	-999	-999	-999	-999	-999	-999	-999	-999	-999	-999	-999	-999	-999	-999	-999	-999	-999	-999	0	-999	-999	-999	-999	-999	-999	-999	-999	-999	-999	-999	-999	-999	B 5 H 1 88 90
3278	801000	-999	-999	-999	-999	-999	-999	-999	-999	-999	-999	-999	-999	-999	-999	-999	-999	-999	-999	-999	-999	-999	0	-999	-999	-999	-999	-999	-999	-999	-999	-999	-999	-999	-999	C 4 H 4 27 29
3278	934000	-999	-999	-999	-999	-999	-999	-999	-999	-999	-999	-999	-999	-999	-999	-999	-999	-999	-999	-999	-999	-999	0	-999	-999	-999	-999	-999	-999	-999	-999	-999	-999	-999	-999	B 5 H 1 88 90
3278	801000	-999	-999	-999	-999	-999	-999	-999	-999	-999	-999	-999	-999	-999	-999	-999	-999	-999	-999	-999	-999	-999	-999	341	-999	-999	-999	-999	-999	-999	-999	-999	-999	-999	-999	C 4 H 4 27 29
3278	934000	-999	-999	-999	-999	-999	-999	-999	-999	-999	-999	-999	-999	-999	-999	-999	-999	-999	-999	-999	-999	-999	-999	342	-999	-999	-999	-999	-999	-999	-999	-999	-999	-999	-999	B 5 H 1 88 90
3278	801000	-999	-999	-999	-999	-999	-999	-999	-999	-999	-999	-999	-999	-999	-999	-999	-999	-999	-999	-999	-999	-999	-999	-999	0	-999	-999	-999	-999	-999	-999	-999	-999	-999	-999	C 4 H 4 27 29
3278	934000	-999	-999	-999	-999	-999	-999	-999	-999	-999	-999	-999	-999	-999	-999	-999	-999	-999	-999	-999	-999	-999	-999	-999	4	-999	-999	-999	-999	-999	-999	-999	-999	-999	-999	B 5 H 1 88 90
3278	801000	-999	-999	-999	-999	-999	-999	-999	-999	-999	-999	-999	-999	-999	-999	-999	-999	-999	-999	-999	-999	-999	-999	-999	-999	16	-999	-999	-999	-999	-999	-999	-999	-999	-999	C 4 H 4 27 29
3278	934000	-999	-999	-999	-999	-999	-999	-999	-999	-999	-999	-999	-999	-999	-999	-999	-999	-999	-999	-999	-999	-999	-999	-999	-999	32	-999	-999	-999	-999	-999	-999	-999	-999	-999	B 5 H 1 88 90
3278	801000	-999	-999	-999	-999	-999	-999	-999	-999	-999	-999	-999	-999	-999	-999	-999	-999	-999	-999	-999	-999	-999	-999	-999	-999	-999	0	-999	-999	-999	-999	-999	-999	-999	-999	C 4 H 4 27 29
3278	934000	-999	-999	-999	-999	-999	-999	-999	-999	-999	-999	-999	-999	-999	-999	-999	-999	-999	-999	-999	-999	-999	-999	-999	-999	-999	0	-999	-999	-999	-999	-999	-999	-999	-999	B 5 H 1 88 90
3278	801000	-999	-999	-999	-999	-999	-999	-999	-999	-999	-999	-999	-999	-999	-999	-999	-999	-999	-999	-999	-999	-999	-999	-999	-999	-999	-999	0	-999	-999	-999	-999	-999	-999	-999	C 4 H 4 27 29
3278	934000	-999	-999	-999	-999	-999	-999	-999	-999	-999	-999	-999	-999	-999	-999	-999	-999	-999	-999	-999	-999	-999	-999	-999	-999	-999	-999	0	-999	-999	-999	-999	-999	-999	-999	B 5 H 1 88 90
3278	801000	-999	-999	-999	-999	-999	-999	-999	-999	-999	-999	-999	-999	-999	-999	-999	-999	-999	-999	-999	-999	-999	-999	-999	-999	-999	-999	-999	9.727	-999	-999	-999	-999	-999	-999	C 4 H 4 27 29
3278	934000	-999	-999	-999	-999	-999	-999	-999	-999	-999	-999	-999	-999	-999	-999	-999	-999	-999	-999	-999	-999	-999	-999	-999	-999	-999	-999	-999	15.577	-999	-999	-999	-999	-999	-999	B 5 H 1 88 90
3278	801000	-999	-999	-999	-999	-999	-999	-999	-999	-999	-999	-999	-999	-999	-999	-999	-999	-999	-999	-999	-999	-999	-999	-999	-999	-999	-999	-999	-999	0	-999	-999	-999	-999	-999	C 4 H 4 27 29
3278	934000	-999	-999	-999	-999	-999	-999	-999	-999	-999	-999	-999	-999	-999	-999	-999	-999	-999	-999	-999	-999	-999	-999	-999	-999	-999	-999	-999	-999	0	-999	-999	-999	-999	-999	B 5 H 1 88 90
3278	801000	-999	-999	-999	-999	-999	-999	-999	-999	-999	-999	-999	-999	-999	-999	-999	-999	-999	-999	-999	-999	-999	-999	-999	-999	-999	-999	-999	-999	-999	3	-999	-999	-999	-999	C 4 H 4 27 29
3278	934000	-999	-999	-999	-999	-999	-999	-999	-999	-999	-999	-999	-999	-999	-999	-999	-999	-999	-999	-999	-999	-999	-999	-999	-999	-999	-999	-999	-999	-999	1	-999	-999	-999	-999	B 5 H 1 88 90
3278	801000	-999	-999	-999	-999	-999	-999	-999	-999	-999	-999	-999	-999	-999	-999	-999	-999	-999	-999	-999	-999	-999	-999	-999	-999	-999	-999	-999	-999	-999	-999	0	-999	-999	-999	C 4 H 4 27 29
3278	934000	-999	-999	-999	-999	-999	-999	-999	-999	-999	-999	-999	-999	-999	-999	-999	-999	-999	-999	-999	-999	-999	-999	-999	-999	-999	-999	-999	-999	-999	-999	3	-999	-999	-999	B 5 H 1 88 90
3278	801000	-999	-999	-999	-999	-999	-999	-999	-999	-999	-999	-999	-999	-999	-999	-999	-999	-999	-999	-999	-999	-999	-999	-999	-999	-999	-999	-999	-999	-999	-999	-999	34	-999	-999	C 4 H 4 27 29
3278	934000	-999	-999	-999	-999	-999	-999	-999	-999	-999	-999	-999	-999	-999	-999	-999	-999	-999	-999	-999	-999	-999	-999	-999	-999	-999	-999	-999	-999	-999	-999	-999	16	-999	-999	B 5 H 1 88 90
3278	801000	-999	-999	-999	-999	-999	-999	-999	-999	-999	-999	-999	-999	-999	-999	-999	-999	-999	-999	-999	-999	-999	-999	-999	-999	-999	-999	-999	-999	-999	-999	-999	-999	0	-999	C 4 H 4 27 29
3278	934000	-999	-999	-999	-999	-999	-999	-999	-999	-999	-999	-999	-999	-999	-999	-999	-999	-999	-999	-999	-999	-999	-999	-999	-999	-999	-999	-999	-999	-999	-999	-999	-999	0	-999	B 5 H 1 88 90
3278	801000	-999	-999	-999	-999	-999	-999	-999	-999	-999	-999	-999	-999	-999	-999	-999	-999	-999	-999	-999	-999	-999	-999	-999	-999	-999	-999	-999	-999	-999	-999	-999	-999	-999	0	C 4 H 4 27 29
3278	934000	-999	-999	-999	-999	-999	-999	-999	-999	-999	-999	-999	-999	-999	-999	-999	-999	-999	-999	-999	-999	-999	-999	-999	-999	-999	-999	-999	-999	-999	-999	-999	-999	-999	0	B 5 H 1 88 90
3283	935400	1	0	0	9	133	4.4	2	37	0	0	3	92	0	0	2	0	1	171	16	2	0	0	351	8	74	0	0	16.005	0	0	3	23	0	0	B 5 H 1 93 95
3288	803700	0	-999	-999	-999	-999	-999	-999	-999	-999	-999	-999	-999	-999	-999	-999	-999	-999	-999	-999	-999	-999	-999	-999	-999	-999	-999	-999	-999	-999	-999	-999	-999	-999	-999	C 4 H 4 37 39
3288	936800	1	-999	-999	-999	-999	-999	-999	-999	-999	-999	-999	-999	-999	-999	-999	-999	-999	-999	-999	-999	-999	-999	-999	-999	-999	-999	-999	-999	-999	-999	-999	-999	-999	-999	B 5 H 1 96 99
3288	803700	-999	0	-999	-999	-999	-999	-999	-999	-999	-999	-999	-999	-999	-999	-999	-999	-999	-999	-999	-999	-999	-999	-999	-999	-999	-999	-999	-999	-999	-999	-999	-999	-999	-999	C 4 H 4 37 39
3288	936800	-999	0	-999	-999	-999	-999	-999	-999	-999	-999	-999	-999	-999	-999	-999	-999	-999	-999	-999	-999	-999	-999	-999	-999	-999	-999	-999	-999	-999	-999	-999	-999	-999	-999	B 5 H 1 96 99
3288	803700	-999	-999	0	-999	-999	-999	-999	-999	-999	-999	-999	-999	-999	-999	-999	-999	-999	-999	-999	-999	-999	-999	-999	-999	-999	-999	-999	-999	-999	-999	-999	-999	-999	-999	C 4 H 4 37 39
3288	936800	-999	-999	0	-999	-999	-999	-999	-999	-999	-999	-999	-999	-999	-999	-999	-999	-999	-999	-999	-999	-999	-999	-999	-999	-999	-999	-999	-999	-999	-999	-999	-999	-999	-999	B 5 H 1 96 99
3288	803700	-999	-999	-999	12	-999	-999	-999	-999	-999	-999	-999	-999	-999	-999	-999	-999	-999	-999	-999	-999	-999	-999	-999	-999	-999	-999	-999	-999	-999	-999	-999	-999	-999	-999	C 4 H 4 37 39
3288	936800	-999	-999	-999	7	-999	-999	-999	-999	-999	-999	-999	-999	-999	-999	-999	-999	-999	-999	-999	-999	-999	-999	-999	-999	-999	-999	-999	-999	-999	-999	-999	-999	-999	-999	B 5 H 1 96 99
3288	803700	-999	-999	-999	-999	187	-999	-999	-999	-999	-999	-999	-999	-999	-999	-999	-999	-999	-999	-999	-999	-999	-999	-999	-999	-999	-999	-999	-999	-999	-999	-999	-999	-999	-999	C 4 H 4 37 39
3288	936800	-999	-999	-999	-999	171	-999	-999	-999	-999	-999	-999	-999	-999	-999	-999	-999	-999	-999	-999	-999	-999	-999	-999	-999	-999	-999	-999	-999	-999	-999	-999	-999	-999	-999	B 5 H 1 96 99
3288	803700	-999	-999	-999	-999	-999	3.8	-999	-999	-999	-999	-999	-999	-999	-999	-999	-999	-999	-999	-999	-999	-999	-999	-999	-999	-999	-999	-999	-999	-999	-999	-999	-999	-999	-999	C 4 H 4 37 39
3288	936800	-999	-999	-999	-999	-999	5.8	-999	-999	-999	-999	-999	-999	-999	-999	-999	-999	-999	-999	-999	-999	-999	-999	-999	-999	-999	-999	-999	-999	-999	-999	-999	-999	-999	-999	B 5 H 1 96 99
3288	803700	-999	-999	-999	-999	-999	-999	2	-999	-999	-999	-999	-999	-999	-999	-999	-999	-999	-999	-999	-999	-999	-999	-999	-999	-999	-999	-999	-999	-999	-999	-999	-999	-999	-999	C 4 H 4 37 39
3288	936800	-999	-999	-999	-999	-999	-999	1	-999	-999	-999	-999	-999	-999	-999	-999	-999	-999	-999	-999	-999	-999	-999	-999	-999	-999	-999	-999	-999	-999	-999	-999	-999	-999	-999	B 5 H 1 96 99
3288	803700	-999	-999	-999	-999	-999	-999	-999	83	-999	-999	-999	-999	-999	-999	-999	-999	-999	-999	-999	-999	-999	-999	-999	-999	-999	-999	-999	-999	-999	-999	-999	-999	-999	-999	C 4 H 4 37 39
3288	936800	-999	-999	-999	-999	-999	-999	-999	55	-999	-999	-999	-999	-999	-999	-999	-999	-999	-999	-999	-999	-999	-999	-999	-999	-999	-999	-999	-999	-999	-999	-999	-999	-999	-999	B 5 H 1 96 99
3288	803700	-999	-999	-999	-999	-999	-999	-999	-999	1	-999	-999	-999	-999	-999	-999	-999	-999	-999	-999	-999	-999	-999	-999	-999	-999	-999	-999	-999	-999	-999	-999	-999	-999	-999	C 4 H 4 37 39
3288	936800	-999	-999	-999	-999	-999	-999	-999	-999	0	-999	-999	-999	-999	-999	-999	-999	-999	-999	-999	-999	-999	-999	-999	-999	-999	-999	-999	-999	-999	-999	-999	-999	-999	-999	B 5 H 1 96 99
3288	803700	-999	-999	-999	-999	-999	-999	-999	-999	-999	6	-999	-999	-999	-999	-999	-999	-999	-999	-999	-999	-999	-999	-999	-999	-999	-999	-999	-999	-999	-999	-999	-999	-999	-999	C 4 H 4 37 39
3288	936800	-999	-999	-999	-999	-999	-999	-999	-999	-999	0	-999	-999	-999	-999	-999	-999	-999	-999	-999	-999	-999	-999	-999	-999	-999	-999	-999	-999	-999	-999	-999	-999	-999	-999	B 5 H 1 96 99
3288	803700	-999	-999	-999	-999	-999	-999	-999	-999	-999	-999	51	-999	-999	-999	-999	-999	-999	-999	-999	-999	-999	-999	-999	-999	-999	-999	-999	-999	-999	-999	-999	-999	-999	-999	C 4 H 4 37 39
3288	936800	-999	-999	-999	-999	-999	-999	-999	-999	-999	-999	9	-999	-999	-999	-999	-999	-999	-999	-999	-999	-999	-999	-999	-999	-999	-999	-999	-999	-999	-999	-999	-999	-999	-999	B 5 H 1 96 99
3288	803700	-999	-999	-999	-999	-999	-999	-999	-999	-999	-999	-999	158	-999	-999	-999	-999	-999	-999	-999	-999	-999	-999	-999	-999	-999	-999	-999	-999	-999	-999	-999	-999	-999	-999	C 4 H 4 37 39
3288	936800	-999	-999	-999	-999	-999	-999	-999	-999	-999	-999	-999	101	-999	-999	-999	-999	-999	-999	-999	-999	-999	-999	-999	-999	-999	-999	-999	-999	-999	-999	-999	-999	-999	-999	B 5 H 1 96 99
3288	803700	-999	-999	-999	-999	-999	-999	-999	-999	-999	-999	-999	-999	2	-999	-999	-999	-999	-999	-999	-999	-999	-999	-999	-999	-999	-999	-999	-999	-999	-999	-999	-999	-999	-999	C 4 H 4 37 39
3288	936800	-999	-999	-999	-999	-999	-999	-999	-999	-999	-999	-999	-999	0	-999	-999	-999	-999	-999	-999	-999	-999	-999	-999	-999	-999	-999	-999	-999	-999	-999	-999	-999	-999	-999	B 5 H 1 96 99
3288	803700	-999	-999	-999	-999	-999	-999	-999	-999	-999	-999	-999	-999	-999	0	-999	-999	-999	-999	-999	-999	-999	-999	-999	-999	-999	-999	-999	-999	-999	-999	-999	-999	-999	-999	C 4 H 4 37 39
3288	936800	-999	-999	-999	-999	-999	-999	-999	-999	-999	-999	-999	-999	-999	0	-999	-999	-999	-999	-999	-999	-999	-999	-999	-999	-999	-999	-999	-999	-999	-999	-999	-999	-999	-999	B 5 H 1 96 99
3288	803700	-999	-999	-999	-999	-999	-999	-999	-999	-999	-999	-999	-999	-999	-999	0	-999	-999	-999	-999	-999	-999	-999	-999	-999	-999	-999	-999	-999	-999	-999	-999	-999	-999	-999	C 4 H 4 37 39
3288	936800	-999	-999	-999	-999	-999	-999	-999	-999	-999	-999	-999	-999	-999	-999	5	-999	-999	-999	-999	-999	-999	-999	-999	-999	-999	-999	-999	-999	-999	-999	-999	-999	-999	-999	B 5 H 1 96 99
3288	803700	-999	-999	-999	-999	-999	-999	-999	-999	-999	-999	-999	-999	-999	-999	-999	0	-999	-999	-999	-999	-999	-999	-999	-999	-999	-999	-999	-999	-999	-999	-999	-999	-999	-999	C 4 H 4 37 39
3288	936800	-999	-999	-999	-999	-999	-999	-999	-999	-999	-999	-999	-999	-999	-999	-999	0	-999	-999	-999	-999	-999	-999	-999	-999	-999	-999	-999	-999	-999	-999	-999	-999	-999	-999	B 5 H 1 96 99
3288	803700	-999	-999	-999	-999	-999	-999	-999	-999	-999	-999	-999	-999	-999	-999	-999	-999	4	-999	-999	-999	-999	-999	-999	-999	-999	-999	-999	-999	-999	-999	-999	-999	-999	-999	C 4 H 4 37 39
3288	936800	-999	-999	-999	-999	-999	-999	-999	-999	-999	-999	-999	-999	-999	-999	-999	-999	2	-999	-999	-999	-999	-999	-999	-999	-999	-999	-999	-999	-999	-999	-999	-999	-999	-999	B 5 H 1 96 99
3288	803700	-999	-999	-999	-999	-999	-999	-999	-999	-999	-999	-999	-999	-999	-999	-999	-999	-999	101	-999	-999	-999	-999	-999	-999	-999	-999	-999	-999	-999	-999	-999	-999	-999	-999	C 4 H 4 37 39
3288	936800	-999	-999	-999	-999	-999	-999	-999	-999	-999	-999	-999	-999	-999	-999	-999	-999	-999	140	-999	-999	-999	-999	-999	-999	-999	-999	-999	-999	-999	-999	-999	-999	-999	-999	B 5 H 1 96 99
3288	803700	-999	-999	-999	-999	-999	-999	-999	-999	-999	-999	-999	-999	-999	-999	-999	-999	-999	-999	102	-999	-999	-999	-999	-999	-999	-999	-999	-999	-999	-999	-999	-999	-999	-999	C 4 H 4 37 39
3288	936800	-999	-999	-999	-999	-999	-999	-999	-999	-999	-999	-999	-999	-999	-999	-999	-999	-999	-999	11	-999	-999	-999	-999	-999	-999	-999	-999	-999	-999	-999	-999	-999	-999	-999	B 5 H 1 96 99
3288	803700	-999	-999	-999	-999	-999	-999	-999	-999	-999	-999	-999	-999	-999	-999	-999	-999	-999	-999	-999	2	-999	-999	-999	-999	-999	-999	-999	-999	-999	-999	-999	-999	-999	-999	C 4 H 4 37 39
3288	936800	-999	-999	-999	-999	-999	-999	-999	-999	-999	-999	-999	-999	-999	-999	-999	-999	-999	-999	-999	2	-999	-999	-999	-999	-999	-999	-999	-999	-999	-999	-999	-999	-999	-999	B 5 H 1 96 99
3288	803700	-999	-999	-999	-999	-999	-999	-999	-999	-999	-999	-999	-999	-999	-999	-999	-999	-999	-999	-999	-999	0	-999	-999	-999	-999	-999	-999	-999	-999	-999	-999	-999	-999	-999	C 4 H 4 37 39
3288	936800	-999	-999	-999	-999	-999	-999	-999	-999	-999	-999	-999	-999	-999	-999	-999	-999	-999	-999	-999	-999	0	-999	-999	-999	-999	-999	-999	-999	-999	-999	-999	-999	-999	-999	B 5 H 1 96 99
3288	803700	-999	-999	-999	-999	-999	-999	-999	-999	-999	-999	-999	-999	-999	-999	-999	-999	-999	-999	-999	-999	-999	0	-999	-999	-999	-999	-999	-999	-999	-999	-999	-999	-999	-999	C 4 H 4 37 39
3288	936800	-999	-999	-999	-999	-999	-999	-999	-999	-999	-999	-999	-999	-999	-999	-999	-999	-999	-999	-999	-999	-999	0	-999	-999	-999	-999	-999	-999	-999	-999	-999	-999	-999	-999	B 5 H 1 96 99
3288	803700	-999	-999	-999	-999	-999	-999	-999	-999	-999	-999	-999	-999	-999	-999	-999	-999	-999	-999	-999	-999	-999	-999	577	-999	-999	-999	-999	-999	-999	-999	-999	-999	-999	-999	C 4 H 4 37 39
3288	936800	-999	-999	-999	-999	-999	-999	-999	-999	-999	-999	-999	-999	-999	-999	-999	-999	-999	-999	-999	-999	-999	-999	341	-999	-999	-999	-999	-999	-999	-999	-999	-999	-999	-999	B 5 H 1 96 99
3288	803700	-999	-999	-999	-999	-999	-999	-999	-999	-999	-999	-999	-999	-999	-999	-999	-999	-999	-999	-999	-999	-999	-999	-999	2	-999	-999	-999	-999	-999	-999	-999	-999	-999	-999	C 4 H 4 37 39
3288	936800	-999	-999	-999	-999	-999	-999	-999	-999	-999	-999	-999	-999	-999	-999	-999	-999	-999	-999	-999	-999	-999	-999	-999	13	-999	-999	-999	-999	-999	-999	-999	-999	-999	-999	B 5 H 1 96 99
3288	803700	-999	-999	-999	-999	-999	-999	-999	-999	-999	-999	-999	-999	-999	-999	-999	-999	-999	-999	-999	-999	-999	-999	-999	-999	18	-999	-999	-999	-999	-999	-999	-999	-999	-999	C 4 H 4 37 39
3288	936800	-999	-999	-999	-999	-999	-999	-999	-999	-999	-999	-999	-999	-999	-999	-999	-999	-999	-999	-999	-999	-999	-999	-999	-999	52	-999	-999	-999	-999	-999	-999	-999	-999	-999	B 5 H 1 96 99
3288	803700	-999	-999	-999	-999	-999	-999	-999	-999	-999	-999	-999	-999	-999	-999	-999	-999	-999	-999	-999	-999	-999	-999	-999	-999	-999	0	-999	-999	-999	-999	-999	-999	-999	-999	C 4 H 4 37 39
3288	936800	-999	-999	-999	-999	-999	-999	-999	-999	-999	-999	-999	-999	-999	-999	-999	-999	-999	-999	-999	-999	-999	-999	-999	-999	-999	0	-999	-999	-999	-999	-999	-999	-999	-999	B 5 H 1 96 99
3288	803700	-999	-999	-999	-999	-999	-999	-999	-999	-999	-999	-999	-999	-999	-999	-999	-999	-999	-999	-999	-999	-999	-999	-999	-999	-999	-999	0	-999	-999	-999	-999	-999	-999	-999	C 4 H 4 37 39
3288	936800	-999	-999	-999	-999	-999	-999	-999	-999	-999	-999	-999	-999	-999	-999	-999	-999	-999	-999	-999	-999	-999	-999	-999	-999	-999	-999	0	-999	-999	-999	-999	-999	-999	-999	B 5 H 1 96 99
3288	803700	-999	-999	-999	-999	-999	-999	-999	-999	-999	-999	-999	-999	-999	-999	-999	-999	-999	-999	-999	-999	-999	-999	-999	-999	-999	-999	-999	9.908	-999	-999	-999	-999	-999	-999	C 4 H 4 37 39
3288	936800	-999	-999	-999	-999	-999	-999	-999	-999	-999	-999	-999	-999	-999	-999	-999	-999	-999	-999	-999	-999	-999	-999	-999	-999	-999	-999	-999	15.213	-999	-999	-999	-999	-999	-999	B 5 H 1 96 99
3288	803700	-999	-999	-999	-999	-999	-999	-999	-999	-999	-999	-999	-999	-999	-999	-999	-999	-999	-999	-999	-999	-999	-999	-999	-999	-999	-999	-999	-999	0	-999	-999	-999	-999	-999	C 4 H 4 37 39
3288	936800	-999	-999	-999	-999	-999	-999	-999	-999	-999	-999	-999	-999	-999	-999	-999	-999	-999	-999	-999	-999	-999	-999	-999	-999	-999	-999	-999	-999	0	-999	-999	-999	-999	-999	B 5 H 1 96 99
3288	803700	-999	-999	-999	-999	-999	-999	-999	-999	-999	-999	-999	-999	-999	-999	-999	-999	-999	-999	-999	-999	-999	-999	-999	-999	-999	-999	-999	-999	-999	8	-999	-999	-999	-999	C 4 H 4 37 39
3288	936800	-999	-999	-999	-999	-999	-999	-999	-999	-999	-999	-999	-999	-999	-999	-999	-999	-999	-999	-999	-999	-999	-999	-999	-999	-999	-999	-999	-999	-999	0	-999	-999	-999	-999	B 5 H 1 96 99
3288	803700	-999	-999	-999	-999	-999	-999	-999	-999	-999	-999	-999	-999	-999	-999	-999	-999	-999	-999	-999	-999	-999	-999	-999	-999	-999	-999	-999	-999	-999	-999	0	-999	-999	-999	C 4 H 4 37 39
3288	936800	-999	-999	-999	-999	-999	-999	-999	-999	-999	-999	-999	-999	-999	-999	-999	-999	-999	-999	-999	-999	-999	-999	-999	-999	-999	-999	-999	-999	-999	-999	1	-999	-999	-999	B 5 H 1 96 99
3288	803700	-999	-999	-999	-999	-999	-999	-999	-999	-999	-999	-999	-999	-999	-999	-999	-999	-999	-999	-999	-999	-999	-999	-999	-999	-999	-999	-999	-999	-999	-999	-999	57	-999	-999	C 4 H 4 37 39
3288	936800	-999	-999	-999	-999	-999	-999	-999	-999	-999	-999	-999	-999	-999	-999	-999	-999	-999	-999	-999	-999	-999	-999	-999	-999	-999	-999	-999	-999	-999	-999	-999	18	-999	-999	B 5 H 1 96 99
3288	803700	-999	-999	-999	-999	-999	-999	-999	-999	-999	-999	-999	-999	-999	-999	-999	-999	-999	-999	-999	-999	-999	-999	-999	-999	-999	-999	-999	-999	-999	-999	-999	-999	0	-999	C 4 H 4 37 39
3288	936800	-999	-999	-999	-999	-999	-999	-999	-999	-999	-999	-999	-999	-999	-999	-999	-999	-999	-999	-999	-999	-999	-999	-999	-999	-999	-999	-999	-999	-999	-999	-999	-999	0	-999	B 5 H 1 96 99
3288	803700	-999	-999	-999	-999	-999	-999	-999	-999	-999	-999	-999	-999	-999	-999	-999	-999	-999	-999	-999	-999	-999	-999	-999	-999	-999	-999	-999	-999	-999	-999	-999	-999	-999	0	C 4 H 4 37 39
3288	936800	-999	-999	-999	-999	-999	-999	-999	-999	-999	-999	-999	-999	-999	-999	-999	-999	-999	-999	-999	-999	-999	-999	-999	-999	-999	-999	-999	-999	-999	-999	-999	-999	-999	0	B 5 H 1 96 99
3294	938500	0	0	0	10	123	4.5	0	35	0	0	2	101	0	0	7	0	1	161	6	3	0	0	319	3	44	0	0	16.208	0	0	0	10	0	0	B 5 H 1 100 104
3298	806300	0	-999	-999	-999	-999	-999	-999	-999	-999	-999	-999	-999	-999	-999	-999	-999	-999	-999	-999	-999	-999	-999	-999	-999	-999	-999	-999	-999	-999	-999	-999	-999	-999	-999	C 4 H 4 47 49
3298	939600	0	-999	-999	-999	-999	-999	-999	-999	-999	-999	-999	-999	-999	-999	-999	-999	-999	-999	-999	-999	-999	-999	-999	-999	-999	-999	-999	-999	-999	-999	-999	-999	-999	-999	B 5 H 1 105 109
3298	806300	-999	2	-999	-999	-999	-999	-999	-999	-999	-999	-999	-999	-999	-999	-999	-999	-999	-999	-999	-999	-999	-999	-999	-999	-999	-999	-999	-999	-999	-999	-999	-999	-999	-999	C 4 H 4 47 49
3298	939600	-999	0	-999	-999	-999	-999	-999	-999	-999	-999	-999	-999	-999	-999	-999	-999	-999	-999	-999	-999	-999	-999	-999	-999	-999	-999	-999	-999	-999	-999	-999	-999	-999	-999	B 5 H 1 105 109
3298	806300	-999	-999	0	-999	-999	-999	-999	-999	-999	-999	-999	-999	-999	-999	-999	-999	-999	-999	-999	-999	-999	-999	-999	-999	-999	-999	-999	-999	-999	-999	-999	-999	-999	-999	C 4 H 4 47 49
3298	939600	-999	-999	0	-999	-999	-999	-999	-999	-999	-999	-999	-999	-999	-999	-999	-999	-999	-999	-999	-999	-999	-999	-999	-999	-999	-999	-999	-999	-999	-999	-999	-999	-999	-999	B 5 H 1 105 109
3298	806300	-999	-999	-999	4	-999	-999	-999	-999	-999	-999	-999	-999	-999	-999	-999	-999	-999	-999	-999	-999	-999	-999	-999	-999	-999	-999	-999	-999	-999	-999	-999	-999	-999	-999	C 4 H 4 47 49
3298	939600	-999	-999	-999	6	-999	-999	-999	-999	-999	-999	-999	-999	-999	-999	-999	-999	-999	-999	-999	-999	-999	-999	-999	-999	-999	-999	-999	-999	-999	-999	-999	-999	-999	-999	B 5 H 1 105 109
3298	806300	-999	-999	-999	-999	148	-999	-999	-999	-999	-999	-999	-999	-999	-999	-999	-999	-999	-999	-999	-999	-999	-999	-999	-999	-999	-999	-999	-999	-999	-999	-999	-999	-999	-999	C 4 H 4 47 49
3298	939600	-999	-999	-999	-999	160	-999	-999	-999	-999	-999	-999	-999	-999	-999	-999	-999	-999	-999	-999	-999	-999	-999	-999	-999	-999	-999	-999	-999	-999	-999	-999	-999	-999	-999	B 5 H 1 105 109
3298	806300	-999	-999	-999	-999	-999	4.8	-999	-999	-999	-999	-999	-999	-999	-999	-999	-999	-999	-999	-999	-999	-999	-999	-999	-999	-999	-999	-999	-999	-999	-999	-999	-999	-999	-999	C 4 H 4 47 49
3298	939600	-999	-999	-999	-999	-999	6.1	-999	-999	-999	-999	-999	-999	-999	-999	-999	-999	-999	-999	-999	-999	-999	-999	-999	-999	-999	-999	-999	-999	-999	-999	-999	-999	-999	-999	B 5 H 1 105 109
3298	806300	-999	-999	-999	-999	-999	-999	2	-999	-999	-999	-999	-999	-999	-999	-999	-999	-999	-999	-999	-999	-999	-999	-999	-999	-999	-999	-999	-999	-999	-999	-999	-999	-999	-999	C 4 H 4 47 49
3298	939600	-999	-999	-999	-999	-999	-999	1	-999	-999	-999	-999	-999	-999	-999	-999	-999	-999	-999	-999	-999	-999	-999	-999	-999	-999	-999	-999	-999	-999	-999	-999	-999	-999	-999	B 5 H 1 105 109
3298	806300	-999	-999	-999	-999	-999	-999	-999	49	-999	-999	-999	-999	-999	-999	-999	-999	-999	-999	-999	-999	-999	-999	-999	-999	-999	-999	-999	-999	-999	-999	-999	-999	-999	-999	C 4 H 4 47 49
3298	939600	-999	-999	-999	-999	-999	-999	-999	18	-999	-999	-999	-999	-999	-999	-999	-999	-999	-999	-999	-999	-999	-999	-999	-999	-999	-999	-999	-999	-999	-999	-999	-999	-999	-999	B 5 H 1 105 109
3298	806300	-999	-999	-999	-999	-999	-999	-999	-999	0	-999	-999	-999	-999	-999	-999	-999	-999	-999	-999	-999	-999	-999	-999	-999	-999	-999	-999	-999	-999	-999	-999	-999	-999	-999	C 4 H 4 47 49
3298	939600	-999	-999	-999	-999	-999	-999	-999	-999	0	-999	-999	-999	-999	-999	-999	-999	-999	-999	-999	-999	-999	-999	-999	-999	-999	-999	-999	-999	-999	-999	-999	-999	-999	-999	B 5 H 1 105 109
3298	806300	-999	-999	-999	-999	-999	-999	-999	-999	-999	6	-999	-999	-999	-999	-999	-999	-999	-999	-999	-999	-999	-999	-999	-999	-999	-999	-999	-999	-999	-999	-999	-999	-999	-999	C 4 H 4 47 49
3298	939600	-999	-999	-999	-999	-999	-999	-999	-999	-999	1	-999	-999	-999	-999	-999	-999	-999	-999	-999	-999	-999	-999	-999	-999	-999	-999	-999	-999	-999	-999	-999	-999	-999	-999	B 5 H 1 105 109
3298	806300	-999	-999	-999	-999	-999	-999	-999	-999	-999	-999	18	-999	-999	-999	-999	-999	-999	-999	-999	-999	-999	-999	-999	-999	-999	-999	-999	-999	-999	-999	-999	-999	-999	-999	C 4 H 4 47 49
3298	939600	-999	-999	-999	-999	-999	-999	-999	-999	-999	-999	5	-999	-999	-999	-999	-999	-999	-999	-999	-999	-999	-999	-999	-999	-999	-999	-999	-999	-999	-999	-999	-999	-999	-999	B 5 H 1 105 109
3298	806300	-999	-999	-999	-999	-999	-999	-999	-999	-999	-999	-999	122	-999	-999	-999	-999	-999	-999	-999	-999	-999	-999	-999	-999	-999	-999	-999	-999	-999	-999	-999	-999	-999	-999	C 4 H 4 47 49
3298	939600	-999	-999	-999	-999	-999	-999	-999	-999	-999	-999	-999	84	-999	-999	-999	-999	-999	-999	-999	-999	-999	-999	-999	-999	-999	-999	-999	-999	-999	-999	-999	-999	-999	-999	B 5 H 1 105 109
3298	806300	-999	-999	-999	-999	-999	-999	-999	-999	-999	-999	-999	-999	0	-999	-999	-999	-999	-999	-999	-999	-999	-999	-999	-999	-999	-999	-999	-999	-999	-999	-999	-999	-999	-999	C 4 H 4 47 49
3298	939600	-999	-999	-999	-999	-999	-999	-999	-999	-999	-999	-999	-999	0	-999	-999	-999	-999	-999	-999	-999	-999	-999	-999	-999	-999	-999	-999	-999	-999	-999	-999	-999	-999	-999	B 5 H 1 105 109
3298	806300	-999	-999	-999	-999	-999	-999	-999	-999	-999	-999	-999	-999	-999	0	-999	-999	-999	-999	-999	-999	-999	-999	-999	-999	-999	-999	-999	-999	-999	-999	-999	-999	-999	-999	C 4 H 4 47 49
3298	939600	-999	-999	-999	-999	-999	-999	-999	-999	-999	-999	-999	-999	-999	0	-999	-999	-999	-999	-999	-999	-999	-999	-999	-999	-999	-999	-999	-999	-999	-999	-999	-999	-999	-999	B 5 H 1 105 109
3298	806300	-999	-999	-999	-999	-999	-999	-999	-999	-999	-999	-999	-999	-999	-999	0	-999	-999	-999	-999	-999	-999	-999	-999	-999	-999	-999	-999	-999	-999	-999	-999	-999	-999	-999	C 4 H 4 47 49
3298	939600	-999	-999	-999	-999	-999	-999	-999	-999	-999	-999	-999	-999	-999	-999	3	-999	-999	-999	-999	-999	-999	-999	-999	-999	-999	-999	-999	-999	-999	-999	-999	-999	-999	-999	B 5 H 1 105 109
3298	806300	-999	-999	-999	-999	-999	-999	-999	-999	-999	-999	-999	-999	-999	-999	-999	0	-999	-999	-999	-999	-999	-999	-999	-999	-999	-999	-999	-999	-999	-999	-999	-999	-999	-999	C 4 H 4 47 49
3298	939600	-999	-999	-999	-999	-999	-999	-999	-999	-999	-999	-999	-999	-999	-999	-999	0	-999	-999	-999	-999	-999	-999	-999	-999	-999	-999	-999	-999	-999	-999	-999	-999	-999	-999	B 5 H 1 105 109
3298	806300	-999	-999	-999	-999	-999	-999	-999	-999	-999	-999	-999	-999	-999	-999	-999	-999	4	-999	-999	-999	-999	-999	-999	-999	-999	-999	-999	-999	-999	-999	-999	-999	-999	-999	C 4 H 4 47 49
3298	939600	-999	-999	-999	-999	-999	-999	-999	-999	-999	-999	-999	-999	-999	-999	-999	-999	0	-999	-999	-999	-999	-999	-999	-999	-999	-999	-999	-999	-999	-999	-999	-999	-999	-999	B 5 H 1 105 109
3298	806300	-999	-999	-999	-999	-999	-999	-999	-999	-999	-999	-999	-999	-999	-999	-999	-999	-999	82	-999	-999	-999	-999	-999	-999	-999	-999	-999	-999	-999	-999	-999	-999	-999	-999	C 4 H 4 47 49
3298	939600	-999	-999	-999	-999	-999	-999	-999	-999	-999	-999	-999	-999	-999	-999	-999	-999	-999	169	-999	-999	-999	-999	-999	-999	-999	-999	-999	-999	-999	-999	-999	-999	-999	-999	B 5 H 1 105 109
3298	806300	-999	-999	-999	-999	-999	-999	-999	-999	-999	-999	-999	-999	-999	-999	-999	-999	-999	-999	46	-999	-999	-999	-999	-999	-999	-999	-999	-999	-999	-999	-999	-999	-999	-999	C 4 H 4 47 49
3298	939600	-999	-999	-999	-999	-999	-999	-999	-999	-999	-999	-999	-999	-999	-999	-999	-999	-999	-999	11	-999	-999	-999	-999	-999	-999	-999	-999	-999	-999	-999	-999	-999	-999	-999	B 5 H 1 105 109
3298	806300	-999	-999	-999	-999	-999	-999	-999	-999	-999	-999	-999	-999	-999	-999	-999	-999	-999	-999	-999	1	-999	-999	-999	-999	-999	-999	-999	-999	-999	-999	-999	-999	-999	-999	C 4 H 4 47 49
3298	939600	-999	-999	-999	-999	-999	-999	-999	-999	-999	-999	-999	-999	-999	-999	-999	-999	-999	-999	-999	7	-999	-999	-999	-999	-999	-999	-999	-999	-999	-999	-999	-999	-999	-999	B 5 H 1 105 109
3298	806300	-999	-999	-999	-999	-999	-999	-999	-999	-999	-999	-999	-999	-999	-999	-999	-999	-999	-999	-999	-999	0	-999	-999	-999	-999	-999	-999	-999	-999	-999	-999	-999	-999	-999	C 4 H 4 47 49
3298	939600	-999	-999	-999	-999	-999	-999	-999	-999	-999	-999	-999	-999	-999	-999	-999	-999	-999	-999	-999	-999	0	-999	-999	-999	-999	-999	-999	-999	-999	-999	-999	-999	-999	-999	B 5 H 1 105 109
3298	806300	-999	-999	-999	-999	-999	-999	-999	-999	-999	-999	-999	-999	-999	-999	-999	-999	-999	-999	-999	-999	-999	0	-999	-999	-999	-999	-999	-999	-999	-999	-999	-999	-999	-999	C 4 H 4 47 49
3298	939600	-999	-999	-999	-999	-999	-999	-999	-999	-999	-999	-999	-999	-999	-999	-999	-999	-999	-999	-999	-999	-999	0	-999	-999	-999	-999	-999	-999	-999	-999	-999	-999	-999	-999	B 5 H 1 105 109
3298	806300	-999	-999	-999	-999	-999	-999	-999	-999	-999	-999	-999	-999	-999	-999	-999	-999	-999	-999	-999	-999	-999	-999	362	-999	-999	-999	-999	-999	-999	-999	-999	-999	-999	-999	C 4 H 4 47 49
3298	939600	-999	-999	-999	-999	-999	-999	-999	-999	-999	-999	-999	-999	-999	-999	-999	-999	-999	-999	-999	-999	-999	-999	304	-999	-999	-999	-999	-999	-999	-999	-999	-999	-999	-999	B 5 H 1 105 109
3298	806300	-999	-999	-999	-999	-999	-999	-999	-999	-999	-999	-999	-999	-999	-999	-999	-999	-999	-999	-999	-999	-999	-999	-999	6	-999	-999	-999	-999	-999	-999	-999	-999	-999	-999	C 4 H 4 47 49
3298	939600	-999	-999	-999	-999	-999	-999	-999	-999	-999	-999	-999	-999	-999	-999	-999	-999	-999	-999	-999	-999	-999	-999	-999	0	-999	-999	-999	-999	-999	-999	-999	-999	-999	-999	B 5 H 1 105 109
3298	806300	-999	-999	-999	-999	-999	-999	-999	-999	-999	-999	-999	-999	-999	-999	-999	-999	-999	-999	-999	-999	-999	-999	-999	-999	14	-999	-999	-999	-999	-999	-999	-999	-999	-999	C 4 H 4 47 49
3298	939600	-999	-999	-999	-999	-999	-999	-999	-999	-999	-999	-999	-999	-999	-999	-999	-999	-999	-999	-999	-999	-999	-999	-999	-999	29	-999	-999	-999	-999	-999	-999	-999	-999	-999	B 5 H 1 105 109
3298	806300	-999	-999	-999	-999	-999	-999	-999	-999	-999	-999	-999	-999	-999	-999	-999	-999	-999	-999	-999	-999	-999	-999	-999	-999	-999	0	-999	-999	-999	-999	-999	-999	-999	-999	C 4 H 4 47 49
3298	939600	-999	-999	-999	-999	-999	-999	-999	-999	-999	-999	-999	-999	-999	-999	-999	-999	-999	-999	-999	-999	-999	-999	-999	-999	-999	0	-999	-999	-999	-999	-999	-999	-999	-999	B 5 H 1 105 109
3298	806300	-999	-999	-999	-999	-999	-999	-999	-999	-999	-999	-999	-999	-999	-999	-999	-999	-999	-999	-999	-999	-999	-999	-999	-999	-999	-999	0	-999	-999	-999	-999	-999	-999	-999	C 4 H 4 47 49
3298	939600	-999	-999	-999	-999	-999	-999	-999	-999	-999	-999	-999	-999	-999	-999	-999	-999	-999	-999	-999	-999	-999	-999	-999	-999	-999	-999	0	-999	-999	-999	-999	-999	-999	-999	B 5 H 1 105 109
3298	806300	-999	-999	-999	-999	-999	-999	-999	-999	-999	-999	-999	-999	-999	-999	-999	-999	-999	-999	-999	-999	-999	-999	-999	-999	-999	-999	-999	11.603	-999	-999	-999	-999	-999	-999	C 4 H 4 47 49
3298	939600	-999	-999	-999	-999	-999	-999	-999	-999	-999	-999	-999	-999	-999	-999	-999	-999	-999	-999	-999	-999	-999	-999	-999	-999	-999	-999	-999	16.634	-999	-999	-999	-999	-999	-999	B 5 H 1 105 109
3298	806300	-999	-999	-999	-999	-999	-999	-999	-999	-999	-999	-999	-999	-999	-999	-999	-999	-999	-999	-999	-999	-999	-999	-999	-999	-999	-999	-999	-999	0	-999	-999	-999	-999	-999	C 4 H 4 47 49
3298	939600	-999	-999	-999	-999	-999	-999	-999	-999	-999	-999	-999	-999	-999	-999	-999	-999	-999	-999	-999	-999	-999	-999	-999	-999	-999	-999	-999	-999	0	-999	-999	-999	-999	-999	B 5 H 1 105 109
3298	806300	-999	-999	-999	-999	-999	-999	-999	-999	-999	-999	-999	-999	-999	-999	-999	-999	-999	-999	-999	-999	-999	-999	-999	-999	-999	-999	-999	-999	-999	6	-999	-999	-999	-999	C 4 H 4 47 49
3298	939600	-999	-999	-999	-999	-999	-999	-999	-999	-999	-999	-999	-999	-999	-999	-999	-999	-999	-999	-999	-999	-999	-999	-999	-999	-999	-999	-999	-999	-999	0	-999	-999	-999	-999	B 5 H 1 105 109
3298	806300	-999	-999	-999	-999	-999	-999	-999	-999	-999	-999	-999	-999	-999	-999	-999	-999	-999	-999	-999	-999	-999	-999	-999	-999	-999	-999	-999	-999	-999	-999	2	-999	-999	-999	C 4 H 4 47 49
3298	939600	-999	-999	-999	-999	-999	-999	-999	-999	-999	-999	-999	-999	-999	-999	-999	-999	-999	-999	-999	-999	-999	-999	-999	-999	-999	-999	-999	-999	-999	-999	0	-999	-999	-999	B 5 H 1 105 109
3298	806300	-999	-999	-999	-999	-999	-999	-999	-999	-999	-999	-999	-999	-999	-999	-999	-999	-999	-999	-999	-999	-999	-999	-999	-999	-999	-999	-999	-999	-999	-999	-999	24	-999	-999	C 4 H 4 47 49
3298	939600	-999	-999	-999	-999	-999	-999	-999	-999	-999	-999	-999	-999	-999	-999	-999	-999	-999	-999	-999	-999	-999	-999	-999	-999	-999	-999	-999	-999	-999	-999	-999	7	-999	-999	B 5 H 1 105 109
3298	806300	-999	-999	-999	-999	-999	-999	-999	-999	-999	-999	-999	-999	-999	-999	-999	-999	-999	-999	-999	-999	-999	-999	-999	-999	-999	-999	-999	-999	-999	-999	-999	-999	0	-999	C 4 H 4 47 49
3298	939600	-999	-999	-999	-999	-999	-999	-999	-999	-999	-999	-999	-999	-999	-999	-999	-999	-999	-999	-999	-999	-999	-999	-999	-999	-999	-999	-999	-999	-999	-999	-999	-999	0	-999	B 5 H 1 105 109
3298	806300	-999	-999	-999	-999	-999	-999	-999	-999	-999	-999	-999	-999	-999	-999	-999	-999	-999	-999	-999	-999	-999	-999	-999	-999	-999	-999	-999	-999	-999	-999	-999	-999	-999	0	C 4 H 4 47 49
3298	939600	-999	-999	-999	-999	-999	-999	-999	-999	-999	-999	-999	-999	-999	-999	-999	-999	-999	-999	-999	-999	-999	-999	-999	-999	-999	-999	-999	-999	-999	-999	-999	-999	-999	1	B 5 H 1 105 109
3300	940100	0	0	0	9	216	5.4	3	26	0	0	2	142	1	0	2	0	2	257	15	5	1	0	466	1	27	0	0	16.946	0	1	2	10	0	0	B 5 H 1 108 112
3308	809000	0	0	0	8	113	3.6	0	41	0	1	20	112	2	0	1	0	1	136	38	1	0	0	369	1	9	0	0	13.224	0	2	0	14	0	1	C 4 H 4 57 59
3310	942900	0	3	5	103	1757	40.1	1	8	0	0	2	75	1	0	0	0	2	123	6	0	1	0	225	64	9	0	0	16.885	0	2	2	3	0	0	B 5 H 1 119 121
3318	811700	0	0	0	9	107	3.8	0	37	0	2	16	104	1	0	0	0	0	134	23	2	1	0	330	0	16	0	0	14.25	0	1	0	10	0	0	C 4 H 4 67 69
3320	945700	0	0	0	12	235	6.1	2	17	0	1	6	94	0	0	0	0	0	275	33	4	0	1	444	0	34	0	0	16	0	2	1	8	0	0	B 5 H 1 129 131
3328	814400	0	0	0	15	166	3.5	0	73	1	9	20	185	3	0	1	0	1	206	42	3	0	0	554	2	46	0	0	14.109	0	2	0	8	0	1	C 4 H 4 77 79
3330	948400	0	0	0	17	175	5.6	1	23	0	0	2	76	1	0	0	0	1	190	32	3	0	0	353	0	27	0	0	15.344	0	2	0	22	0	0	B 5 H 1 139 141
3338	817000	1	0	1	12	128	3.5	1	65	0	2	15	154	1	0	0	0	0	147	17	6	0	0	429	2	20	0	0	14.952	0	0	0	18	0	2	C 4 H 4 87 89
3339	950900	0	0	1	28	369	8	2	42	0	4	8	140	5	0	1	0	4	184	85	7	1	0	500	5	42	0	0	13.263	0	1	0	18	0	0	B 5 H 1 148 150
3348	819700	0	-999	-999	-999	-999	-999	-999	-999	-999	-999	-999	-999	-999	-999	-999	-999	-999	-999	-999	-999	-999	-999	-999	-999	-999	-999	-999	-999	-999	-999	-999	-999	-999	-999	C 4 H 4 97 99
3348	953400	0	-999	-999	-999	-999	-999	-999	-999	-999	-999	-999	-999	-999	-999	-999	-999	-999	-999	-999	-999	-999	-999	-999	-999	-999	-999	-999	-999	-999	-999	-999	-999	-999	-999	B 5 H 2 7 9
3348	819700	-999	0	-999	-999	-999	-999	-999	-999	-999	-999	-999	-999	-999	-999	-999	-999	-999	-999	-999	-999	-999	-999	-999	-999	-999	-999	-999	-999	-999	-999	-999	-999	-999	-999	C 4 H 4 97 99
3348	953400	-999	0	-999	-999	-999	-999	-999	-999	-999	-999	-999	-999	-999	-999	-999	-999	-999	-999	-999	-999	-999	-999	-999	-999	-999	-999	-999	-999	-999	-999	-999	-999	-999	-999	B 5 H 2 7 9
3348	819700	-999	-999	0	-999	-999	-999	-999	-999	-999	-999	-999	-999	-999	-999	-999	-999	-999	-999	-999	-999	-999	-999	-999	-999	-999	-999	-999	-999	-999	-999	-999	-999	-999	-999	C 4 H 4 97 99
3348	953400	-999	-999	0	-999	-999	-999	-999	-999	-999	-999	-999	-999	-999	-999	-999	-999	-999	-999	-999	-999	-999	-999	-999	-999	-999	-999	-999	-999	-999	-999	-999	-999	-999	-999	B 5 H 2 7 9
3348	819700	-999	-999	-999	10	-999	-999	-999	-999	-999	-999	-999	-999	-999	-999	-999	-999	-999	-999	-999	-999	-999	-999	-999	-999	-999	-999	-999	-999	-999	-999	-999	-999	-999	-999	C 4 H 4 97 99
3348	953400	-999	-999	-999	8	-999	-999	-999	-999	-999	-999	-999	-999	-999	-999	-999	-999	-999	-999	-999	-999	-999	-999	-999	-999	-999	-999	-999	-999	-999	-999	-999	-999	-999	-999	B 5 H 2 7 9
3348	819700	-999	-999	-999	-999	117	-999	-999	-999	-999	-999	-999	-999	-999	-999	-999	-999	-999	-999	-999	-999	-999	-999	-999	-999	-999	-999	-999	-999	-999	-999	-999	-999	-999	-999	C 4 H 4 97 99
3348	953400	-999	-999	-999	-999	237	-999	-999	-999	-999	-999	-999	-999	-999	-999	-999	-999	-999	-999	-999	-999	-999	-999	-999	-999	-999	-999	-999	-999	-999	-999	-999	-999	-999	-999	B 5 H 2 7 9
3348	819700	-999	-999	-999	-999	-999	3.7	-999	-999	-999	-999	-999	-999	-999	-999	-999	-999	-999	-999	-999	-999	-999	-999	-999	-999	-999	-999	-999	-999	-999	-999	-999	-999	-999	-999	C 4 H 4 97 99
3348	953400	-999	-999	-999	-999	-999	5.2	-999	-999	-999	-999	-999	-999	-999	-999	-999	-999	-999	-999	-999	-999	-999	-999	-999	-999	-999	-999	-999	-999	-999	-999	-999	-999	-999	-999	B 5 H 2 7 9
3348	819700	-999	-999	-999	-999	-999	-999	0	-999	-999	-999	-999	-999	-999	-999	-999	-999	-999	-999	-999	-999	-999	-999	-999	-999	-999	-999	-999	-999	-999	-999	-999	-999	-999	-999	C 4 H 4 97 99
3348	953400	-999	-999	-999	-999	-999	-999	6	-999	-999	-999	-999	-999	-999	-999	-999	-999	-999	-999	-999	-999	-999	-999	-999	-999	-999	-999	-999	-999	-999	-999	-999	-999	-999	-999	B 5 H 2 7 9
3348	819700	-999	-999	-999	-999	-999	-999	-999	34	-999	-999	-999	-999	-999	-999	-999	-999	-999	-999	-999	-999	-999	-999	-999	-999	-999	-999	-999	-999	-999	-999	-999	-999	-999	-999	C 4 H 4 97 99
3348	953400	-999	-999	-999	-999	-999	-999	-999	65	-999	-999	-999	-999	-999	-999	-999	-999	-999	-999	-999	-999	-999	-999	-999	-999	-999	-999	-999	-999	-999	-999	-999	-999	-999	-999	B 5 H 2 7 9
3348	819700	-999	-999	-999	-999	-999	-999	-999	-999	0	-999	-999	-999	-999	-999	-999	-999	-999	-999	-999	-999	-999	-999	-999	-999	-999	-999	-999	-999	-999	-999	-999	-999	-999	-999	C 4 H 4 97 99
3348	953400	-999	-999	-999	-999	-999	-999	-999	-999	1	-999	-999	-999	-999	-999	-999	-999	-999	-999	-999	-999	-999	-999	-999	-999	-999	-999	-999	-999	-999	-999	-999	-999	-999	-999	B 5 H 2 7 9
3348	819700	-999	-999	-999	-999	-999	-999	-999	-999	-999	1	-999	-999	-999	-999	-999	-999	-999	-999	-999	-999	-999	-999	-999	-999	-999	-999	-999	-999	-999	-999	-999	-999	-999	-999	C 4 H 4 97 99
3348	953400	-999	-999	-999	-999	-999	-999	-999	-999	-999	8	-999	-999	-999	-999	-999	-999	-999	-999	-999	-999	-999	-999	-999	-999	-999	-999	-999	-999	-999	-999	-999	-999	-999	-999	B 5 H 2 7 9
3348	819700	-999	-999	-999	-999	-999	-999	-999	-999	-999	-999	15	-999	-999	-999	-999	-999	-999	-999	-999	-999	-999	-999	-999	-999	-999	-999	-999	-999	-999	-999	-999	-999	-999	-999	C 4 H 4 97 99
3348	953400	-999	-999	-999	-999	-999	-999	-999	-999	-999	-999	17	-999	-999	-999	-999	-999	-999	-999	-999	-999	-999	-999	-999	-999	-999	-999	-999	-999	-999	-999	-999	-999	-999	-999	B 5 H 2 7 9
3348	819700	-999	-999	-999	-999	-999	-999	-999	-999	-999	-999	-999	115	-999	-999	-999	-999	-999	-999	-999	-999	-999	-999	-999	-999	-999	-999	-999	-999	-999	-999	-999	-999	-999	-999	C 4 H 4 97 99
3348	953400	-999	-999	-999	-999	-999	-999	-999	-999	-999	-999	-999	144	-999	-999	-999	-999	-999	-999	-999	-999	-999	-999	-999	-999	-999	-999	-999	-999	-999	-999	-999	-999	-999	-999	B 5 H 2 7 9
3348	819700	-999	-999	-999	-999	-999	-999	-999	-999	-999	-999	-999	-999	1	-999	-999	-999	-999	-999	-999	-999	-999	-999	-999	-999	-999	-999	-999	-999	-999	-999	-999	-999	-999	-999	C 4 H 4 97 99
3348	953400	-999	-999	-999	-999	-999	-999	-999	-999	-999	-999	-999	-999	15	-999	-999	-999	-999	-999	-999	-999	-999	-999	-999	-999	-999	-999	-999	-999	-999	-999	-999	-999	-999	-999	B 5 H 2 7 9
3348	819700	-999	-999	-999	-999	-999	-999	-999	-999	-999	-999	-999	-999	-999	0	-999	-999	-999	-999	-999	-999	-999	-999	-999	-999	-999	-999	-999	-999	-999	-999	-999	-999	-999	-999	C 4 H 4 97 99
3348	953400	-999	-999	-999	-999	-999	-999	-999	-999	-999	-999	-999	-999	-999	0	-999	-999	-999	-999	-999	-999	-999	-999	-999	-999	-999	-999	-999	-999	-999	-999	-999	-999	-999	-999	B 5 H 2 7 9
3348	819700	-999	-999	-999	-999	-999	-999	-999	-999	-999	-999	-999	-999	-999	-999	0	-999	-999	-999	-999	-999	-999	-999	-999	-999	-999	-999	-999	-999	-999	-999	-999	-999	-999	-999	C 4 H 4 97 99
3348	953400	-999	-999	-999	-999	-999	-999	-999	-999	-999	-999	-999	-999	-999	-999	1	-999	-999	-999	-999	-999	-999	-999	-999	-999	-999	-999	-999	-999	-999	-999	-999	-999	-999	-999	B 5 H 2 7 9
3348	819700	-999	-999	-999	-999	-999	-999	-999	-999	-999	-999	-999	-999	-999	-999	-999	0	-999	-999	-999	-999	-999	-999	-999	-999	-999	-999	-999	-999	-999	-999	-999	-999	-999	-999	C 4 H 4 97 99
3348	953400	-999	-999	-999	-999	-999	-999	-999	-999	-999	-999	-999	-999	-999	-999	-999	0	-999	-999	-999	-999	-999	-999	-999	-999	-999	-999	-999	-999	-999	-999	-999	-999	-999	-999	B 5 H 2 7 9
3348	819700	-999	-999	-999	-999	-999	-999	-999	-999	-999	-999	-999	-999	-999	-999	-999	-999	2	-999	-999	-999	-999	-999	-999	-999	-999	-999	-999	-999	-999	-999	-999	-999	-999	-999	C 4 H 4 97 99
3348	953400	-999	-999	-999	-999	-999	-999	-999	-999	-999	-999	-999	-999	-999	-999	-999	-999	0	-999	-999	-999	-999	-999	-999	-999	-999	-999	-999	-999	-999	-999	-999	-999	-999	-999	B 5 H 2 7 9
3348	819700	-999	-999	-999	-999	-999	-999	-999	-999	-999	-999	-999	-999	-999	-999	-999	-999	-999	171	-999	-999	-999	-999	-999	-999	-999	-999	-999	-999	-999	-999	-999	-999	-999	-999	C 4 H 4 97 99
3348	953400	-999	-999	-999	-999	-999	-999	-999	-999	-999	-999	-999	-999	-999	-999	-999	-999	-999	197	-999	-999	-999	-999	-999	-999	-999	-999	-999	-999	-999	-999	-999	-999	-999	-999	B 5 H 2 7 9
3348	819700	-999	-999	-999	-999	-999	-999	-999	-999	-999	-999	-999	-999	-999	-999	-999	-999	-999	-999	21	-999	-999	-999	-999	-999	-999	-999	-999	-999	-999	-999	-999	-999	-999	-999	C 4 H 4 97 99
3348	953400	-999	-999	-999	-999	-999	-999	-999	-999	-999	-999	-999	-999	-999	-999	-999	-999	-999	-999	49	-999	-999	-999	-999	-999	-999	-999	-999	-999	-999	-999	-999	-999	-999	-999	B 5 H 2 7 9
3348	819700	-999	-999	-999	-999	-999	-999	-999	-999	-999	-999	-999	-999	-999	-999	-999	-999	-999	-999	-999	0	-999	-999	-999	-999	-999	-999	-999	-999	-999	-999	-999	-999	-999	-999	C 4 H 4 97 99
3348	953400	-999	-999	-999	-999	-999	-999	-999	-999	-999	-999	-999	-999	-999	-999	-999	-999	-999	-999	-999	9	-999	-999	-999	-999	-999	-999	-999	-999	-999	-999	-999	-999	-999	-999	B 5 H 2 7 9
3348	819700	-999	-999	-999	-999	-999	-999	-999	-999	-999	-999	-999	-999	-999	-999	-999	-999	-999	-999	-999	-999	0	-999	-999	-999	-999	-999	-999	-999	-999	-999	-999	-999	-999	-999	C 4 H 4 97 99
3348	953400	-999	-999	-999	-999	-999	-999	-999	-999	-999	-999	-999	-999	-999	-999	-999	-999	-999	-999	-999	-999	0	-999	-999	-999	-999	-999	-999	-999	-999	-999	-999	-999	-999	-999	B 5 H 2 7 9
3348	819700	-999	-999	-999	-999	-999	-999	-999	-999	-999	-999	-999	-999	-999	-999	-999	-999	-999	-999	-999	-999	-999	0	-999	-999	-999	-999	-999	-999	-999	-999	-999	-999	-999	-999	C 4 H 4 97 99
3348	953400	-999	-999	-999	-999	-999	-999	-999	-999	-999	-999	-999	-999	-999	-999	-999	-999	-999	-999	-999	-999	-999	0	-999	-999	-999	-999	-999	-999	-999	-999	-999	-999	-999	-999	B 5 H 2 7 9
3348	819700	-999	-999	-999	-999	-999	-999	-999	-999	-999	-999	-999	-999	-999	-999	-999	-999	-999	-999	-999	-999	-999	-999	370	-999	-999	-999	-999	-999	-999	-999	-999	-999	-999	-999	C 4 H 4 97 99
3348	953400	-999	-999	-999	-999	-999	-999	-999	-999	-999	-999	-999	-999	-999	-999	-999	-999	-999	-999	-999	-999	-999	-999	530	-999	-999	-999	-999	-999	-999	-999	-999	-999	-999	-999	B 5 H 2 7 9
3348	819700	-999	-999	-999	-999	-999	-999	-999	-999	-999	-999	-999	-999	-999	-999	-999	-999	-999	-999	-999	-999	-999	-999	-999	4	-999	-999	-999	-999	-999	-999	-999	-999	-999	-999	C 4 H 4 97 99
3348	953400	-999	-999	-999	-999	-999	-999	-999	-999	-999	-999	-999	-999	-999	-999	-999	-999	-999	-999	-999	-999	-999	-999	-999	2	-999	-999	-999	-999	-999	-999	-999	-999	-999	-999	B 5 H 2 7 9
3348	819700	-999	-999	-999	-999	-999	-999	-999	-999	-999	-999	-999	-999	-999	-999	-999	-999	-999	-999	-999	-999	-999	-999	-999	-999	12	-999	-999	-999	-999	-999	-999	-999	-999	-999	C 4 H 4 97 99
3348	953400	-999	-999	-999	-999	-999	-999	-999	-999	-999	-999	-999	-999	-999	-999	-999	-999	-999	-999	-999	-999	-999	-999	-999	-999	13	-999	-999	-999	-999	-999	-999	-999	-999	-999	B 5 H 2 7 9
3348	819700	-999	-999	-999	-999	-999	-999	-999	-999	-999	-999	-999	-999	-999	-999	-999	-999	-999	-999	-999	-999	-999	-999	-999	-999	-999	0	-999	-999	-999	-999	-999	-999	-999	-999	C 4 H 4 97 99
3348	953400	-999	-999	-999	-999	-999	-999	-999	-999	-999	-999	-999	-999	-999	-999	-999	-999	-999	-999	-999	-999	-999	-999	-999	-999	-999	0	-999	-999	-999	-999	-999	-999	-999	-999	B 5 H 2 7 9
3348	819700	-999	-999	-999	-999	-999	-999	-999	-999	-999	-999	-999	-999	-999	-999	-999	-999	-999	-999	-999	-999	-999	-999	-999	-999	-999	-999	0	-999	-999	-999	-999	-999	-999	-999	C 4 H 4 97 99
3348	953400	-999	-999	-999	-999	-999	-999	-999	-999	-999	-999	-999	-999	-999	-999	-999	-999	-999	-999	-999	-999	-999	-999	-999	-999	-999	-999	0	-999	-999	-999	-999	-999	-999	-999	B 5 H 2 7 9
3348	819700	-999	-999	-999	-999	-999	-999	-999	-999	-999	-999	-999	-999	-999	-999	-999	-999	-999	-999	-999	-999	-999	-999	-999	-999	-999	-999	-999	14.883	-999	-999	-999	-999	-999	-999	C 4 H 4 97 99
3348	953400	-999	-999	-999	-999	-999	-999	-999	-999	-999	-999	-999	-999	-999	-999	-999	-999	-999	-999	-999	-999	-999	-999	-999	-999	-999	-999	-999	16.201	-999	-999	-999	-999	-999	-999	B 5 H 2 7 9
3348	819700	-999	-999	-999	-999	-999	-999	-999	-999	-999	-999	-999	-999	-999	-999	-999	-999	-999	-999	-999	-999	-999	-999	-999	-999	-999	-999	-999	-999	0	-999	-999	-999	-999	-999	C 4 H 4 97 99
3348	953400	-999	-999	-999	-999	-999	-999	-999	-999	-999	-999	-999	-999	-999	-999	-999	-999	-999	-999	-999	-999	-999	-999	-999	-999	-999	-999	-999	-999	0	-999	-999	-999	-999	-999	B 5 H 2 7 9
3348	819700	-999	-999	-999	-999	-999	-999	-999	-999	-999	-999	-999	-999	-999	-999	-999	-999	-999	-999	-999	-999	-999	-999	-999	-999	-999	-999	-999	-999	-999	1	-999	-999	-999	-999	C 4 H 4 97 99
3348	953400	-999	-999	-999	-999	-999	-999	-999	-999	-999	-999	-999	-999	-999	-999	-999	-999	-999	-999	-999	-999	-999	-999	-999	-999	-999	-999	-999	-999	-999	3	-999	-999	-999	-999	B 5 H 2 7 9
3348	819700	-999	-999	-999	-999	-999	-999	-999	-999	-999	-999	-999	-999	-999	-999	-999	-999	-999	-999	-999	-999	-999	-999	-999	-999	-999	-999	-999	-999	-999	-999	0	-999	-999	-999	C 4 H 4 97 99
3348	953400	-999	-999	-999	-999	-999	-999	-999	-999	-999	-999	-999	-999	-999	-999	-999	-999	-999	-999	-999	-999	-999	-999	-999	-999	-999	-999	-999	-999	-999	-999	2	-999	-999	-999	B 5 H 2 7 9
3348	819700	-999	-999	-999	-999	-999	-999	-999	-999	-999	-999	-999	-999	-999	-999	-999	-999	-999	-999	-999	-999	-999	-999	-999	-999	-999	-999	-999	-999	-999	-999	-999	9	-999	-999	C 4 H 4 97 99
3348	953400	-999	-999	-999	-999	-999	-999	-999	-999	-999	-999	-999	-999	-999	-999	-999	-999	-999	-999	-999	-999	-999	-999	-999	-999	-999	-999	-999	-999	-999	-999	-999	14	-999	-999	B 5 H 2 7 9
3348	819700	-999	-999	-999	-999	-999	-999	-999	-999	-999	-999	-999	-999	-999	-999	-999	-999	-999	-999	-999	-999	-999	-999	-999	-999	-999	-999	-999	-999	-999	-999	-999	-999	0	-999	C 4 H 4 97 99
3348	953400	-999	-999	-999	-999	-999	-999	-999	-999	-999	-999	-999	-999	-999	-999	-999	-999	-999	-999	-999	-999	-999	-999	-999	-999	-999	-999	-999	-999	-999	-999	-999	-999	0	-999	B 5 H 2 7 9
3348	819700	-999	-999	-999	-999	-999	-999	-999	-999	-999	-999	-999	-999	-999	-999	-999	-999	-999	-999	-999	-999	-999	-999	-999	-999	-999	-999	-999	-999	-999	-999	-999	-999	-999	0	C 4 H 4 97 99
3348	953400	-999	-999	-999	-999	-999	-999	-999	-999	-999	-999	-999	-999	-999	-999	-999	-999	-999	-999	-999	-999	-999	-999	-999	-999	-999	-999	-999	-999	-999	-999	-999	-999	-999	0	B 5 H 2 7 9
3358	822400	0	2	0	19	125	3.7	0	41	0	1	12	127	0	0	0	0	2	185	6	1	0	0	392	2	24	0	0	15.82	0	1	0	15	0	1	C 4 H 4 107 109
3359	956500	1	0	0	10	325	4.7	4	32	0	10	29	222	21	0	4	0	1	330	9	13	0	0	293	0	10	0	0	17.295	0	3	4	10	0	0	B 5 H 2 18 20 B 5 H 2 18 20
3368	825000	0	0	0	12	135	3.9	0	36	0	0	6	124	0	0	0	0	3	203	18	5	0	0	408	3	18	0	0	15.72	0	0	2	7	0	4	C 4 H 4 117 119
3370	959400	0	0	0	8	78	2.4	8	47	1	3	18	58	27	0	24	0	2	181	22	13	0	1	394	1	11	0	0	18.32	0	1	0	11	0	1	B 5 H 2 29 31
3378	827700	0	0	0	2	126	4.4	2	29	0	2	3	117	1	0	0	0	0	162	4	3	0	0	337	3	7	0	0	17.058	0	0	4	9	0	1	C 4 H 4 127 129
3380	961900	0	4	0	11	157	5	3	33	0	2	7	41	3	0	7	0	1	197	37	3	0	0	360	0	20	0	0	15.518	0	3	0	25	1	4	B 5 H 2 39 41
3388	830400	0	0	0	6	163	4.2	21	52	1	5	8	126	5	0	0	0	0	192	18	9	0	0	458	0	6	0	0	18.301	0	0	4	16	0	1	C 4 H 4 137 139
3390	964400	0	3	0	17	209	5.2	0	63	0	1	43	108	0	0	0	0	1	113	87	2	0	0	464	2	33	0	0	9.819	0	3	0	42	0	1	B 5 H 2 49 51
3398	833000	0	0	0	9	165	4.5	0	70	1	1	9	108	7	0	0	0	0	191	14	8	0	0	429	3	10	0	0	16.157	0	1	1	16	0	2	C 4 H 4 147 149
3399	966700	0	2	1	22	263	6.2	1	80	1	0	36	98	1	0	0	0	0	108	115	5	0	0	476	6	32	0	1	9.463	0	4	0	24	2	1	B 5 H 2 58 60
3408	835700	0	0	0	8	208	5.3	0	28	0	1	1	120	3	0	0	0	0	277	13	3	0	0	457	10	37	0	0	16.752	0	0	0	10	0	1	C 4 H 5 7 9
3410	969500	0	1	0	16	240	7.4	2	65	0	2	14	72	0	0	0	0	2	123	60	1	0	0	360	4	15	0	0	11.872	0	2	1	8	7	1	B 5 H 2 69 71
3418	838400	0	0	1	6	122	4.5	0	23	0	1	1	80	2	0	0	0	0	192	9	1	0	0	315	1	9	0	2	16.615	0	0	2	2	0	2	C 4 H 5 17 19
3420	972000	0	0	1	10	238	5.8	1	88	0	3	16	74	2	0	1	0	0	195	59	0	0	0	471	3	6	0	0	13	0	4	4	15	8	2	B 5 H 2 79 81
3428	841000	0	1	0	10	145	4	1	41	2	0	3	89	2	0	0	0	0	258	10	3	0	0	421	3	12	0	0	16.723	0	2	0	9	0	1	C 4 H 5 27 29
3430	974500	1	0	1	4	116	3.4	5	33	0	4	13	139	2	0	1	0	0	148	35	0	0	0	403	3	10	0	0	15.319	0	0	1	8	12	2	B 5 H 2 89 91
3438	843700	0	0	0	13	199	5.9	0	29	0	1	1	65	0	0	0	0	0	263	5	3	0	0	384	14	60	0	1	16.794	0	2	6	8	0	1	C 4 H 5 37 39
3440	977000	0	0	0	11	151	3.2	7	27	2	5	24	157	3	0	0	0	0	289	21	5	0	0	557	4	10	0	0	16.944	0	1	0	13	2	1	B 5 H 2 99 101
3448	846400	3	0	0	7	170	4.2	1	57	0	2	7	109	1	0	0	0	0	259	11	2	0	0	478	0	23	0	1	16.265	0	0	7	15	0	4	C 4 H 5 47 49
3449	979300	1	1	0	4	126	3.8	3	23	0	1	11	74	5	0	0	0	0	226	29	6	0	0	397	1	7	0	0	16.429	0	3	0	14	0	1	B 5 H 2 108 110
3458	849100	0	0	0	5	164	4.3	1	42	0	0	5	128	3	0	0	0	1	254	9	0	0	0	455	2	23	0	0	16.761	0	1	2	8	0	1	C 4 H 5 57 59
3460	982100	0	1	0	17	264	7.1	1	41	0	1	17	68	0	0	0	0	1	155	80	3	0	0	418	1	14	0	0	11.656	0	1	1	49	0	0	B 5 H 2 119 121
3468	851700	1	0	0	4	140	3.4	4	75	3	1	9	145	5	0	0	0	0	208	12	5	0	0	496	3	1	0	0	16.992	0	0	6	20	0	2	C 4 H 5 67 69
3470	984600	1	2	1	12	378	8.9	0	62	0	4	18	140	1	0	0	0	0	100	120	0	0	0	470	7	24	0	0	8.647	0	3	2	19	0	0	B 5 H 2 129 131
3478	854400	2	0	2	10	149	3.7	3	32	0	1	5	122	4	0	0	0	0	284	9	4	0	0	472	0	21	0	1	17.287	0	1	0	4	0	1	C 4 H 5 77 79
3480	854900	0	-999	-999	-999	-999	-999	-999	-999	-999	-999	-999	-999	-999	-999	-999	-999	-999	-999	-999	-999	-999	-999	-999	-999	-999	-999	-999	-999	-999	-999	-999	-999	-999	-999	C 4 H 5 80 82
3480	987100	0	0	-999	-999	-999	-999	-999	-999	-999	-999	-999	-999	-999	-999	-999	-999	-999	-999	-999	-999	-999	-999	-999	-999	-999	-999	-999	-999	-999	-999	-999	-999	-999	-999	B 5 H 2 139 141
3480	854900	-999	0	-999	-999	-999	-999	-999	-999	-999	-999	-999	-999	-999	-999	-999	-999	-999	-999	-999	-999	-999	-999	-999	-999	-999	-999	-999	-999	-999	-999	-999	-999	-999	-999	C 4 H 5 80 82
3480	987100	-999	-999	0	-999	-999	-999	-999	-999	-999	-999	-999	-999	-999	-999	-999	-999	-999	-999	-999	-999	-999	-999	-999	-999	-999	-999	-999	-999	-999	-999	-999	-999	-999	-999	B 5 H 2 139 141
3480	854900	-999	-999	3	41	-999	-999	-999	-999	-999	-999	-999	-999	-999	-999	-999	-999	-999	-999	-999	-999	-999	-999	-999	-999	-999	-999	-999	-999	-999	-999	-999	-999	-999	-999	C 4 H 5 80 82
3480	987100	-999	-999	-999	12	-999	-999	-999	-999	-999	-999	-999	-999	-999	-999	-999	-999	-999	-999	-999	-999	-999	-999	-999	-999	-999	-999	-999	-999	-999	-999	-999	-999	-999	-999	B 5 H 2 139 141
3480	854900	-999	-999	-999	-999	281	-999	-999	-999	-999	-999	-999	-999	-999	-999	-999	-999	-999	-999	-999	-999	-999	-999	-999	-999	-999	-999	-999	-999	-999	-999	-999	-999	-999	-999	C 4 H 5 80 82
3480	987100	-999	-999	-999	-999	186	5.9	-999	-999	-999	-999	-999	-999	-999	-999	-999	-999	-999	-999	-999	-999	-999	-999	-999	-999	-999	-999	-999	-999	-999	-999	-999	-999	-999	-999	B 5 H 2 139 141
3480	854900	-999	-999	-999	-999	-999	6.4	1	-999	-999	-999	-999	-999	-999	-999	-999	-999	-999	-999	-999	-999	-999	-999	-999	-999	-999	-999	-999	-999	-999	-999	-999	-999	-999	-999	C 4 H 5 80 82
3480	987100	-999	-999	-999	-999	-999	-999	2	69	-999	-999	-999	-999	-999	-999	-999	-999	-999	-999	-999	-999	-999	-999	-999	-999	-999	-999	-999	-999	-999	-999	-999	-999	-999	-999	B 5 H 2 139 141
3480	854900	-999	-999	-999	-999	-999	-999	-999	16	0	-999	-999	-999	-999	-999	-999	-999	-999	-999	-999	-999	-999	-999	-999	-999	-999	-999	-999	-999	-999	-999	-999	-999	-999	-999	C 4 H 5 80 82
3480	987100	-999	-999	-999	-999	-999	-999	-999	-999	0	-999	-999	-999	-999	-999	-999	-999	-999	-999	-999	-999	-999	-999	-999	-999	-999	-999	-999	-999	-999	-999	-999	-999	-999	-999	B 5 H 2 139 141
3480	854900	-999	-999	-999	-999	-999	-999	-999	-999	-999	0	-999	-999	-999	-999	-999	-999	-999	-999	-999	-999	-999	-999	-999	-999	-999	-999	-999	-999	-999	-999	-999	-999	-999	-999	C 4 H 5 80 82
3480	987100	-999	-999	-999	-999	-999	-999	-999	-999	-999	3	21	-999	-999	-999	-999	-999	-999	-999	-999	-999	-999	-999	-999	-999	-999	-999	-999	-999	-999	-999	-999	-999	-999	-999	B 5 H 2 139 141
3480	854900	-999	-999	-999	-999	-999	-999	-999	-999	-999	-999	1	-999	-999	-999	-999	-999	-999	-999	-999	-999	-999	-999	-999	-999	-999	-999	-999	-999	-999	-999	-999	-999	-999	-999	C 4 H 5 80 82
3480	987100	-999	-999	-999	-999	-999	-999	-999	-999	-999	-999	-999	68	-999	-999	-999	-999	-999	-999	-999	-999	-999	-999	-999	-999	-999	-999	-999	-999	-999	-999	-999	-999	-999	-999	B 5 H 2 139 141
3480	854900	-999	-999	-999	-999	-999	-999	-999	-999	-999	-999	-999	84	-999	-999	-999	-999	-999	-999	-999	-999	-999	-999	-999	-999	-999	-999	-999	-999	-999	-999	-999	-999	-999	-999	C 4 H 5 80 82
3480	987100	-999	-999	-999	-999	-999	-999	-999	-999	-999	-999	-999	-999	3	-999	-999	-999	-999	-999	-999	-999	-999	-999	-999	-999	-999	-999	-999	-999	-999	-999	-999	-999	-999	-999	B 5 H 2 139 141
3480	854900	-999	-999	-999	-999	-999	-999	-999	-999	-999	-999	-999	-999	3	-999	-999	-999	-999	-999	-999	-999	-999	-999	-999	-999	-999	-999	-999	-999	-999	-999	-999	-999	-999	-999	C 4 H 5 80 82
3480	987100	-999	-999	-999	-999	-999	-999	-999	-999	-999	-999	-999	-999	-999	0	-999	-999	-999	-999	-999	-999	-999	-999	-999	-999	-999	-999	-999	-999	-999	-999	-999	-999	-999	-999	B 5 H 2 139 141
3480	854900	-999	-999	-999	-999	-999	-999	-999	-999	-999	-999	-999	-999	-999	0	-999	-999	-999	-999	-999	-999	-999	-999	-999	-999	-999	-999	-999	-999	-999	-999	-999	-999	-999	-999	C 4 H 5 80 82
3480	987100	-999	-999	-999	-999	-999	-999	-999	-999	-999	-999	-999	-999	-999	-999	0	-999	-999	-999	-999	-999	-999	-999	-999	-999	-999	-999	-999	-999	-999	-999	-999	-999	-999	-999	B 5 H 2 139 141
3480	854900	-999	-999	-999	-999	-999	-999	-999	-999	-999	-999	-999	-999	-999	-999	0	0	-999	-999	-999	-999	-999	-999	-999	-999	-999	-999	-999	-999	-999	-999	-999	-999	-999	-999	C 4 H 5 80 82
3480	987100	-999	-999	-999	-999	-999	-999	-999	-999	-999	-999	-999	-999	-999	-999	-999	0	-999	-999	-999	-999	-999	-999	-999	-999	-999	-999	-999	-999	-999	-999	-999	-999	-999	-999	B 5 H 2 139 141
3480	854900	-999	-999	-999	-999	-999	-999	-999	-999	-999	-999	-999	-999	-999	-999	-999	-999	0	-999	-999	-999	-999	-999	-999	-999	-999	-999	-999	-999	-999	-999	-999	-999	-999	-999	C 4 H 5 80 82
3480	987100	-999	-999	-999	-999	-999	-999	-999	-999	-999	-999	-999	-999	-999	-999	-999	-999	1	-999	-999	-999	-999	-999	-999	-999	-999	-999	-999	-999	-999	-999	-999	-999	-999	-999	B 5 H 2 139 141
3480	854900	-999	-999	-999	-999	-999	-999	-999	-999	-999	-999	-999	-999	-999	-999	-999	-999	-999	351	-999	-999	-999	-999	-999	-999	-999	-999	-999	-999	-999	-999	-999	-999	-999	-999	C 4 H 5 80 82
3480	987100	-999	-999	-999	-999	-999	-999	-999	-999	-999	-999	-999	-999	-999	-999	-999	-999	-999	105	-999	-999	-999	-999	-999	-999	-999	-999	-999	-999	-999	-999	-999	-999	-999	-999	B 5 H 2 139 141
3480	854900	-999	-999	-999	-999	-999	-999	-999	-999	-999	-999	-999	-999	-999	-999	-999	-999	-999	-999	9	-999	-999	-999	-999	-999	-999	-999	-999	-999	-999	-999	-999	-999	-999	-999	C 4 H 5 80 82
3480	987100	-999	-999	-999	-999	-999	-999	-999	-999	-999	-999	-999	-999	-999	-999	-999	-999	-999	-999	53	-999	-999	-999	-999	-999	-999	-999	-999	-999	-999	-999	-999	-999	-999	-999	B 5 H 2 139 141
3480	854900	-999	-999	-999	-999	-999	-999	-999	-999	-999	-999	-999	-999	-999	-999	-999	-999	-999	-999	-999	0	-999	-999	-999	-999	-999	-999	-999	-999	-999	-999	-999	-999	-999	-999	C 4 H 5 80 82
3480	987100	-999	-999	-999	-999	-999	-999	-999	-999	-999	-999	-999	-999	-999	-999	-999	-999	-999	-999	-999	1	-999	-999	-999	-999	-999	-999	-999	-999	-999	-999	-999	-999	-999	-999	B 5 H 2 139 141
3480	854900	-999	-999	-999	-999	-999	-999	-999	-999	-999	-999	-999	-999	-999	-999	-999	-999	-999	-999	-999	-999	0	-999	-999	-999	-999	-999	-999	-999	-999	-999	-999	-999	-999	-999	C 4 H 5 80 82
3480	987100	-999	-999	-999	-999	-999	-999	-999	-999	-999	-999	-999	-999	-999	-999	-999	-999	-999	-999	-999	-999	0	0	-999	-999	-999	-999	-999	-999	-999	-999	-999	-999	-999	-999	B 5 H 2 139 141
3480	854900	-999	-999	-999	-999	-999	-999	-999	-999	-999	-999	-999	-999	-999	-999	-999	-999	-999	-999	-999	-999	-999	0	469	-999	-999	-999	-999	-999	-999	-999	-999	-999	-999	-999	C 4 H 5 80 82
3480	987100	-999	-999	-999	-999	-999	-999	-999	-999	-999	-999	-999	-999	-999	-999	-999	-999	-999	-999	-999	-999	-999	-999	360	-999	-999	-999	-999	-999	-999	-999	-999	-999	-999	-999	B 5 H 2 139 141
3480	854900	-999	-999	-999	-999	-999	-999	-999	-999	-999	-999	-999	-999	-999	-999	-999	-999	-999	-999	-999	-999	-999	-999	-999	13	-999	-999	-999	-999	-999	-999	-999	-999	-999	-999	C 4 H 5 80 82
3480	987100	-999	-999	-999	-999	-999	-999	-999	-999	-999	-999	-999	-999	-999	-999	-999	-999	-999	-999	-999	-999	-999	-999	-999	2	-999	-999	-999	-999	-999	-999	-999	-999	-999	-999	B 5 H 2 139 141
3480	854900	-999	-999	-999	-999	-999	-999	-999	-999	-999	-999	-999	-999	-999	-999	-999	-999	-999	-999	-999	-999	-999	-999	-999	-999	65	-999	-999	-999	-999	-999	-999	-999	-999	-999	C 4 H 5 80 82
3480	987100	-999	-999	-999	-999	-999	-999	-999	-999	-999	-999	-999	-999	-999	-999	-999	-999	-999	-999	-999	-999	-999	-999	-999	-999	10	-999	-999	-999	-999	-999	-999	-999	-999	-999	B 5 H 2 139 141
3480	854900	-999	-999	-999	-999	-999	-999	-999	-999	-999	-999	-999	-999	-999	-999	-999	-999	-999	-999	-999	-999	-999	-999	-999	-999	-999	0	-999	-999	-999	-999	-999	-999	-999	-999	C 4 H 5 80 82
3480	987100	-999	-999	-999	-999	-999	-999	-999	-999	-999	-999	-999	-999	-999	-999	-999	-999	-999	-999	-999	-999	-999	-999	-999	-999	-999	0	0	-999	-999	-999	-999	-999	-999	-999	B 5 H 2 139 141
3480	854900	-999	-999	-999	-999	-999	-999	-999	-999	-999	-999	-999	-999	-999	-999	-999	-999	-999	-999	-999	-999	-999	-999	-999	-999	-999	-999	1	-999	-999	-999	-999	-999	-999	-999	C 4 H 5 80 82
3480	987100	-999	-999	-999	-999	-999	-999	-999	-999	-999	-999	-999	-999	-999	-999	-999	-999	-999	-999	-999	-999	-999	-999	-999	-999	-999	-999	-999	12.18	-999	-999	-999	-999	-999	-999	B 5 H 2 139 141
3480	854900	-999	-999	-999	-999	-999	-999	-999	-999	-999	-999	-999	-999	-999	-999	-999	-999	-999	-999	-999	-999	-999	-999	-999	-999	-999	-999	-999	17.182	0	-999	-999	-999	-999	-999	C 4 H 5 80 82
3480	987100	-999	-999	-999	-999	-999	-999	-999	-999	-999	-999	-999	-999	-999	-999	-999	-999	-999	-999	-999	-999	-999	-999	-999	-999	-999	-999	-999	-999	0	2	-999	-999	-999	-999	B 5 H 2 139 141
3480	854900	-999	-999	-999	-999	-999	-999	-999	-999	-999	-999	-999	-999	-999	-999	-999	-999	-999	-999	-999	-999	-999	-999	-999	-999	-999	-999	-999	-999	-999	0	0	-999	-999	-999	C 4 H 5 80 82
3480	987100	-999	-999	-999	-999	-999	-999	-999	-999	-999	-999	-999	-999	-999	-999	-999	-999	-999	-999	-999	-999	-999	-999	-999	-999	-999	-999	-999	-999	-999	-999	5	27	-999	-999	B 5 H 2 139 141
3480	854900	-999	-999	-999	-999	-999	-999	-999	-999	-999	-999	-999	-999	-999	-999	-999	-999	-999	-999	-999	-999	-999	-999	-999	-999	-999	-999	-999	-999	-999	-999	-999	3	-999	-999	C 4 H 5 80 82
3480	987100	-999	-999	-999	-999	-999	-999	-999	-999	-999	-999	-999	-999	-999	-999	-999	-999	-999	-999	-999	-999	-999	-999	-999	-999	-999	-999	-999	-999	-999	-999	-999	-999	0	-999	B 5 H 2 139 141
3480	854900	-999	-999	-999	-999	-999	-999	-999	-999	-999	-999	-999	-999	-999	-999	-999	-999	-999	-999	-999	-999	-999	-999	-999	-999	-999	-999	-999	-999	-999	-999	-999	-999	0	1	C 4 H 5 80 82
3480	987100	-999	-999	-999	-999	-999	-999	-999	-999	-999	-999	-999	-999	-999	-999	-999	-999	-999	-999	-999	-999	-999	-999	-999	-999	-999	-999	-999	-999	-999	-999	-999	-999	-999	0	B 5 H 2 139 141
3485	856300	0	1	2	53	294	12.7	0	14	0	2	1	42	0	0	0	0	0	131	1	1	0	0	200	3	15	1	0	16.816	0	1	0	4	0	2	C 4 H 5 85 87
3488	857100	0	0	0	27	223	6.4	1	24	1	1	2	52	2	0	0	0	0	266	17	4	0	0	379	3	86	0	0	16.71	0	0	2	7	0	0	C 4 H 5 87 89
3489	989400	0	2	0	13	225	5.5	2	64	6	12	29	85	5	0	0	0	0	154	65	1	0	0	467	7	15	0	0	13.285	0	1	7	36	0	0	B 5 H 2 148 150
3490	857600	1	0	1	38	262	7.9	1	25	0	0	4	54	7	0	0	0	0	232	10	0	0	0	343	0	112	0	0	17.162	0	0	0	7	0	2	C 4 H 5 90 92
3495	858900	0	0	3	47	385	11.5	2	14	0	1	5	70	5	0	0	0	0	203	9	3	0	0	323	4	23	0	3	17.383	0	0	0	11	0	0	C 4 H 5 95 97
3498	991700	0	-999	-999	-999	-999	-999	-999	-999	-999	-999	-999	-999	-999	-999	-999	-999	-999	-999	-999	-999	-999	-999	-999	-999	-999	-999	-999	-999	-999	-999	-999	-999	-999	-999	B 5 H 3 7 9
3498	859700	2	-999	-999	-999	-999	-999	-999	-999	-999	-999	-999	-999	-999	-999	-999	-999	-999	-999	-999	-999	-999	-999	-999	-999	-999	-999	-999	-999	-999	-999	-999	-999	-999	-999	C 4 H 5 97 99
3498	991700	-999	0	-999	-999	-999	-999	-999	-999	-999	-999	-999	-999	-999	-999	-999	-999	-999	-999	-999	-999	-999	-999	-999	-999	-999	-999	-999	-999	-999	-999	-999	-999	-999	-999	B 5 H 3 7 9
3498	859700	-999	0	-999	-999	-999	-999	-999	-999	-999	-999	-999	-999	-999	-999	-999	-999	-999	-999	-999	-999	-999	-999	-999	-999	-999	-999	-999	-999	-999	-999	-999	-999	-999	-999	C 4 H 5 97 99
3498	991700	-999	-999	0	-999	-999	-999	-999	-999	-999	-999	-999	-999	-999	-999	-999	-999	-999	-999	-999	-999	-999	-999	-999	-999	-999	-999	-999	-999	-999	-999	-999	-999	-999	-999	B 5 H 3 7 9
3498	859700	-999	-999	0	14	-999	-999	-999	-999	-999	-999	-999	-999	-999	-999	-999	-999	-999	-999	-999	-999	-999	-999	-999	-999	-999	-999	-999	-999	-999	-999	-999	-999	-999	-999	C 4 H 5 97 99
3498	991700	-999	-999	-999	4	89	-999	-999	-999	-999	-999	-999	-999	-999	-999	-999	-999	-999	-999	-999	-999	-999	-999	-999	-999	-999	-999	-999	-999	-999	-999	-999	-999	-999	-999	B 5 H 3 7 9
3498	859700	-999	-999	-999	-999	156	5.3	-999	-999	-999	-999	-999	-999	-999	-999	-999	-999	-999	-999	-999	-999	-999	-999	-999	-999	-999	-999	-999	-999	-999	-999	-999	-999	-999	-999	C 4 H 5 97 99
3498	991700	-999	-999	-999	-999	-999	3.1	-999	-999	-999	-999	-999	-999	-999	-999	-999	-999	-999	-999	-999	-999	-999	-999	-999	-999	-999	-999	-999	-999	-999	-999	-999	-999	-999	-999	B 5 H 3 7 9
3498	859700	-999	-999	-999	-999	-999	-999	1	-999	-999	-999	-999	-999	-999	-999	-999	-999	-999	-999	-999	-999	-999	-999	-999	-999	-999	-999	-999	-999	-999	-999	-999	-999	-999	-999	C 4 H 5 97 99
3498	991700	-999	-999	-999	-999	-999	-999	0	-999	-999	-999	-999	-999	-999	-999	-999	-999	-999	-999	-999	-999	-999	-999	-999	-999	-999	-999	-999	-999	-999	-999	-999	-999	-999	-999	B 5 H 3 7 9
3498	859700	-999	-999	-999	-999	-999	-999	-999	29	-999	-999	-999	-999	-999	-999	-999	-999	-999	-999	-999	-999	-999	-999	-999	-999	-999	-999	-999	-999	-999	-999	-999	-999	-999	-999	C 4 H 5 97 99
3498	991700	-999	-999	-999	-999	-999	-999	-999	68	-999	-999	-999	-999	-999	-999	-999	-999	-999	-999	-999	-999	-999	-999	-999	-999	-999	-999	-999	-999	-999	-999	-999	-999	-999	-999	B 5 H 3 7 9
3498	859700	-999	-999	-999	-999	-999	-999	-999	-999	0	-999	-999	-999	-999	-999	-999	-999	-999	-999	-999	-999	-999	-999	-999	-999	-999	-999	-999	-999	-999	-999	-999	-999	-999	-999	C 4 H 5 97 99
3498	991700	-999	-999	-999	-999	-999	-999	-999	-999	0	-999	-999	-999	-999	-999	-999	-999	-999	-999	-999	-999	-999	-999	-999	-999	-999	-999	-999	-999	-999	-999	-999	-999	-999	-999	B 5 H 3 7 9
3498	859700	-999	-999	-999	-999	-999	-999	-999	-999	-999	1	-999	-999	-999	-999	-999	-999	-999	-999	-999	-999	-999	-999	-999	-999	-999	-999	-999	-999	-999	-999	-999	-999	-999	-999	C 4 H 5 97 99
3498	991700	-999	-999	-999	-999	-999	-999	-999	-999	-999	5	14	-999	-999	-999	-999	-999	-999	-999	-999	-999	-999	-999	-999	-999	-999	-999	-999	-999	-999	-999	-999	-999	-999	-999	B 5 H 3 7 9
3498	859700	-999	-999	-999	-999	-999	-999	-999	-999	-999	-999	0	72	-999	-999	-999	-999	-999	-999	-999	-999	-999	-999	-999	-999	-999	-999	-999	-999	-999	-999	-999	-999	-999	-999	C 4 H 5 97 99
3498	991700	-999	-999	-999	-999	-999	-999	-999	-999	-999	-999	-999	54	-999	-999	-999	-999	-999	-999	-999	-999	-999	-999	-999	-999	-999	-999	-999	-999	-999	-999	-999	-999	-999	-999	B 5 H 3 7 9
3498	859700	-999	-999	-999	-999	-999	-999	-999	-999	-999	-999	-999	-999	11	-999	-999	-999	-999	-999	-999	-999	-999	-999	-999	-999	-999	-999	-999	-999	-999	-999	-999	-999	-999	-999	C 4 H 5 97 99
3498	991700	-999	-999	-999	-999	-999	-999	-999	-999	-999	-999	-999	-999	6	0	-999	-999	-999	-999	-999	-999	-999	-999	-999	-999	-999	-999	-999	-999	-999	-999	-999	-999	-999	-999	B 5 H 3 7 9
3498	859700	-999	-999	-999	-999	-999	-999	-999	-999	-999	-999	-999	-999	-999	0	-999	-999	-999	-999	-999	-999	-999	-999	-999	-999	-999	-999	-999	-999	-999	-999	-999	-999	-999	-999	C 4 H 5 97 99
3498	991700	-999	-999	-999	-999	-999	-999	-999	-999	-999	-999	-999	-999	-999	-999	0	-999	-999	-999	-999	-999	-999	-999	-999	-999	-999	-999	-999	-999	-999	-999	-999	-999	-999	-999	B 5 H 3 7 9
3498	859700	-999	-999	-999	-999	-999	-999	-999	-999	-999	-999	-999	-999	-999	-999	0	0	-999	-999	-999	-999	-999	-999	-999	-999	-999	-999	-999	-999	-999	-999	-999	-999	-999	-999	C 4 H 5 97 99
3498	991700	-999	-999	-999	-999	-999	-999	-999	-999	-999	-999	-999	-999	-999	-999	-999	0	-999	-999	-999	-999	-999	-999	-999	-999	-999	-999	-999	-999	-999	-999	-999	-999	-999	-999	B 5 H 3 7 9
3498	859700	-999	-999	-999	-999	-999	-999	-999	-999	-999	-999	-999	-999	-999	-999	-999	-999	0	-999	-999	-999	-999	-999	-999	-999	-999	-999	-999	-999	-999	-999	-999	-999	-999	-999	C 4 H 5 97 99
3498	991700	-999	-999	-999	-999	-999	-999	-999	-999	-999	-999	-999	-999	-999	-999	-999	-999	0	-999	-999	-999	-999	-999	-999	-999	-999	-999	-999	-999	-999	-999	-999	-999	-999	-999	B 5 H 3 7 9
3498	859700	-999	-999	-999	-999	-999	-999	-999	-999	-999	-999	-999	-999	-999	-999	-999	-999	-999	183	-999	-999	-999	-999	-999	-999	-999	-999	-999	-999	-999	-999	-999	-999	-999	-999	C 4 H 5 97 99
3498	991700	-999	-999	-999	-999	-999	-999	-999	-999	-999	-999	-999	-999	-999	-999	-999	-999	-999	145	31	-999	-999	-999	-999	-999	-999	-999	-999	-999	-999	-999	-999	-999	-999	-999	B 5 H 3 7 9
3498	859700	-999	-999	-999	-999	-999	-999	-999	-999	-999	-999	-999	-999	-999	-999	-999	-999	-999	-999	10	-999	-999	-999	-999	-999	-999	-999	-999	-999	-999	-999	-999	-999	-999	-999	C 4 H 5 97 99
3498	991700	-999	-999	-999	-999	-999	-999	-999	-999	-999	-999	-999	-999	-999	-999	-999	-999	-999	-999	-999	2	-999	-999	-999	-999	-999	-999	-999	-999	-999	-999	-999	-999	-999	-999	B 5 H 3 7 9
3498	859700	-999	-999	-999	-999	-999	-999	-999	-999	-999	-999	-999	-999	-999	-999	-999	-999	-999	-999	-999	9	0	-999	-999	-999	-999	-999	-999	-999	-999	-999	-999	-999	-999	-999	C 4 H 5 97 99
3498	991700	-999	-999	-999	-999	-999	-999	-999	-999	-999	-999	-999	-999	-999	-999	-999	-999	-999	-999	-999	-999	0	-999	-999	-999	-999	-999	-999	-999	-999	-999	-999	-999	-999	-999	B 5 H 3 7 9
3498	859700	-999	-999	-999	-999	-999	-999	-999	-999	-999	-999	-999	-999	-999	-999	-999	-999	-999	-999	-999	-999	-999	0	-999	-999	-999	-999	-999	-999	-999	-999	-999	-999	-999	-999	C 4 H 5 97 99
3498	991700	-999	-999	-999	-999	-999	-999	-999	-999	-999	-999	-999	-999	-999	-999	-999	-999	-999	-999	-999	-999	-999	0	345	-999	-999	-999	-999	-999	-999	-999	-999	-999	-999	-999	B 5 H 3 7 9
3498	859700	-999	-999	-999	-999	-999	-999	-999	-999	-999	-999	-999	-999	-999	-999	-999	-999	-999	-999	-999	-999	-999	-999	334	-999	-999	-999	-999	-999	-999	-999	-999	-999	-999	-999	C 4 H 5 97 99
3498	991700	-999	-999	-999	-999	-999	-999	-999	-999	-999	-999	-999	-999	-999	-999	-999	-999	-999	-999	-999	-999	-999	-999	-999	0	-999	-999	-999	-999	-999	-999	-999	-999	-999	-999	B 5 H 3 7 9
3498	859700	-999	-999	-999	-999	-999	-999	-999	-999	-999	-999	-999	-999	-999	-999	-999	-999	-999	-999	-999	-999	-999	-999	-999	0	22	-999	-999	-999	-999	-999	-999	-999	-999	-999	C 4 H 5 97 99
3498	991700	-999	-999	-999	-999	-999	-999	-999	-999	-999	-999	-999	-999	-999	-999	-999	-999	-999	-999	-999	-999	-999	-999	-999	-999	1	-999	-999	-999	-999	-999	-999	-999	-999	-999	B 5 H 3 7 9
3498	859700	-999	-999	-999	-999	-999	-999	-999	-999	-999	-999	-999	-999	-999	-999	-999	-999	-999	-999	-999	-999	-999	-999	-999	-999	-999	0	-999	-999	-999	-999	-999	-999	-999	-999	C 4 H 5 97 99
3498	991700	-999	-999	-999	-999	-999	-999	-999	-999	-999	-999	-999	-999	-999	-999	-999	-999	-999	-999	-999	-999	-999	-999	-999	-999	-999	0	-999	-999	-999	-999	-999	-999	-999	-999	B 5 H 3 7 9
3498	859700	-999	-999	-999	-999	-999	-999	-999	-999	-999	-999	-999	-999	-999	-999	-999	-999	-999	-999	-999	-999	-999	-999	-999	-999	-999	-999	0	-999	-999	-999	-999	-999	-999	-999	C 4 H 5 97 99
3498	991700	-999	-999	-999	-999	-999	-999	-999	-999	-999	-999	-999	-999	-999	-999	-999	-999	-999	-999	-999	-999	-999	-999	-999	-999	-999	-999	0	14.295	-999	-999	-999	-999	-999	-999	B 5 H 3 7 9
3498	859700	-999	-999	-999	-999	-999	-999	-999	-999	-999	-999	-999	-999	-999	-999	-999	-999	-999	-999	-999	-999	-999	-999	-999	-999	-999	-999	-999	18.093	-999	-999	-999	-999	-999	-999	C 4 H 5 97 99
3498	991700	-999	-999	-999	-999	-999	-999	-999	-999	-999	-999	-999	-999	-999	-999	-999	-999	-999	-999	-999	-999	-999	-999	-999	-999	-999	-999	-999	-999	0	-999	-999	-999	-999	-999	B 5 H 3 7 9
3498	859700	-999	-999	-999	-999	-999	-999	-999	-999	-999	-999	-999	-999	-999	-999	-999	-999	-999	-999	-999	-999	-999	-999	-999	-999	-999	-999	-999	-999	0	0	-999	-999	-999	-999	C 4 H 5 97 99
3498	991700	-999	-999	-999	-999	-999	-999	-999	-999	-999	-999	-999	-999	-999	-999	-999	-999	-999	-999	-999	-999	-999	-999	-999	-999	-999	-999	-999	-999	-999	1	6	-999	-999	-999	B 5 H 3 7 9
3498	859700	-999	-999	-999	-999	-999	-999	-999	-999	-999	-999	-999	-999	-999	-999	-999	-999	-999	-999	-999	-999	-999	-999	-999	-999	-999	-999	-999	-999	-999	-999	0	14	-999	-999	C 4 H 5 97 99
3498	991700	-999	-999	-999	-999	-999	-999	-999	-999	-999	-999	-999	-999	-999	-999	-999	-999	-999	-999	-999	-999	-999	-999	-999	-999	-999	-999	-999	-999	-999	-999	-999	11	0	-999	B 5 H 3 7 9
3498	859700	-999	-999	-999	-999	-999	-999	-999	-999	-999	-999	-999	-999	-999	-999	-999	-999	-999	-999	-999	-999	-999	-999	-999	-999	-999	-999	-999	-999	-999	-999	-999	-999	0	2	C 4 H 5 97 99
3498	991700	-999	-999	-999	-999	-999	-999	-999	-999	-999	-999	-999	-999	-999	-999	-999	-999	-999	-999	-999	-999	-999	-999	-999	-999	-999	-999	-999	-999	-999	-999	-999	-999	-999	2	B 5 H 3 7 9
3500	860300	0	1	9	45	761	19.1	1	22	0	1	7	97	17	0	0	0	3	198	3	4	1	0	359	2	16	0	0	18.233	0	0	0	5	0	1	C 4 H 5 100 102
3505	861600	0	1	3	18	296	10.9	0	32	0	1	2	82	10	0	0	0	0	136	3	7	0	0	285	0	8	0	0	17.877	0	0	0	10	0	2	C 4 H 5 105 107
3508	994200	0	-999	-999	-999	-999	-999	-999	-999	-999	-999	-999	-999	-999	-999	-999	-999	-999	-999	-999	-999	-999	-999	-999	-999	-999	-999	-999	-999	-999	-999	-999	-999	-999	-999	B 5 H 3 17 19
3508	862400	0	-999	-999	-999	-999	-999	-999	-999	-999	-999	-999	-999	-999	-999	-999	-999	-999	-999	-999	-999	-999	-999	-999	-999	-999	-999	-999	-999	-999	-999	-999	-999	-999	-999	C 4 H 5 107 109
3508	994200	-999	0	-999	-999	-999	-999	-999	-999	-999	-999	-999	-999	-999	-999	-999	-999	-999	-999	-999	-999	-999	-999	-999	-999	-999	-999	-999	-999	-999	-999	-999	-999	-999	-999	B 5 H 3 17 19
3508	862400	-999	0	3	-999	-999	-999	-999	-999	-999	-999	-999	-999	-999	-999	-999	-999	-999	-999	-999	-999	-999	-999	-999	-999	-999	-999	-999	-999	-999	-999	-999	-999	-999	-999	C 4 H 5 107 109
3508	994200	-999	-999	0	4	-999	-999	-999	-999	-999	-999	-999	-999	-999	-999	-999	-999	-999	-999	-999	-999	-999	-999	-999	-999	-999	-999	-999	-999	-999	-999	-999	-999	-999	-999	B 5 H 3 17 19
3508	862400	-999	-999	-999	43	1917	-999	-999	-999	-999	-999	-999	-999	-999	-999	-999	-999	-999	-999	-999	-999	-999	-999	-999	-999	-999	-999	-999	-999	-999	-999	-999	-999	-999	-999	C 4 H 5 107 109
3508	994200	-999	-999	-999	-999	121	-999	-999	-999	-999	-999	-999	-999	-999	-999	-999	-999	-999	-999	-999	-999	-999	-999	-999	-999	-999	-999	-999	-999	-999	-999	-999	-999	-999	-999	B 5 H 3 17 19
3508	862400	-999	-999	-999	-999	-999	37.2	-999	-999	-999	-999	-999	-999	-999	-999	-999	-999	-999	-999	-999	-999	-999	-999	-999	-999	-999	-999	-999	-999	-999	-999	-999	-999	-999	-999	C 4 H 5 107 109
3508	994200	-999	-999	-999	-999	-999	3.1	-999	-999	-999	-999	-999	-999	-999	-999	-999	-999	-999	-999	-999	-999	-999	-999	-999	-999	-999	-999	-999	-999	-999	-999	-999	-999	-999	-999	B 5 H 3 17 19
3508	862400	-999	-999	-999	-999	-999	-999	2	-999	-999	-999	-999	-999	-999	-999	-999	-999	-999	-999	-999	-999	-999	-999	-999	-999	-999	-999	-999	-999	-999	-999	-999	-999	-999	-999	C 4 H 5 107 109
3508	994200	-999	-999	-999	-999	-999	-999	5	64	-999	-999	-999	-999	-999	-999	-999	-999	-999	-999	-999	-999	-999	-999	-999	-999	-999	-999	-999	-999	-999	-999	-999	-999	-999	-999	B 5 H 3 17 19
3508	862400	-999	-999	-999	-999	-999	-999	-999	47	-999	-999	-999	-999	-999	-999	-999	-999	-999	-999	-999	-999	-999	-999	-999	-999	-999	-999	-999	-999	-999	-999	-999	-999	-999	-999	C 4 H 5 107 109
3508	994200	-999	-999	-999	-999	-999	-999	-999	-999	0	-999	-999	-999	-999	-999	-999	-999	-999	-999	-999	-999	-999	-999	-999	-999	-999	-999	-999	-999	-999	-999	-999	-999	-999	-999	B 5 H 3 17 19
3508	862400	-999	-999	-999	-999	-999	-999	-999	-999	0	-999	-999	-999	-999	-999	-999	-999	-999	-999	-999	-999	-999	-999	-999	-999	-999	-999	-999	-999	-999	-999	-999	-999	-999	-999	C 4 H 5 107 109
3508	994200	-999	-999	-999	-999	-999	-999	-999	-999	-999	9	-999	-999	-999	-999	-999	-999	-999	-999	-999	-999	-999	-999	-999	-999	-999	-999	-999	-999	-999	-999	-999	-999	-999	-999	B 5 H 3 17 19
3508	862400	-999	-999	-999	-999	-999	-999	-999	-999	-999	1	-999	-999	-999	-999	-999	-999	-999	-999	-999	-999	-999	-999	-999	-999	-999	-999	-999	-999	-999	-999	-999	-999	-999	-999	C 4 H 5 107 109
3508	994200	-999	-999	-999	-999	-999	-999	-999	-999	-999	-999	11	-999	-999	-999	-999	-999	-999	-999	-999	-999	-999	-999	-999	-999	-999	-999	-999	-999	-999	-999	-999	-999	-999	-999	B 5 H 3 17 19
3508	862400	-999	-999	-999	-999	-999	-999	-999	-999	-999	-999	5	120	-999	-999	-999	-999	-999	-999	-999	-999	-999	-999	-999	-999	-999	-999	-999	-999	-999	-999	-999	-999	-999	-999	C 4 H 5 107 109
3508	994200	-999	-999	-999	-999	-999	-999	-999	-999	-999	-999	-999	91	-999	-999	-999	-999	-999	-999	-999	-999	-999	-999	-999	-999	-999	-999	-999	-999	-999	-999	-999	-999	-999	-999	B 5 H 3 17 19
3508	862400	-999	-999	-999	-999	-999	-999	-999	-999	-999	-999	-999	-999	26	-999	-999	-999	-999	-999	-999	-999	-999	-999	-999	-999	-999	-999	-999	-999	-999	-999	-999	-999	-999	-999	C 4 H 5 107 109
3508	994200	-999	-999	-999	-999	-999	-999	-999	-999	-999	-999	-999	-999	8	-999	-999	-999	-999	-999	-999	-999	-999	-999	-999	-999	-999	-999	-999	-999	-999	-999	-999	-999	-999	-999	B 5 H 3 17 19
3508	862400	-999	-999	-999	-999	-999	-999	-999	-999	-999	-999	-999	-999	-999	0	-999	-999	-999	-999	-999	-999	-999	-999	-999	-999	-999	-999	-999	-999	-999	-999	-999	-999	-999	-999	C 4 H 5 107 109
3508	994200	-999	-999	-999	-999	-999	-999	-999	-999	-999	-999	-999	-999	-999	0	-999	-999	-999	-999	-999	-999	-999	-999	-999	-999	-999	-999	-999	-999	-999	-999	-999	-999	-999	-999	B 5 H 3 17 19
3508	862400	-999	-999	-999	-999	-999	-999	-999	-999	-999	-999	-999	-999	-999	-999	0	-999	-999	-999	-999	-999	-999	-999	-999	-999	-999	-999	-999	-999	-999	-999	-999	-999	-999	-999	C 4 H 5 107 109
3508	994200	-999	-999	-999	-999	-999	-999	-999	-999	-999	-999	-999	-999	-999	-999	1	-999	-999	-999	-999	-999	-999	-999	-999	-999	-999	-999	-999	-999	-999	-999	-999	-999	-999	-999	B 5 H 3 17 19
3508	862400	-999	-999	-999	-999	-999	-999	-999	-999	-999	-999	-999	-999	-999	-999	-999	0	-999	-999	-999	-999	-999	-999	-999	-999	-999	-999	-999	-999	-999	-999	-999	-999	-999	-999	C 4 H 5 107 109
3508	994200	-999	-999	-999	-999	-999	-999	-999	-999	-999	-999	-999	-999	-999	-999	-999	0	0	-999	-999	-999	-999	-999	-999	-999	-999	-999	-999	-999	-999	-999	-999	-999	-999	-999	B 5 H 3 17 19
3508	862400	-999	-999	-999	-999	-999	-999	-999	-999	-999	-999	-999	-999	-999	-999	-999	-999	4	96	-999	-999	-999	-999	-999	-999	-999	-999	-999	-999	-999	-999	-999	-999	-999	-999	C 4 H 5 107 109
3508	994200	-999	-999	-999	-999	-999	-999	-999	-999	-999	-999	-999	-999	-999	-999	-999	-999	-999	193	58	-999	-999	-999	-999	-999	-999	-999	-999	-999	-999	-999	-999	-999	-999	-999	B 5 H 3 17 19
3508	862400	-999	-999	-999	-999	-999	-999	-999	-999	-999	-999	-999	-999	-999	-999	-999	-999	-999	-999	7	3	-999	-999	-999	-999	-999	-999	-999	-999	-999	-999	-999	-999	-999	-999	C 4 H 5 107 109
3508	994200	-999	-999	-999	-999	-999	-999	-999	-999	-999	-999	-999	-999	-999	-999	-999	-999	-999	-999	-999	0	0	-999	-999	-999	-999	-999	-999	-999	-999	-999	-999	-999	-999	-999	B 5 H 3 17 19
3508	862400	-999	-999	-999	-999	-999	-999	-999	-999	-999	-999	-999	-999	-999	-999	-999	-999	-999	-999	-999	-999	0	-999	-999	-999	-999	-999	-999	-999	-999	-999	-999	-999	-999	-999	C 4 H 5 107 109
3508	994200	-999	-999	-999	-999	-999	-999	-999	-999	-999	-999	-999	-999	-999	-999	-999	-999	-999	-999	-999	-999	-999	0	-999	-999	-999	-999	-999	-999	-999	-999	-999	-999	-999	-999	B 5 H 3 17 19
3508	862400	-999	-999	-999	-999	-999	-999	-999	-999	-999	-999	-999	-999	-999	-999	-999	-999	-999	-999	-999	-999	-999	3	362	-999	-999	-999	-999	-999	-999	-999	-999	-999	-999	-999	C 4 H 5 107 109
3508	994200	-999	-999	-999	-999	-999	-999	-999	-999	-999	-999	-999	-999	-999	-999	-999	-999	-999	-999	-999	-999	-999	-999	471	-999	-999	-999	-999	-999	-999	-999	-999	-999	-999	-999	B 5 H 3 17 19
3508	862400	-999	-999	-999	-999	-999	-999	-999	-999	-999	-999	-999	-999	-999	-999	-999	-999	-999	-999	-999	-999	-999	-999	-999	250	-999	-999	-999	-999	-999	-999	-999	-999	-999	-999	C 4 H 5 107 109
3508	994200	-999	-999	-999	-999	-999	-999	-999	-999	-999	-999	-999	-999	-999	-999	-999	-999	-999	-999	-999	-999	-999	-999	-999	0	-999	-999	-999	-999	-999	-999	-999	-999	-999	-999	B 5 H 3 17 19
3508	862400	-999	-999	-999	-999	-999	-999	-999	-999	-999	-999	-999	-999	-999	-999	-999	-999	-999	-999	-999	-999	-999	-999	-999	-999	11	-999	-999	-999	-999	-999	-999	-999	-999	-999	C 4 H 5 107 109
3508	994200	-999	-999	-999	-999	-999	-999	-999	-999	-999	-999	-999	-999	-999	-999	-999	-999	-999	-999	-999	-999	-999	-999	-999	-999	2	-999	-999	-999	-999	-999	-999	-999	-999	-999	B 5 H 3 17 19
3508	862400	-999	-999	-999	-999	-999	-999	-999	-999	-999	-999	-999	-999	-999	-999	-999	-999	-999	-999	-999	-999	-999	-999	-999	-999	-999	0	-999	-999	-999	-999	-999	-999	-999	-999	C 4 H 5 107 109
3508	994200	-999	-999	-999	-999	-999	-999	-999	-999	-999	-999	-999	-999	-999	-999	-999	-999	-999	-999	-999	-999	-999	-999	-999	-999	-999	0	-999	-999	-999	-999	-999	-999	-999	-999	B 5 H 3 17 19
3508	862400	-999	-999	-999	-999	-999	-999	-999	-999	-999	-999	-999	-999	-999	-999	-999	-999	-999	-999	-999	-999	-999	-999	-999	-999	-999	-999	0	-999	-999	-999	-999	-999	-999	-999	C 4 H 5 107 109
3508	994200	-999	-999	-999	-999	-999	-999	-999	-999	-999	-999	-999	-999	-999	-999	-999	-999	-999	-999	-999	-999	-999	-999	-999	-999	-999	-999	0	-999	-999	-999	-999	-999	-999	-999	B 5 H 3 17 19
3508	862400	-999	-999	-999	-999	-999	-999	-999	-999	-999	-999	-999	-999	-999	-999	-999	-999	-999	-999	-999	-999	-999	-999	-999	-999	-999	-999	-999	18.756	-999	-999	-999	-999	-999	-999	C 4 H 5 107 109
3508	994200	-999	-999	-999	-999	-999	-999	-999	-999	-999	-999	-999	-999	-999	-999	-999	-999	-999	-999	-999	-999	-999	-999	-999	-999	-999	-999	-999	14.779	-999	-999	-999	-999	-999	-999	B 5 H 3 17 19
3508	862400	-999	-999	-999	-999	-999	-999	-999	-999	-999	-999	-999	-999	-999	-999	-999	-999	-999	-999	-999	-999	-999	-999	-999	-999	-999	-999	-999	-999	0	-999	-999	-999	-999	-999	C 4 H 5 107 109
3508	994200	-999	-999	-999	-999	-999	-999	-999	-999	-999	-999	-999	-999	-999	-999	-999	-999	-999	-999	-999	-999	-999	-999	-999	-999	-999	-999	-999	-999	0	-999	-999	-999	-999	-999	B 5 H 3 17 19
3508	862400	-999	-999	-999	-999	-999	-999	-999	-999	-999	-999	-999	-999	-999	-999	-999	-999	-999	-999	-999	-999	-999	-999	-999	-999	-999	-999	-999	-999	-999	1	-999	-999	-999	-999	C 4 H 5 107 109
3508	994200	-999	-999	-999	-999	-999	-999	-999	-999	-999	-999	-999	-999	-999	-999	-999	-999	-999	-999	-999	-999	-999	-999	-999	-999	-999	-999	-999	-999	-999	8	-999	-999	-999	-999	B 5 H 3 17 19
3508	862400	-999	-999	-999	-999	-999	-999	-999	-999	-999	-999	-999	-999	-999	-999	-999	-999	-999	-999	-999	-999	-999	-999	-999	-999	-999	-999	-999	-999	-999	-999	1	-999	-999	-999	C 4 H 5 107 109
3508	994200	-999	-999	-999	-999	-999	-999	-999	-999	-999	-999	-999	-999	-999	-999	-999	-999	-999	-999	-999	-999	-999	-999	-999	-999	-999	-999	-999	-999	-999	-999	8	-999	-999	-999	B 5 H 3 17 19
3508	862400	-999	-999	-999	-999	-999	-999	-999	-999	-999	-999	-999	-999	-999	-999	-999	-999	-999	-999	-999	-999	-999	-999	-999	-999	-999	-999	-999	-999	-999	-999	-999	41	-999	-999	C 4 H 5 107 109
3508	994200	-999	-999	-999	-999	-999	-999	-999	-999	-999	-999	-999	-999	-999	-999	-999	-999	-999	-999	-999	-999	-999	-999	-999	-999	-999	-999	-999	-999	-999	-999	-999	15	-999	-999	B 5 H 3 17 19
3508	862400	-999	-999	-999	-999	-999	-999	-999	-999	-999	-999	-999	-999	-999	-999	-999	-999	-999	-999	-999	-999	-999	-999	-999	-999	-999	-999	-999	-999	-999	-999	-999	-999	1	-999	C 4 H 5 107 109
3508	994200	-999	-999	-999	-999	-999	-999	-999	-999	-999	-999	-999	-999	-999	-999	-999	-999	-999	-999	-999	-999	-999	-999	-999	-999	-999	-999	-999	-999	-999	-999	-999	-999	0	-999	B 5 H 3 17 19
3508	862400	-999	-999	-999	-999	-999	-999	-999	-999	-999	-999	-999	-999	-999	-999	-999	-999	-999	-999	-999	-999	-999	-999	-999	-999	-999	-999	-999	-999	-999	-999	-999	-999	-999	4	C 4 H 5 107 109
3508	994200	-999	-999	-999	-999	-999	-999	-999	-999	-999	-999	-999	-999	-999	-999	-999	-999	-999	-999	-999	-999	-999	-999	-999	-999	-999	-999	-999	-999	-999	-999	-999	-999	-999	1	B 5 H 3 17 19
3510	862900	1	0	0	11	197	5.2	3	81	0	3	9	116	33	0	0	0	1	155	4	9	0	1	441	0	5	0	0	18.69	0	0	0	22	0	3	C 4 H 5 110 112
3515	864300	0	0	0	6	124	4.1	1	35	0	6	7	87	36	0	0	0	2	154	4	3	0	1	353	2	1	1	0	19.003	0	0	1	15	0	0	C 4 H 5 115 117
3519	997000	0	0	0	7	94	2.6	6	69	0	12	22	98	9	0	1	0	2	159	33	2	0	1	436	1	9	0	0	15.735	0	7	1	11	1	3	B 5 H 3 28 30
3520	865600	0	0	2	6	108	3.3	2	53	0	0	15	45	4	0	0	0	2	212	21	6	0	0	386	0	1	0	0	16.013	0	0	0	26	0	0	C 4 H 5 120 122
3525	867000	0	0	0	22	196	4.8	1	87	1	1	15	50	3	0	0	0	3	239	25	1	0	0	466	0	7	0	0	15.087	0	3	0	37	0	0	C 4 H 5 125 127
3530	868300	0	-999	-999	-999	-999	-999	-999	-999	-999	-999	-999	-999	-999	-999	-999	-999	-999	-999	-999	-999	-999	-999	-999	-999	-999	-999	-999	-999	-999	-999	-999	-999	-999	-999	C 4 H 5 130 132
3530	999700	0	1	-999	-999	-999	-999	-999	-999	-999	-999	-999	-999	-999	-999	-999	-999	-999	-999	-999	-999	-999	-999	-999	-999	-999	-999	-999	-999	-999	-999	-999	-999	-999	-999	B 5 H 3 39 41
3530	868300	-999	3	0	-999	-999	-999	-999	-999	-999	-999	-999	-999	-999	-999	-999	-999	-999	-999	-999	-999	-999	-999	-999	-999	-999	-999	-999	-999	-999	-999	-999	-999	-999	-999	C 4 H 5 130 132
3530	999700	-999	-999	2	-999	-999	-999	-999	-999	-999	-999	-999	-999	-999	-999	-999	-999	-999	-999	-999	-999	-999	-999	-999	-999	-999	-999	-999	-999	-999	-999	-999	-999	-999	-999	B 5 H 3 39 41
3530	868300	-999	-999	-999	76	-999	-999	-999	-999	-999	-999	-999	-999	-999	-999	-999	-999	-999	-999	-999	-999	-999	-999	-999	-999	-999	-999	-999	-999	-999	-999	-999	-999	-999	-999	C 4 H 5 130 132
3530	999700	-999	-999	-999	8	164	-999	-999	-999	-999	-999	-999	-999	-999	-999	-999	-999	-999	-999	-999	-999	-999	-999	-999	-999	-999	-999	-999	-999	-999	-999	-999	-999	-999	-999	B 5 H 3 39 41
3530	868300	-999	-999	-999	-999	334	9.8	-999	-999	-999	-999	-999	-999	-999	-999	-999	-999	-999	-999	-999	-999	-999	-999	-999	-999	-999	-999	-999	-999	-999	-999	-999	-999	-999	-999	C 4 H 5 130 132
3530	999700	-999	-999	-999	-999	-999	3.2	-999	-999	-999	-999	-999	-999	-999	-999	-999	-999	-999	-999	-999	-999	-999	-999	-999	-999	-999	-999	-999	-999	-999	-999	-999	-999	-999	-999	B 5 H 3 39 41
3530	868300	-999	-999	-999	-999	-999	-999	0	-999	-999	-999	-999	-999	-999	-999	-999	-999	-999	-999	-999	-999	-999	-999	-999	-999	-999	-999	-999	-999	-999	-999	-999	-999	-999	-999	C 4 H 5 130 132
3530	999700	-999	-999	-999	-999	-999	-999	5	70	-999	-999	-999	-999	-999	-999	-999	-999	-999	-999	-999	-999	-999	-999	-999	-999	-999	-999	-999	-999	-999	-999	-999	-999	-999	-999	B 5 H 3 39 41
3530	868300	-999	-999	-999	-999	-999	-999	-999	103	0	-999	-999	-999	-999	-999	-999	-999	-999	-999	-999	-999	-999	-999	-999	-999	-999	-999	-999	-999	-999	-999	-999	-999	-999	-999	C 4 H 5 130 132
3530	999700	-999	-999	-999	-999	-999	-999	-999	-999	0	5	-999	-999	-999	-999	-999	-999	-999	-999	-999	-999	-999	-999	-999	-999	-999	-999	-999	-999	-999	-999	-999	-999	-999	-999	B 5 H 3 39 41
3530	868300	-999	-999	-999	-999	-999	-999	-999	-999	-999	0	16	-999	-999	-999	-999	-999	-999	-999	-999	-999	-999	-999	-999	-999	-999	-999	-999	-999	-999	-999	-999	-999	-999	-999	C 4 H 5 130 132
3530	999700	-999	-999	-999	-999	-999	-999	-999	-999	-999	-999	25	134	-999	-999	-999	-999	-999	-999	-999	-999	-999	-999	-999	-999	-999	-999	-999	-999	-999	-999	-999	-999	-999	-999	B 5 H 3 39 41
3530	868300	-999	-999	-999	-999	-999	-999	-999	-999	-999	-999	-999	27	-999	-999	-999	-999	-999	-999	-999	-999	-999	-999	-999	-999	-999	-999	-999	-999	-999	-999	-999	-999	-999	-999	C 4 H 5 130 132
3530	999700	-999	-999	-999	-999	-999	-999	-999	-999	-999	-999	-999	-999	9	-999	-999	-999	-999	-999	-999	-999	-999	-999	-999	-999	-999	-999	-999	-999	-999	-999	-999	-999	-999	-999	B 5 H 3 39 41
3530	868300	-999	-999	-999	-999	-999	-999	-999	-999	-999	-999	-999	-999	0	-999	-999	-999	-999	-999	-999	-999	-999	-999	-999	-999	-999	-999	-999	-999	-999	-999	-999	-999	-999	-999	C 4 H 5 130 132
3530	999700	-999	-999	-999	-999	-999	-999	-999	-999	-999	-999	-999	-999	-999	0	-999	-999	-999	-999	-999	-999	-999	-999	-999	-999	-999	-999	-999	-999	-999	-999	-999	-999	-999	-999	B 5 H 3 39 41
3530	868300	-999	-999	-999	-999	-999	-999	-999	-999	-999	-999	-999	-999	-999	0	1	-999	-999	-999	-999	-999	-999	-999	-999	-999	-999	-999	-999	-999	-999	-999	-999	-999	-999	-999	C 4 H 5 130 132
3530	999700	-999	-999	-999	-999	-999	-999	-999	-999	-999	-999	-999	-999	-999	-999	0	0	-999	-999	-999	-999	-999	-999	-999	-999	-999	-999	-999	-999	-999	-999	-999	-999	-999	-999	B 5 H 3 39 41
3530	868300	-999	-999	-999	-999	-999	-999	-999	-999	-999	-999	-999	-999	-999	-999	-999	0	-999	-999	-999	-999	-999	-999	-999	-999	-999	-999	-999	-999	-999	-999	-999	-999	-999	-999	C 4 H 5 130 132
3530	999700	-999	-999	-999	-999	-999	-999	-999	-999	-999	-999	-999	-999	-999	-999	-999	-999	1	-999	-999	-999	-999	-999	-999	-999	-999	-999	-999	-999	-999	-999	-999	-999	-999	-999	B 5 H 3 39 41
3530	868300	-999	-999	-999	-999	-999	-999	-999	-999	-999	-999	-999	-999	-999	-999	-999	-999	3	-999	-999	-999	-999	-999	-999	-999	-999	-999	-999	-999	-999	-999	-999	-999	-999	-999	C 4 H 5 130 132
3530	999700	-999	-999	-999	-999	-999	-999	-999	-999	-999	-999	-999	-999	-999	-999	-999	-999	-999	273	-999	-999	-999	-999	-999	-999	-999	-999	-999	-999	-999	-999	-999	-999	-999	-999	B 5 H 3 39 41
3530	868300	-999	-999	-999	-999	-999	-999	-999	-999	-999	-999	-999	-999	-999	-999	-999	-999	-999	108	-999	-999	-999	-999	-999	-999	-999	-999	-999	-999	-999	-999	-999	-999	-999	-999	C 4 H 5 130 132
3530	999700	-999	-999	-999	-999	-999	-999	-999	-999	-999	-999	-999	-999	-999	-999	-999	-999	-999	-999	61	-999	-999	-999	-999	-999	-999	-999	-999	-999	-999	-999	-999	-999	-999	-999	B 5 H 3 39 41
3530	868300	-999	-999	-999	-999	-999	-999	-999	-999	-999	-999	-999	-999	-999	-999	-999	-999	-999	-999	19	1	-999	-999	-999	-999	-999	-999	-999	-999	-999	-999	-999	-999	-999	-999	C 4 H 5 130 132
3530	999700	-999	-999	-999	-999	-999	-999	-999	-999	-999	-999	-999	-999	-999	-999	-999	-999	-999	-999	-999	3	0	-999	-999	-999	-999	-999	-999	-999	-999	-999	-999	-999	-999	-999	B 5 H 3 39 41
3530	868300	-999	-999	-999	-999	-999	-999	-999	-999	-999	-999	-999	-999	-999	-999	-999	-999	-999	-999	-999	-999	0	0	-999	-999	-999	-999	-999	-999	-999	-999	-999	-999	-999	-999	C 4 H 5 130 132
3530	999700	-999	-999	-999	-999	-999	-999	-999	-999	-999	-999	-999	-999	-999	-999	-999	-999	-999	-999	-999	-999	-999	0	-999	-999	-999	-999	-999	-999	-999	-999	-999	-999	-999	-999	B 5 H 3 39 41
3530	868300	-999	-999	-999	-999	-999	-999	-999	-999	-999	-999	-999	-999	-999	-999	-999	-999	-999	-999	-999	-999	-999	-999	308	-999	-999	-999	-999	-999	-999	-999	-999	-999	-999	-999	C 4 H 5 130 132
3530	999700	-999	-999	-999	-999	-999	-999	-999	-999	-999	-999	-999	-999	-999	-999	-999	-999	-999	-999	-999	-999	-999	-999	609	-999	-999	-999	-999	-999	-999	-999	-999	-999	-999	-999	B 5 H 3 39 41
3530	868300	-999	-999	-999	-999	-999	-999	-999	-999	-999	-999	-999	-999	-999	-999	-999	-999	-999	-999	-999	-999	-999	-999	-999	0	-999	-999	-999	-999	-999	-999	-999	-999	-999	-999	C 4 H 5 130 132
3530	999700	-999	-999	-999	-999	-999	-999	-999	-999	-999	-999	-999	-999	-999	-999	-999	-999	-999	-999	-999	-999	-999	-999	-999	0	-999	-999	-999	-999	-999	-999	-999	-999	-999	-999	B 5 H 3 39 41
3530	868300	-999	-999	-999	-999	-999	-999	-999	-999	-999	-999	-999	-999	-999	-999	-999	-999	-999	-999	-999	-999	-999	-999	-999	-999	4	-999	-999	-999	-999	-999	-999	-999	-999	-999	C 4 H 5 130 132
3530	999700	-999	-999	-999	-999	-999	-999	-999	-999	-999	-999	-999	-999	-999	-999	-999	-999	-999	-999	-999	-999	-999	-999	-999	-999	9	0	-999	-999	-999	-999	-999	-999	-999	-999	B 5 H 3 39 41
3530	868300	-999	-999	-999	-999	-999	-999	-999	-999	-999	-999	-999	-999	-999	-999	-999	-999	-999	-999	-999	-999	-999	-999	-999	-999	-999	0	-999	-999	-999	-999	-999	-999	-999	-999	C 4 H 5 130 132
3530	999700	-999	-999	-999	-999	-999	-999	-999	-999	-999	-999	-999	-999	-999	-999	-999	-999	-999	-999	-999	-999	-999	-999	-999	-999	-999	-999	0	-999	-999	-999	-999	-999	-999	-999	B 5 H 3 39 41
3530	868300	-999	-999	-999	-999	-999	-999	-999	-999	-999	-999	-999	-999	-999	-999	-999	-999	-999	-999	-999	-999	-999	-999	-999	-999	-999	-999	0	-999	-999	-999	-999	-999	-999	-999	C 4 H 5 130 132
3530	999700	-999	-999	-999	-999	-999	-999	-999	-999	-999	-999	-999	-999	-999	-999	-999	-999	-999	-999	-999	-999	-999	-999	-999	-999	-999	-999	-999	15.213	-999	-999	-999	-999	-999	-999	B 5 H 3 39 41
3530	868300	-999	-999	-999	-999	-999	-999	-999	-999	-999	-999	-999	-999	-999	-999	-999	-999	-999	-999	-999	-999	-999	-999	-999	-999	-999	-999	-999	12.681	-999	-999	-999	-999	-999	-999	C 4 H 5 130 132
3530	999700	-999	-999	-999	-999	-999	-999	-999	-999	-999	-999	-999	-999	-999	-999	-999	-999	-999	-999	-999	-999	-999	-999	-999	-999	-999	-999	-999	-999	0	-999	-999	-999	-999	-999	B 5 H 3 39 41
3530	868300	-999	-999	-999	-999	-999	-999	-999	-999	-999	-999	-999	-999	-999	-999	-999	-999	-999	-999	-999	-999	-999	-999	-999	-999	-999	-999	-999	-999	0	1	-999	-999	-999	-999	C 4 H 5 130 132
3530	999700	-999	-999	-999	-999	-999	-999	-999	-999	-999	-999	-999	-999	-999	-999	-999	-999	-999	-999	-999	-999	-999	-999	-999	-999	-999	-999	-999	-999	-999	1	3	-999	-999	-999	B 5 H 3 39 41
3530	868300	-999	-999	-999	-999	-999	-999	-999	-999	-999	-999	-999	-999	-999	-999	-999	-999	-999	-999	-999	-999	-999	-999	-999	-999	-999	-999	-999	-999	-999	-999	1	-999	-999	-999	C 4 H 5 130 132
3530	999700	-999	-999	-999	-999	-999	-999	-999	-999	-999	-999	-999	-999	-999	-999	-999	-999	-999	-999	-999	-999	-999	-999	-999	-999	-999	-999	-999	-999	-999	-999	-999	19	-999	-999	B 5 H 3 39 41
3530	868300	-999	-999	-999	-999	-999	-999	-999	-999	-999	-999	-999	-999	-999	-999	-999	-999	-999	-999	-999	-999	-999	-999	-999	-999	-999	-999	-999	-999	-999	-999	-999	29	0	-999	C 4 H 5 130 132
3530	999700	-999	-999	-999	-999	-999	-999	-999	-999	-999	-999	-999	-999	-999	-999	-999	-999	-999	-999	-999	-999	-999	-999	-999	-999	-999	-999	-999	-999	-999	-999	-999	-999	0	-999	B 5 H 3 39 41
3530	868300	-999	-999	-999	-999	-999	-999	-999	-999	-999	-999	-999	-999	-999	-999	-999	-999	-999	-999	-999	-999	-999	-999	-999	-999	-999	-999	-999	-999	-999	-999	-999	-999	-999	0	C 4 H 5 130 132
3530	999700	-999	-999	-999	-999	-999	-999	-999	-999	-999	-999	-999	-999	-999	-999	-999	-999	-999	-999	-999	-999	-999	-999	-999	-999	-999	-999	-999	-999	-999	-999	-999	-999	-999	0	B 5 H 3 39 41
3535	869700	0	0	0	16	260	8.9	0	141	0	0	10	27	4	0	0	0	0	69	34	2	0	0	316	0	7	0	0	11.496	0	3	1	25	0	0	C 4 H 5 135 137
3540	871100	0	-999	-999	-999	-999	-999	-999	-999	-999	-999	-999	-999	-999	-999	-999	-999	-999	-999	-999	-999	-999	-999	-999	-999	-999	-999	-999	-999	-999	-999	-999	-999	-999	-999	C 4 H 5 140 142
3540	1002200	0	-999	-999	-999	-999	-999	-999	-999	-999	-999	-999	-999	-999	-999	-999	-999	-999	-999	-999	-999	-999	-999	-999	-999	-999	-999	-999	-999	-999	-999	-999	-999	-999	-999	B 5 H 3 49 51
3540	871100	-999	0	-999	-999	-999	-999	-999	-999	-999	-999	-999	-999	-999	-999	-999	-999	-999	-999	-999	-999	-999	-999	-999	-999	-999	-999	-999	-999	-999	-999	-999	-999	-999	-999	C 4 H 5 140 142
3540	1002200	-999	1	-999	-999	-999	-999	-999	-999	-999	-999	-999	-999	-999	-999	-999	-999	-999	-999	-999	-999	-999	-999	-999	-999	-999	-999	-999	-999	-999	-999	-999	-999	-999	-999	B 5 H 3 49 51
3540	871100	-999	-999	0	-999	-999	-999	-999	-999	-999	-999	-999	-999	-999	-999	-999	-999	-999	-999	-999	-999	-999	-999	-999	-999	-999	-999	-999	-999	-999	-999	-999	-999	-999	-999	C 4 H 5 140 142
3540	1002200	-999	-999	0	-999	-999	-999	-999	-999	-999	-999	-999	-999	-999	-999	-999	-999	-999	-999	-999	-999	-999	-999	-999	-999	-999	-999	-999	-999	-999	-999	-999	-999	-999	-999	B 5 H 3 49 51
3540	871100	-999	-999	-999	34	-999	-999	-999	-999	-999	-999	-999	-999	-999	-999	-999	-999	-999	-999	-999	-999	-999	-999	-999	-999	-999	-999	-999	-999	-999	-999	-999	-999	-999	-999	C 4 H 5 140 142
3540	1002200	-999	-999	-999	17	-999	-999	-999	-999	-999	-999	-999	-999	-999	-999	-999	-999	-999	-999	-999	-999	-999	-999	-999	-999	-999	-999	-999	-999	-999	-999	-999	-999	-999	-999	B 5 H 3 49 51
3540	871100	-999	-999	-999	-999	432	-999	-999	-999	-999	-999	-999	-999	-999	-999	-999	-999	-999	-999	-999	-999	-999	-999	-999	-999	-999	-999	-999	-999	-999	-999	-999	-999	-999	-999	C 4 H 5 140 142
3540	1002200	-999	-999	-999	-999	144	-999	-999	-999	-999	-999	-999	-999	-999	-999	-999	-999	-999	-999	-999	-999	-999	-999	-999	-999	-999	-999	-999	-999	-999	-999	-999	-999	-999	-999	B 5 H 3 49 51
3540	871100	-999	-999	-999	-999	-999	12	-999	-999	-999	-999	-999	-999	-999	-999	-999	-999	-999	-999	-999	-999	-999	-999	-999	-999	-999	-999	-999	-999	-999	-999	-999	-999	-999	-999	C 4 H 5 140 142
3540	1002200	-999	-999	-999	-999	-999	3.4	2	-999	-999	-999	-999	-999	-999	-999	-999	-999	-999	-999	-999	-999	-999	-999	-999	-999	-999	-999	-999	-999	-999	-999	-999	-999	-999	-999	B 5 H 3 49 51
3540	871100	-999	-999	-999	-999	-999	-999	0	-999	-999	-999	-999	-999	-999	-999	-999	-999	-999	-999	-999	-999	-999	-999	-999	-999	-999	-999	-999	-999	-999	-999	-999	-999	-999	-999	C 4 H 5 140 142
3540	1002200	-999	-999	-999	-999	-999	-999	-999	46	-999	-999	-999	-999	-999	-999	-999	-999	-999	-999	-999	-999	-999	-999	-999	-999	-999	-999	-999	-999	-999	-999	-999	-999	-999	-999	B 5 H 3 49 51
3540	871100	-999	-999	-999	-999	-999	-999	-999	175	-999	-999	-999	-999	-999	-999	-999	-999	-999	-999	-999	-999	-999	-999	-999	-999	-999	-999	-999	-999	-999	-999	-999	-999	-999	-999	C 4 H 5 140 142
3540	1002200	-999	-999	-999	-999	-999	-999	-999	-999	0	-999	-999	-999	-999	-999	-999	-999	-999	-999	-999	-999	-999	-999	-999	-999	-999	-999	-999	-999	-999	-999	-999	-999	-999	-999	B 5 H 3 49 51
3540	871100	-999	-999	-999	-999	-999	-999	-999	-999	4	1	-999	-999	-999	-999	-999	-999	-999	-999	-999	-999	-999	-999	-999	-999	-999	-999	-999	-999	-999	-999	-999	-999	-999	-999	C 4 H 5 140 142
3540	1002200	-999	-999	-999	-999	-999	-999	-999	-999	-999	4	-999	-999	-999	-999	-999	-999	-999	-999	-999	-999	-999	-999	-999	-999	-999	-999	-999	-999	-999	-999	-999	-999	-999	-999	B 5 H 3 49 51
3540	871100	-999	-999	-999	-999	-999	-999	-999	-999	-999	-999	11	-999	-999	-999	-999	-999	-999	-999	-999	-999	-999	-999	-999	-999	-999	-999	-999	-999	-999	-999	-999	-999	-999	-999	C 4 H 5 140 142
3540	1002200	-999	-999	-999	-999	-999	-999	-999	-999	-999	-999	26	-999	-999	-999	-999	-999	-999	-999	-999	-999	-999	-999	-999	-999	-999	-999	-999	-999	-999	-999	-999	-999	-999	-999	B 5 H 3 49 51
3540	871100	-999	-999	-999	-999	-999	-999	-999	-999	-999	-999	-999	32	-999	-999	-999	-999	-999	-999	-999	-999	-999	-999	-999	-999	-999	-999	-999	-999	-999	-999	-999	-999	-999	-999	C 4 H 5 140 142
3540	1002200	-999	-999	-999	-999	-999	-999	-999	-999	-999	-999	-999	99	-999	-999	-999	-999	-999	-999	-999	-999	-999	-999	-999	-999	-999	-999	-999	-999	-999	-999	-999	-999	-999	-999	B 5 H 3 49 51
3540	871100	-999	-999	-999	-999	-999	-999	-999	-999	-999	-999	-999	-999	6	-999	-999	-999	-999	-999	-999	-999	-999	-999	-999	-999	-999	-999	-999	-999	-999	-999	-999	-999	-999	-999	C 4 H 5 140 142
3540	1002200	-999	-999	-999	-999	-999	-999	-999	-999	-999	-999	-999	-999	4	-999	-999	-999	-999	-999	-999	-999	-999	-999	-999	-999	-999	-999	-999	-999	-999	-999	-999	-999	-999	-999	B 5 H 3 49 51
3540	871100	-999	-999	-999	-999	-999	-999	-999	-999	-999	-999	-999	-999	-999	0	-999	-999	-999	-999	-999	-999	-999	-999	-999	-999	-999	-999	-999	-999	-999	-999	-999	-999	-999	-999	C 4 H 5 140 142
3540	1002200	-999	-999	-999	-999	-999	-999	-999	-999	-999	-999	-999	-999	-999	1	-999	-999	-999	-999	-999	-999	-999	-999	-999	-999	-999	-999	-999	-999	-999	-999	-999	-999	-999	-999	B 5 H 3 49 51
3540	871100	-999	-999	-999	-999	-999	-999	-999	-999	-999	-999	-999	-999	-999	-999	0	-999	-999	-999	-999	-999	-999	-999	-999	-999	-999	-999	-999	-999	-999	-999	-999	-999	-999	-999	C 4 H 5 140 142
3540	1002200	-999	-999	-999	-999	-999	-999	-999	-999	-999	-999	-999	-999	-999	-999	0	0	-999	-999	-999	-999	-999	-999	-999	-999	-999	-999	-999	-999	-999	-999	-999	-999	-999	-999	B 5 H 3 49 51
3540	871100	-999	-999	-999	-999	-999	-999	-999	-999	-999	-999	-999	-999	-999	-999	-999	0	-999	-999	-999	-999	-999	-999	-999	-999	-999	-999	-999	-999	-999	-999	-999	-999	-999	-999	C 4 H 5 140 142
3540	1002200	-999	-999	-999	-999	-999	-999	-999	-999	-999	-999	-999	-999	-999	-999	-999	-999	0	-999	-999	-999	-999	-999	-999	-999	-999	-999	-999	-999	-999	-999	-999	-999	-999	-999	B 5 H 3 49 51
3540	871100	-999	-999	-999	-999	-999	-999	-999	-999	-999	-999	-999	-999	-999	-999	-999	-999	2	-999	-999	-999	-999	-999	-999	-999	-999	-999	-999	-999	-999	-999	-999	-999	-999	-999	C 4 H 5 140 142
3540	1002200	-999	-999	-999	-999	-999	-999	-999	-999	-999	-999	-999	-999	-999	-999	-999	-999	-999	237	-999	-999	-999	-999	-999	-999	-999	-999	-999	-999	-999	-999	-999	-999	-999	-999	B 5 H 3 49 51
3540	871100	-999	-999	-999	-999	-999	-999	-999	-999	-999	-999	-999	-999	-999	-999	-999	-999	-999	80	27	-999	-999	-999	-999	-999	-999	-999	-999	-999	-999	-999	-999	-999	-999	-999	C 4 H 5 140 142
3540	1002200	-999	-999	-999	-999	-999	-999	-999	-999	-999	-999	-999	-999	-999	-999	-999	-999	-999	-999	41	11	-999	-999	-999	-999	-999	-999	-999	-999	-999	-999	-999	-999	-999	-999	B 5 H 3 49 51
3540	871100	-999	-999	-999	-999	-999	-999	-999	-999	-999	-999	-999	-999	-999	-999	-999	-999	-999	-999	-999	0	-999	-999	-999	-999	-999	-999	-999	-999	-999	-999	-999	-999	-999	-999	C 4 H 5 140 142
3540	1002200	-999	-999	-999	-999	-999	-999	-999	-999	-999	-999	-999	-999	-999	-999	-999	-999	-999	-999	-999	-999	0	-999	-999	-999	-999	-999	-999	-999	-999	-999	-999	-999	-999	-999	B 5 H 3 49 51
3540	871100	-999	-999	-999	-999	-999	-999	-999	-999	-999	-999	-999	-999	-999	-999	-999	-999	-999	-999	-999	-999	0	-999	-999	-999	-999	-999	-999	-999	-999	-999	-999	-999	-999	-999	C 4 H 5 140 142
3540	1002200	-999	-999	-999	-999	-999	-999	-999	-999	-999	-999	-999	-999	-999	-999	-999	-999	-999	-999	-999	-999	-999	0	-999	-999	-999	-999	-999	-999	-999	-999	-999	-999	-999	-999	B 5 H 3 49 51
3540	871100	-999	-999	-999	-999	-999	-999	-999	-999	-999	-999	-999	-999	-999	-999	-999	-999	-999	-999	-999	-999	-999	0	-999	-999	-999	-999	-999	-999	-999	-999	-999	-999	-999	-999	C 4 H 5 140 142
3540	1002200	-999	-999	-999	-999	-999	-999	-999	-999	-999	-999	-999	-999	-999	-999	-999	-999	-999	-999	-999	-999	-999	-999	501	-999	-999	-999	-999	-999	-999	-999	-999	-999	-999	-999	B 5 H 3 49 51
3540	871100	-999	-999	-999	-999	-999	-999	-999	-999	-999	-999	-999	-999	-999	-999	-999	-999	-999	-999	-999	-999	-999	-999	362	0	-999	-999	-999	-999	-999	-999	-999	-999	-999	-999	C 4 H 5 140 142
3540	1002200	-999	-999	-999	-999	-999	-999	-999	-999	-999	-999	-999	-999	-999	-999	-999	-999	-999	-999	-999	-999	-999	-999	-999	0	13	-999	-999	-999	-999	-999	-999	-999	-999	-999	B 5 H 3 49 51
3540	871100	-999	-999	-999	-999	-999	-999	-999	-999	-999	-999	-999	-999	-999	-999	-999	-999	-999	-999	-999	-999	-999	-999	-999	-999	7	-999	-999	-999	-999	-999	-999	-999	-999	-999	C 4 H 5 140 142
3540	1002200	-999	-999	-999	-999	-999	-999	-999	-999	-999	-999	-999	-999	-999	-999	-999	-999	-999	-999	-999	-999	-999	-999	-999	-999	-999	0	-999	-999	-999	-999	-999	-999	-999	-999	B 5 H 3 49 51
3540	871100	-999	-999	-999	-999	-999	-999	-999	-999	-999	-999	-999	-999	-999	-999	-999	-999	-999	-999	-999	-999	-999	-999	-999	-999	-999	0	1	-999	-999	-999	-999	-999	-999	-999	C 4 H 5 140 142
3540	1002200	-999	-999	-999	-999	-999	-999	-999	-999	-999	-999	-999	-999	-999	-999	-999	-999	-999	-999	-999	-999	-999	-999	-999	-999	-999	-999	0	15.387	-999	-999	-999	-999	-999	-999	B 5 H 3 49 51
3540	871100	-999	-999	-999	-999	-999	-999	-999	-999	-999	-999	-999	-999	-999	-999	-999	-999	-999	-999	-999	-999	-999	-999	-999	-999	-999	-999	-999	12.239	-999	-999	-999	-999	-999	-999	C 4 H 5 140 142
3540	1002200	-999	-999	-999	-999	-999	-999	-999	-999	-999	-999	-999	-999	-999	-999	-999	-999	-999	-999	-999	-999	-999	-999	-999	-999	-999	-999	-999	-999	0	-999	-999	-999	-999	-999	B 5 H 3 49 51
3540	871100	-999	-999	-999	-999	-999	-999	-999	-999	-999	-999	-999	-999	-999	-999	-999	-999	-999	-999	-999	-999	-999	-999	-999	-999	-999	-999	-999	-999	0	-999	-999	-999	-999	-999	C 4 H 5 140 142
3540	1002200	-999	-999	-999	-999	-999	-999	-999	-999	-999	-999	-999	-999	-999	-999	-999	-999	-999	-999	-999	-999	-999	-999	-999	-999	-999	-999	-999	-999	-999	0	-999	-999	-999	-999	B 5 H 3 49 51
3540	871100	-999	-999	-999	-999	-999	-999	-999	-999	-999	-999	-999	-999	-999	-999	-999	-999	-999	-999	-999	-999	-999	-999	-999	-999	-999	-999	-999	-999	-999	5	-999	-999	-999	-999	C 4 H 5 140 142
3540	1002200	-999	-999	-999	-999	-999	-999	-999	-999	-999	-999	-999	-999	-999	-999	-999	-999	-999	-999	-999	-999	-999	-999	-999	-999	-999	-999	-999	-999	-999	-999	0	-999	-999	-999	B 5 H 3 49 51
3540	871100	-999	-999	-999	-999	-999	-999	-999	-999	-999	-999	-999	-999	-999	-999	-999	-999	-999	-999	-999	-999	-999	-999	-999	-999	-999	-999	-999	-999	-999	-999	1	18	-999	-999	C 4 H 5 140 142
3540	1002200	-999	-999	-999	-999	-999	-999	-999	-999	-999	-999	-999	-999	-999	-999	-999	-999	-999	-999	-999	-999	-999	-999	-999	-999	-999	-999	-999	-999	-999	-999	-999	30	-999	-999	B 5 H 3 49 51
3540	871100	-999	-999	-999	-999	-999	-999	-999	-999	-999	-999	-999	-999	-999	-999	-999	-999	-999	-999	-999	-999	-999	-999	-999	-999	-999	-999	-999	-999	-999	-999	-999	-999	0	-999	C 4 H 5 140 142
3540	1002200	-999	-999	-999	-999	-999	-999	-999	-999	-999	-999	-999	-999	-999	-999	-999	-999	-999	-999	-999	-999	-999	-999	-999	-999	-999	-999	-999	-999	-999	-999	-999	-999	0	-999	B 5 H 3 49 51
3540	871100	-999	-999	-999	-999	-999	-999	-999	-999	-999	-999	-999	-999	-999	-999	-999	-999	-999	-999	-999	-999	-999	-999	-999	-999	-999	-999	-999	-999	-999	-999	-999	-999	-999	0	C 4 H 5 140 142
3540	1002200	-999	-999	-999	-999	-999	-999	-999	-999	-999	-999	-999	-999	-999	-999	-999	-999	-999	-999	-999	-999	-999	-999	-999	-999	-999	-999	-999	-999	-999	-999	-999	-999	-999	0	B 5 H 3 49 51
3545	872400	0	0	0	8	259	8.7	0	142	1	1	8	46	1	0	0	0	1	53	41	0	1	0	331	0	3	0	0	10.357	0	2	0	35	0	0	C 4 H 5 145 147
3550	873800	0	0	1	14	144	4.5	0	153	0	0	16	69	3	0	0	0	2	55	46	0	0	0	369	4	3	0	0	10.357	0	3	0	22	0	0	C 4 H 6 0 2
3554	1005400	0	0	0	7	89	2.3	2	33	0	6	25	89	2	0	1	0	2	223	41	4	0	0	470	0	13	0	0	14.955	0	2	2	36	1	2	B 5 H 3 63 65
3555	875100	0	0	0	14	163	4.7	0	129	0	4	23	77	5	0	0	0	2	71	45	0	0	0	402	2	11	0	0	11.037	0	8	2	36	0	0	C 4 H 6 5 7
3560	876500	0	0	0	7	110	4.3	0	90	0	1	10	70	1	0	0	0	0	89	16	1	0	0	301	2	5	0	0	12.845	0	3	0	20	0	0	C 4 H 6 10 12
3565	877900	0	0	0	10	102	3.8	0	108	0	0	8	72	3	0	0	0	2	81	26	0	0	0	317	0	5	0	0	12.134	0	3	0	14	0	0	C 4 H 6 15 17
3570	1009100	0	-999	-999	-999	-999	-999	-999	-999	-999	-999	-999	-999	-999	-999	-999	-999	-999	-999	-999	-999	-999	-999	-999	-999	-999	-999	-999	-999	-999	-999	-999	-999	-999	-999	B 5 H 3 79 81
3570	879200	1	0	-999	-999	-999	-999	-999	-999	-999	-999	-999	-999	-999	-999	-999	-999	-999	-999	-999	-999	-999	-999	-999	-999	-999	-999	-999	-999	-999	-999	-999	-999	-999	-999	C 4 H 6 20 22
3570	1009100	-999	0	-999	-999	-999	-999	-999	-999	-999	-999	-999	-999	-999	-999	-999	-999	-999	-999	-999	-999	-999	-999	-999	-999	-999	-999	-999	-999	-999	-999	-999	-999	-999	-999	B 5 H 3 79 81
3570	879200	-999	-999	1	-999	-999	-999	-999	-999	-999	-999	-999	-999	-999	-999	-999	-999	-999	-999	-999	-999	-999	-999	-999	-999	-999	-999	-999	-999	-999	-999	-999	-999	-999	-999	C 4 H 6 20 22
3570	1009100	-999	-999	0	4	-999	-999	-999	-999	-999	-999	-999	-999	-999	-999	-999	-999	-999	-999	-999	-999	-999	-999	-999	-999	-999	-999	-999	-999	-999	-999	-999	-999	-999	-999	B 5 H 3 79 81
3570	879200	-999	-999	-999	12	-999	-999	-999	-999	-999	-999	-999	-999	-999	-999	-999	-999	-999	-999	-999	-999	-999	-999	-999	-999	-999	-999	-999	-999	-999	-999	-999	-999	-999	-999	C 4 H 6 20 22
3570	1009100	-999	-999	-999	-999	95	-999	-999	-999	-999	-999	-999	-999	-999	-999	-999	-999	-999	-999	-999	-999	-999	-999	-999	-999	-999	-999	-999	-999	-999	-999	-999	-999	-999	-999	B 5 H 3 79 81
3570	879200	-999	-999	-999	-999	156	5.7	-999	-999	-999	-999	-999	-999	-999	-999	-999	-999	-999	-999	-999	-999	-999	-999	-999	-999	-999	-999	-999	-999	-999	-999	-999	-999	-999	-999	C 4 H 6 20 22
3570	1009100	-999	-999	-999	-999	-999	2.9	4	-999	-999	-999	-999	-999	-999	-999	-999	-999	-999	-999	-999	-999	-999	-999	-999	-999	-999	-999	-999	-999	-999	-999	-999	-999	-999	-999	B 5 H 3 79 81
3570	879200	-999	-999	-999	-999	-999	-999	1	-999	-999	-999	-999	-999	-999	-999	-999	-999	-999	-999	-999	-999	-999	-999	-999	-999	-999	-999	-999	-999	-999	-999	-999	-999	-999	-999	C 4 H 6 20 22
3570	1009100	-999	-999	-999	-999	-999	-999	-999	36	-999	-999	-999	-999	-999	-999	-999	-999	-999	-999	-999	-999	-999	-999	-999	-999	-999	-999	-999	-999	-999	-999	-999	-999	-999	-999	B 5 H 3 79 81
3570	879200	-999	-999	-999	-999	-999	-999	-999	51	0	-999	-999	-999	-999	-999	-999	-999	-999	-999	-999	-999	-999	-999	-999	-999	-999	-999	-999	-999	-999	-999	-999	-999	-999	-999	C 4 H 6 20 22
3570	1009100	-999	-999	-999	-999	-999	-999	-999	-999	0	2	-999	-999	-999	-999	-999	-999	-999	-999	-999	-999	-999	-999	-999	-999	-999	-999	-999	-999	-999	-999	-999	-999	-999	-999	B 5 H 3 79 81
3570	879200	-999	-999	-999	-999	-999	-999	-999	-999	-999	1	-999	-999	-999	-999	-999	-999	-999	-999	-999	-999	-999	-999	-999	-999	-999	-999	-999	-999	-999	-999	-999	-999	-999	-999	C 4 H 6 20 22
3570	1009100	-999	-999	-999	-999	-999	-999	-999	-999	-999	-999	33	-999	-999	-999	-999	-999	-999	-999	-999	-999	-999	-999	-999	-999	-999	-999	-999	-999	-999	-999	-999	-999	-999	-999	B 5 H 3 79 81
3570	879200	-999	-999	-999	-999	-999	-999	-999	-999	-999	-999	8	63	-999	-999	-999	-999	-999	-999	-999	-999	-999	-999	-999	-999	-999	-999	-999	-999	-999	-999	-999	-999	-999	-999	C 4 H 6 20 22
3570	1009100	-999	-999	-999	-999	-999	-999	-999	-999	-999	-999	-999	131	-999	-999	-999	-999	-999	-999	-999	-999	-999	-999	-999	-999	-999	-999	-999	-999	-999	-999	-999	-999	-999	-999	B 5 H 3 79 81
3570	879200	-999	-999	-999	-999	-999	-999	-999	-999	-999	-999	-999	-999	2	-999	-999	-999	-999	-999	-999	-999	-999	-999	-999	-999	-999	-999	-999	-999	-999	-999	-999	-999	-999	-999	C 4 H 6 20 22
3570	1009100	-999	-999	-999	-999	-999	-999	-999	-999	-999	-999	-999	-999	0	-999	-999	-999	-999	-999	-999	-999	-999	-999	-999	-999	-999	-999	-999	-999	-999	-999	-999	-999	-999	-999	B 5 H 3 79 81
3570	879200	-999	-999	-999	-999	-999	-999	-999	-999	-999	-999	-999	-999	-999	0	-999	-999	-999	-999	-999	-999	-999	-999	-999	-999	-999	-999	-999	-999	-999	-999	-999	-999	-999	-999	C 4 H 6 20 22
3570	1009100	-999	-999	-999	-999	-999	-999	-999	-999	-999	-999	-999	-999	-999	0	7	-999	-999	-999	-999	-999	-999	-999	-999	-999	-999	-999	-999	-999	-999	-999	-999	-999	-999	-999	B 5 H 3 79 81
3570	879200	-999	-999	-999	-999	-999	-999	-999	-999	-999	-999	-999	-999	-999	-999	0	-999	-999	-999	-999	-999	-999	-999	-999	-999	-999	-999	-999	-999	-999	-999	-999	-999	-999	-999	C 4 H 6 20 22
3570	1009100	-999	-999	-999	-999	-999	-999	-999	-999	-999	-999	-999	-999	-999	-999	-999	0	-999	-999	-999	-999	-999	-999	-999	-999	-999	-999	-999	-999	-999	-999	-999	-999	-999	-999	B 5 H 3 79 81
3570	879200	-999	-999	-999	-999	-999	-999	-999	-999	-999	-999	-999	-999	-999	-999	-999	0	-999	-999	-999	-999	-999	-999	-999	-999	-999	-999	-999	-999	-999	-999	-999	-999	-999	-999	C 4 H 6 20 22
3570	1009100	-999	-999	-999	-999	-999	-999	-999	-999	-999	-999	-999	-999	-999	-999	-999	-999	1	-999	-999	-999	-999	-999	-999	-999	-999	-999	-999	-999	-999	-999	-999	-999	-999	-999	B 5 H 3 79 81
3570	879200	-999	-999	-999	-999	-999	-999	-999	-999	-999	-999	-999	-999	-999	-999	-999	-999	1	-999	-999	-999	-999	-999	-999	-999	-999	-999	-999	-999	-999	-999	-999	-999	-999	-999	C 4 H 6 20 22
3570	1009100	-999	-999	-999	-999	-999	-999	-999	-999	-999	-999	-999	-999	-999	-999	-999	-999	-999	87	-999	-999	-999	-999	-999	-999	-999	-999	-999	-999	-999	-999	-999	-999	-999	-999	B 5 H 3 79 81
3570	879200	-999	-999	-999	-999	-999	-999	-999	-999	-999	-999	-999	-999	-999	-999	-999	-999	-999	153	8	-999	-999	-999	-999	-999	-999	-999	-999	-999	-999	-999	-999	-999	-999	-999	C 4 H 6 20 22
3570	1009100	-999	-999	-999	-999	-999	-999	-999	-999	-999	-999	-999	-999	-999	-999	-999	-999	-999	-999	66	1	-999	-999	-999	-999	-999	-999	-999	-999	-999	-999	-999	-999	-999	-999	B 5 H 3 79 81
3570	879200	-999	-999	-999	-999	-999	-999	-999	-999	-999	-999	-999	-999	-999	-999	-999	-999	-999	-999	-999	2	0	-999	-999	-999	-999	-999	-999	-999	-999	-999	-999	-999	-999	-999	C 4 H 6 20 22
3570	1009100	-999	-999	-999	-999	-999	-999	-999	-999	-999	-999	-999	-999	-999	-999	-999	-999	-999	-999	-999	-999	0	0	-999	-999	-999	-999	-999	-999	-999	-999	-999	-999	-999	-999	B 5 H 3 79 81
3570	879200	-999	-999	-999	-999	-999	-999	-999	-999	-999	-999	-999	-999	-999	-999	-999	-999	-999	-999	-999	-999	-999	0	-999	-999	-999	-999	-999	-999	-999	-999	-999	-999	-999	-999	C 4 H 6 20 22
3570	1009100	-999	-999	-999	-999	-999	-999	-999	-999	-999	-999	-999	-999	-999	-999	-999	-999	-999	-999	-999	-999	-999	-999	388	-999	-999	-999	-999	-999	-999	-999	-999	-999	-999	-999	B 5 H 3 79 81
3570	879200	-999	-999	-999	-999	-999	-999	-999	-999	-999	-999	-999	-999	-999	-999	-999	-999	-999	-999	-999	-999	-999	-999	310	-999	-999	-999	-999	-999	-999	-999	-999	-999	-999	-999	C 4 H 6 20 22
3570	1009100	-999	-999	-999	-999	-999	-999	-999	-999	-999	-999	-999	-999	-999	-999	-999	-999	-999	-999	-999	-999	-999	-999	-999	1	-999	-999	-999	-999	-999	-999	-999	-999	-999	-999	B 5 H 3 79 81
3570	879200	-999	-999	-999	-999	-999	-999	-999	-999	-999	-999	-999	-999	-999	-999	-999	-999	-999	-999	-999	-999	-999	-999	-999	0	5	-999	-999	-999	-999	-999	-999	-999	-999	-999	C 4 H 6 20 22
3570	1009100	-999	-999	-999	-999	-999	-999	-999	-999	-999	-999	-999	-999	-999	-999	-999	-999	-999	-999	-999	-999	-999	-999	-999	-999	11	-999	-999	-999	-999	-999	-999	-999	-999	-999	B 5 H 3 79 81
3570	879200	-999	-999	-999	-999	-999	-999	-999	-999	-999	-999	-999	-999	-999	-999	-999	-999	-999	-999	-999	-999	-999	-999	-999	-999	-999	0	-999	-999	-999	-999	-999	-999	-999	-999	C 4 H 6 20 22
3570	1009100	-999	-999	-999	-999	-999	-999	-999	-999	-999	-999	-999	-999	-999	-999	-999	-999	-999	-999	-999	-999	-999	-999	-999	-999	-999	0	0	-999	-999	-999	-999	-999	-999	-999	B 5 H 3 79 81
3570	879200	-999	-999	-999	-999	-999	-999	-999	-999	-999	-999	-999	-999	-999	-999	-999	-999	-999	-999	-999	-999	-999	-999	-999	-999	-999	-999	0	-999	-999	-999	-999	-999	-999	-999	C 4 H 6 20 22
3570	1009100	-999	-999	-999	-999	-999	-999	-999	-999	-999	-999	-999	-999	-999	-999	-999	-999	-999	-999	-999	-999	-999	-999	-999	-999	-999	-999	-999	11.028	-999	-999	-999	-999	-999	-999	B 5 H 3 79 81
3570	879200	-999	-999	-999	-999	-999	-999	-999	-999	-999	-999	-999	-999	-999	-999	-999	-999	-999	-999	-999	-999	-999	-999	-999	-999	-999	-999	-999	15.955	0	-999	-999	-999	-999	-999	C 4 H 6 20 22
3570	1009100	-999	-999	-999	-999	-999	-999	-999	-999	-999	-999	-999	-999	-999	-999	-999	-999	-999	-999	-999	-999	-999	-999	-999	-999	-999	-999	-999	-999	0	13	-999	-999	-999	-999	B 5 H 3 79 81
3570	879200	-999	-999	-999	-999	-999	-999	-999	-999	-999	-999	-999	-999	-999	-999	-999	-999	-999	-999	-999	-999	-999	-999	-999	-999	-999	-999	-999	-999	-999	1	-999	-999	-999	-999	C 4 H 6 20 22
3570	1009100	-999	-999	-999	-999	-999	-999	-999	-999	-999	-999	-999	-999	-999	-999	-999	-999	-999	-999	-999	-999	-999	-999	-999	-999	-999	-999	-999	-999	-999	-999	2	-999	-999	-999	B 5 H 3 79 81
3570	879200	-999	-999	-999	-999	-999	-999	-999	-999	-999	-999	-999	-999	-999	-999	-999	-999	-999	-999	-999	-999	-999	-999	-999	-999	-999	-999	-999	-999	-999	-999	0	18	-999	-999	C 4 H 6 20 22
3570	1009100	-999	-999	-999	-999	-999	-999	-999	-999	-999	-999	-999	-999	-999	-999	-999	-999	-999	-999	-999	-999	-999	-999	-999	-999	-999	-999	-999	-999	-999	-999	-999	12	0	-999	B 5 H 3 79 81
3570	879200	-999	-999	-999	-999	-999	-999	-999	-999	-999	-999	-999	-999	-999	-999	-999	-999	-999	-999	-999	-999	-999	-999	-999	-999	-999	-999	-999	-999	-999	-999	-999	-999	0	0	C 4 H 6 20 22
3570	1009100	-999	-999	-999	-999	-999	-999	-999	-999	-999	-999	-999	-999	-999	-999	-999	-999	-999	-999	-999	-999	-999	-999	-999	-999	-999	-999	-999	-999	-999	-999	-999	-999	-999	0	B 5 H 3 79 81
3575	880600	1	0	1	2	102	2.8	1	97	1	3	12	97	2	0	0	0	1	193	21	3	0	0	447	2	4	0	0	14.79	0	3	2	10	0	0	C 4 H 6 25 27
3580	881900	0	-999	-999	-999	-999	-999	-999	-999	-999	-999	-999	-999	-999	-999	-999	-999	-999	-999	-999	-999	-999	-999	-999	-999	-999	-999	-999	-999	-999	-999	-999	-999	-999	-999	C 4 H 6 30 32
3580	1011500	0	-999	-999	-999	-999	-999	-999	-999	-999	-999	-999	-999	-999	-999	-999	-999	-999	-999	-999	-999	-999	-999	-999	-999	-999	-999	-999	-999	-999	-999	-999	-999	-999	-999	B 5 H 3 89 91
3580	881900	-999	0	-999	-999	-999	-999	-999	-999	-999	-999	-999	-999	-999	-999	-999	-999	-999	-999	-999	-999	-999	-999	-999	-999	-999	-999	-999	-999	-999	-999	-999	-999	-999	-999	C 4 H 6 30 32
3580	1011500	-999	0	1	-999	-999	-999	-999	-999	-999	-999	-999	-999	-999	-999	-999	-999	-999	-999	-999	-999	-999	-999	-999	-999	-999	-999	-999	-999	-999	-999	-999	-999	-999	-999	B 5 H 3 89 91
3580	881900	-999	-999	2	29	-999	-999	-999	-999	-999	-999	-999	-999	-999	-999	-999	-999	-999	-999	-999	-999	-999	-999	-999	-999	-999	-999	-999	-999	-999	-999	-999	-999	-999	-999	C 4 H 6 30 32
3580	1011500	-999	-999	-999	13	-999	-999	-999	-999	-999	-999	-999	-999	-999	-999	-999	-999	-999	-999	-999	-999	-999	-999	-999	-999	-999	-999	-999	-999	-999	-999	-999	-999	-999	-999	B 5 H 3 89 91
3580	881900	-999	-999	-999	-999	220	-999	-999	-999	-999	-999	-999	-999	-999	-999	-999	-999	-999	-999	-999	-999	-999	-999	-999	-999	-999	-999	-999	-999	-999	-999	-999	-999	-999	-999	C 4 H 6 30 32
3580	1011500	-999	-999	-999	-999	109	-999	-999	-999	-999	-999	-999	-999	-999	-999	-999	-999	-999	-999	-999	-999	-999	-999	-999	-999	-999	-999	-999	-999	-999	-999	-999	-999	-999	-999	B 5 H 3 89 91
3580	881900	-999	-999	-999	-999	-999	7.7	-999	-999	-999	-999	-999	-999	-999	-999	-999	-999	-999	-999	-999	-999	-999	-999	-999	-999	-999	-999	-999	-999	-999	-999	-999	-999	-999	-999	C 4 H 6 30 32
3580	1011500	-999	-999	-999	-999	-999	3.6	-999	-999	-999	-999	-999	-999	-999	-999	-999	-999	-999	-999	-999	-999	-999	-999	-999	-999	-999	-999	-999	-999	-999	-999	-999	-999	-999	-999	B 5 H 3 89 91
3580	881900	-999	-999	-999	-999	-999	-999	1	-999	-999	-999	-999	-999	-999	-999	-999	-999	-999	-999	-999	-999	-999	-999	-999	-999	-999	-999	-999	-999	-999	-999	-999	-999	-999	-999	C 4 H 6 30 32
3580	1011500	-999	-999	-999	-999	-999	-999	4	31	-999	-999	-999	-999	-999	-999	-999	-999	-999	-999	-999	-999	-999	-999	-999	-999	-999	-999	-999	-999	-999	-999	-999	-999	-999	-999	B 5 H 3 89 91
3580	881900	-999	-999	-999	-999	-999	-999	-999	67	0	-999	-999	-999	-999	-999	-999	-999	-999	-999	-999	-999	-999	-999	-999	-999	-999	-999	-999	-999	-999	-999	-999	-999	-999	-999	C 4 H 6 30 32
3580	1011500	-999	-999	-999	-999	-999	-999	-999	-999	0	6	-999	-999	-999	-999	-999	-999	-999	-999	-999	-999	-999	-999	-999	-999	-999	-999	-999	-999	-999	-999	-999	-999	-999	-999	B 5 H 3 89 91
3580	881900	-999	-999	-999	-999	-999	-999	-999	-999	-999	1	9	-999	-999	-999	-999	-999	-999	-999	-999	-999	-999	-999	-999	-999	-999	-999	-999	-999	-999	-999	-999	-999	-999	-999	C 4 H 6 30 32
3580	1011500	-999	-999	-999	-999	-999	-999	-999	-999	-999	-999	16	134	-999	-999	-999	-999	-999	-999	-999	-999	-999	-999	-999	-999	-999	-999	-999	-999	-999	-999	-999	-999	-999	-999	B 5 H 3 89 91
3580	881900	-999	-999	-999	-999	-999	-999	-999	-999	-999	-999	-999	66	1	-999	-999	-999	-999	-999	-999	-999	-999	-999	-999	-999	-999	-999	-999	-999	-999	-999	-999	-999	-999	-999	C 4 H 6 30 32
3580	1011500	-999	-999	-999	-999	-999	-999	-999	-999	-999	-999	-999	-999	0	-999	-999	-999	-999	-999	-999	-999	-999	-999	-999	-999	-999	-999	-999	-999	-999	-999	-999	-999	-999	-999	B 5 H 3 89 91
3580	881900	-999	-999	-999	-999	-999	-999	-999	-999	-999	-999	-999	-999	-999	0	-999	-999	-999	-999	-999	-999	-999	-999	-999	-999	-999	-999	-999	-999	-999	-999	-999	-999	-999	-999	C 4 H 6 30 32
3580	1011500	-999	-999	-999	-999	-999	-999	-999	-999	-999	-999	-999	-999	-999	1	16	-999	-999	-999	-999	-999	-999	-999	-999	-999	-999	-999	-999	-999	-999	-999	-999	-999	-999	-999	B 5 H 3 89 91
3580	881900	-999	-999	-999	-999	-999	-999	-999	-999	-999	-999	-999	-999	-999	-999	0	0	-999	-999	-999	-999	-999	-999	-999	-999	-999	-999	-999	-999	-999	-999	-999	-999	-999	-999	C 4 H 6 30 32
3580	1011500	-999	-999	-999	-999	-999	-999	-999	-999	-999	-999	-999	-999	-999	-999	-999	0	3	-999	-999	-999	-999	-999	-999	-999	-999	-999	-999	-999	-999	-999	-999	-999	-999	-999	B 5 H 3 89 91
3580	881900	-999	-999	-999	-999	-999	-999	-999	-999	-999	-999	-999	-999	-999	-999	-999	-999	3	-999	-999	-999	-999	-999	-999	-999	-999	-999	-999	-999	-999	-999	-999	-999	-999	-999	C 4 H 6 30 32
3580	1011500	-999	-999	-999	-999	-999	-999	-999	-999	-999	-999	-999	-999	-999	-999	-999	-999	-999	70	-999	-999	-999	-999	-999	-999	-999	-999	-999	-999	-999	-999	-999	-999	-999	-999	B 5 H 3 89 91
3580	881900	-999	-999	-999	-999	-999	-999	-999	-999	-999	-999	-999	-999	-999	-999	-999	-999	-999	125	-999	-999	-999	-999	-999	-999	-999	-999	-999	-999	-999	-999	-999	-999	-999	-999	C 4 H 6 30 32
3580	1011500	-999	-999	-999	-999	-999	-999	-999	-999	-999	-999	-999	-999	-999	-999	-999	-999	-999	-999	58	-999	-999	-999	-999	-999	-999	-999	-999	-999	-999	-999	-999	-999	-999	-999	B 5 H 3 89 91
3580	881900	-999	-999	-999	-999	-999	-999	-999	-999	-999	-999	-999	-999	-999	-999	-999	-999	-999	-999	8	-999	-999	-999	-999	-999	-999	-999	-999	-999	-999	-999	-999	-999	-999	-999	C 4 H 6 30 32
3580	1011500	-999	-999	-999	-999	-999	-999	-999	-999	-999	-999	-999	-999	-999	-999	-999	-999	-999	-999	-999	0	-999	-999	-999	-999	-999	-999	-999	-999	-999	-999	-999	-999	-999	-999	B 5 H 3 89 91
3580	881900	-999	-999	-999	-999	-999	-999	-999	-999	-999	-999	-999	-999	-999	-999	-999	-999	-999	-999	-999	1	0	-999	-999	-999	-999	-999	-999	-999	-999	-999	-999	-999	-999	-999	C 4 H 6 30 32
3580	1011500	-999	-999	-999	-999	-999	-999	-999	-999	-999	-999	-999	-999	-999	-999	-999	-999	-999	-999	-999	-999	0	0	-999	-999	-999	-999	-999	-999	-999	-999	-999	-999	-999	-999	B 5 H 3 89 91
3580	881900	-999	-999	-999	-999	-999	-999	-999	-999	-999	-999	-999	-999	-999	-999	-999	-999	-999	-999	-999	-999	-999	0	302	-999	-999	-999	-999	-999	-999	-999	-999	-999	-999	-999	C 4 H 6 30 32
3580	1011500	-999	-999	-999	-999	-999	-999	-999	-999	-999	-999	-999	-999	-999	-999	-999	-999	-999	-999	-999	-999	-999	-999	349	-999	-999	-999	-999	-999	-999	-999	-999	-999	-999	-999	B 5 H 3 89 91
3580	881900	-999	-999	-999	-999	-999	-999	-999	-999	-999	-999	-999	-999	-999	-999	-999	-999	-999	-999	-999	-999	-999	-999	-999	2	-999	-999	-999	-999	-999	-999	-999	-999	-999	-999	C 4 H 6 30 32
3580	1011500	-999	-999	-999	-999	-999	-999	-999	-999	-999	-999	-999	-999	-999	-999	-999	-999	-999	-999	-999	-999	-999	-999	-999	0	6	-999	-999	-999	-999	-999	-999	-999	-999	-999	B 5 H 3 89 91
3580	881900	-999	-999	-999	-999	-999	-999	-999	-999	-999	-999	-999	-999	-999	-999	-999	-999	-999	-999	-999	-999	-999	-999	-999	-999	4	-999	-999	-999	-999	-999	-999	-999	-999	-999	C 4 H 6 30 32
3580	1011500	-999	-999	-999	-999	-999	-999	-999	-999	-999	-999	-999	-999	-999	-999	-999	-999	-999	-999	-999	-999	-999	-999	-999	-999	-999	0	-999	-999	-999	-999	-999	-999	-999	-999	B 5 H 3 89 91
3580	881900	-999	-999	-999	-999	-999	-999	-999	-999	-999	-999	-999	-999	-999	-999	-999	-999	-999	-999	-999	-999	-999	-999	-999	-999	-999	0	-999	-999	-999	-999	-999	-999	-999	-999	C 4 H 6 30 32
3580	1011500	-999	-999	-999	-999	-999	-999	-999	-999	-999	-999	-999	-999	-999	-999	-999	-999	-999	-999	-999	-999	-999	-999	-999	-999	-999	-999	0	-999	-999	-999	-999	-999	-999	-999	B 5 H 3 89 91
3580	881900	-999	-999	-999	-999	-999	-999	-999	-999	-999	-999	-999	-999	-999	-999	-999	-999	-999	-999	-999	-999	-999	-999	-999	-999	-999	-999	2	-999	-999	-999	-999	-999	-999	-999	C 4 H 6 30 32
3580	1011500	-999	-999	-999	-999	-999	-999	-999	-999	-999	-999	-999	-999	-999	-999	-999	-999	-999	-999	-999	-999	-999	-999	-999	-999	-999	-999	-999	11.429	-999	-999	-999	-999	-999	-999	B 5 H 3 89 91
3580	881900	-999	-999	-999	-999	-999	-999	-999	-999	-999	-999	-999	-999	-999	-999	-999	-999	-999	-999	-999	-999	-999	-999	-999	-999	-999	-999	-999	14.926	0	-999	-999	-999	-999	-999	C 4 H 6 30 32
3580	1011500	-999	-999	-999	-999	-999	-999	-999	-999	-999	-999	-999	-999	-999	-999	-999	-999	-999	-999	-999	-999	-999	-999	-999	-999	-999	-999	-999	-999	0	-999	-999	-999	-999	-999	B 5 H 3 89 91
3580	881900	-999	-999	-999	-999	-999	-999	-999	-999	-999	-999	-999	-999	-999	-999	-999	-999	-999	-999	-999	-999	-999	-999	-999	-999	-999	-999	-999	-999	-999	4	-999	-999	-999	-999	C 4 H 6 30 32
3580	1011500	-999	-999	-999	-999	-999	-999	-999	-999	-999	-999	-999	-999	-999	-999	-999	-999	-999	-999	-999	-999	-999	-999	-999	-999	-999	-999	-999	-999	-999	3	3	-999	-999	-999	B 5 H 3 89 91
3580	881900	-999	-999	-999	-999	-999	-999	-999	-999	-999	-999	-999	-999	-999	-999	-999	-999	-999	-999	-999	-999	-999	-999	-999	-999	-999	-999	-999	-999	-999	-999	0	-999	-999	-999	C 4 H 6 30 32
3580	1011500	-999	-999	-999	-999	-999	-999	-999	-999	-999	-999	-999	-999	-999	-999	-999	-999	-999	-999	-999	-999	-999	-999	-999	-999	-999	-999	-999	-999	-999	-999	-999	18	-999	-999	B 5 H 3 89 91
3580	881900	-999	-999	-999	-999	-999	-999	-999	-999	-999	-999	-999	-999	-999	-999	-999	-999	-999	-999	-999	-999	-999	-999	-999	-999	-999	-999	-999	-999	-999	-999	-999	16	0	-999	C 4 H 6 30 32
3580	1011500	-999	-999	-999	-999	-999	-999	-999	-999	-999	-999	-999	-999	-999	-999	-999	-999	-999	-999	-999	-999	-999	-999	-999	-999	-999	-999	-999	-999	-999	-999	-999	-999	0	-999	B 5 H 3 89 91
3580	881900	-999	-999	-999	-999	-999	-999	-999	-999	-999	-999	-999	-999	-999	-999	-999	-999	-999	-999	-999	-999	-999	-999	-999	-999	-999	-999	-999	-999	-999	-999	-999	-999	-999	0	C 4 H 6 30 32
3580	1011500	-999	-999	-999	-999	-999	-999	-999	-999	-999	-999	-999	-999	-999	-999	-999	-999	-999	-999	-999	-999	-999	-999	-999	-999	-999	-999	-999	-999	-999	-999	-999	-999	-999	2	B 5 H 3 89 91
3585	883300	1	0	1	12	141	3.2	3	113	0	3	14	99	5	0	0	0	0	208	21	5	0	0	513	1	11	0	0	15.414	0	2	1	38	0	0	C 4 H 6 35 37
3590	884600	1	-999	-999	-999	-999	-999	-999	-999	-999	-999	-999	-999	-999	-999	-999	-999	-999	-999	-999	-999	-999	-999	-999	-999	-999	-999	-999	-999	-999	-999	-999	-999	-999	-999	C 4 H 6 40 42
3590	1013800	0	-999	-999	-999	-999	-999	-999	-999	-999	-999	-999	-999	-999	-999	-999	-999	-999	-999	-999	-999	-999	-999	-999	-999	-999	-999	-999	-999	-999	-999	-999	-999	-999	-999	B 5 H 3 99 101
3590	884600	-999	0	-999	-999	-999	-999	-999	-999	-999	-999	-999	-999	-999	-999	-999	-999	-999	-999	-999	-999	-999	-999	-999	-999	-999	-999	-999	-999	-999	-999	-999	-999	-999	-999	C 4 H 6 40 42
3590	1013800	-999	0	-999	-999	-999	-999	-999	-999	-999	-999	-999	-999	-999	-999	-999	-999	-999	-999	-999	-999	-999	-999	-999	-999	-999	-999	-999	-999	-999	-999	-999	-999	-999	-999	B 5 H 3 99 101
3590	884600	-999	-999	0	-999	-999	-999	-999	-999	-999	-999	-999	-999	-999	-999	-999	-999	-999	-999	-999	-999	-999	-999	-999	-999	-999	-999	-999	-999	-999	-999	-999	-999	-999	-999	C 4 H 6 40 42
3590	1013800	-999	-999	1	-999	-999	-999	-999	-999	-999	-999	-999	-999	-999	-999	-999	-999	-999	-999	-999	-999	-999	-999	-999	-999	-999	-999	-999	-999	-999	-999	-999	-999	-999	-999	B 5 H 3 99 101
3590	884600	-999	-999	-999	7	-999	-999	-999	-999	-999	-999	-999	-999	-999	-999	-999	-999	-999	-999	-999	-999	-999	-999	-999	-999	-999	-999	-999	-999	-999	-999	-999	-999	-999	-999	C 4 H 6 40 42
3590	1013800	-999	-999	-999	5	-999	-999	-999	-999	-999	-999	-999	-999	-999	-999	-999	-999	-999	-999	-999	-999	-999	-999	-999	-999	-999	-999	-999	-999	-999	-999	-999	-999	-999	-999	B 5 H 3 99 101
3590	884600	-999	-999	-999	-999	152	-999	-999	-999	-999	-999	-999	-999	-999	-999	-999	-999	-999	-999	-999	-999	-999	-999	-999	-999	-999	-999	-999	-999	-999	-999	-999	-999	-999	-999	C 4 H 6 40 42
3590	1013800	-999	-999	-999	-999	147	-999	-999	-999	-999	-999	-999	-999	-999	-999	-999	-999	-999	-999	-999	-999	-999	-999	-999	-999	-999	-999	-999	-999	-999	-999	-999	-999	-999	-999	B 5 H 3 99 101
3590	884600	-999	-999	-999	-999	-999	3.3	-999	-999	-999	-999	-999	-999	-999	-999	-999	-999	-999	-999	-999	-999	-999	-999	-999	-999	-999	-999	-999	-999	-999	-999	-999	-999	-999	-999	C 4 H 6 40 42
3590	1013800	-999	-999	-999	-999	-999	4.1	-999	-999	-999	-999	-999	-999	-999	-999	-999	-999	-999	-999	-999	-999	-999	-999	-999	-999	-999	-999	-999	-999	-999	-999	-999	-999	-999	-999	B 5 H 3 99 101
3590	884600	-999	-999	-999	-999	-999	-999	3	-999	-999	-999	-999	-999	-999	-999	-999	-999	-999	-999	-999	-999	-999	-999	-999	-999	-999	-999	-999	-999	-999	-999	-999	-999	-999	-999	C 4 H 6 40 42
3590	1013800	-999	-999	-999	-999	-999	-999	3	49	-999	-999	-999	-999	-999	-999	-999	-999	-999	-999	-999	-999	-999	-999	-999	-999	-999	-999	-999	-999	-999	-999	-999	-999	-999	-999	B 5 H 3 99 101
3590	884600	-999	-999	-999	-999	-999	-999	-999	106	-999	-999	-999	-999	-999	-999	-999	-999	-999	-999	-999	-999	-999	-999	-999	-999	-999	-999	-999	-999	-999	-999	-999	-999	-999	-999	C 4 H 6 40 42
3590	1013800	-999	-999	-999	-999	-999	-999	-999	-999	0	-999	-999	-999	-999	-999	-999	-999	-999	-999	-999	-999	-999	-999	-999	-999	-999	-999	-999	-999	-999	-999	-999	-999	-999	-999	B 5 H 3 99 101
3590	884600	-999	-999	-999	-999	-999	-999	-999	-999	0	6	-999	-999	-999	-999	-999	-999	-999	-999	-999	-999	-999	-999	-999	-999	-999	-999	-999	-999	-999	-999	-999	-999	-999	-999	C 4 H 6 40 42
3590	1013800	-999	-999	-999	-999	-999	-999	-999	-999	-999	1	-999	-999	-999	-999	-999	-999	-999	-999	-999	-999	-999	-999	-999	-999	-999	-999	-999	-999	-999	-999	-999	-999	-999	-999	B 5 H 3 99 101
3590	884600	-999	-999	-999	-999	-999	-999	-999	-999	-999	-999	14	-999	-999	-999	-999	-999	-999	-999	-999	-999	-999	-999	-999	-999	-999	-999	-999	-999	-999	-999	-999	-999	-999	-999	C 4 H 6 40 42
3590	1013800	-999	-999	-999	-999	-999	-999	-999	-999	-999	-999	16	148	-999	-999	-999	-999	-999	-999	-999	-999	-999	-999	-999	-999	-999	-999	-999	-999	-999	-999	-999	-999	-999	-999	B 5 H 3 99 101
3590	884600	-999	-999	-999	-999	-999	-999	-999	-999	-999	-999	-999	126	-999	-999	-999	-999	-999	-999	-999	-999	-999	-999	-999	-999	-999	-999	-999	-999	-999	-999	-999	-999	-999	-999	C 4 H 6 40 42
3590	1013800	-999	-999	-999	-999	-999	-999	-999	-999	-999	-999	-999	-999	1	-999	-999	-999	-999	-999	-999	-999	-999	-999	-999	-999	-999	-999	-999	-999	-999	-999	-999	-999	-999	-999	B 5 H 3 99 101
3590	884600	-999	-999	-999	-999	-999	-999	-999	-999	-999	-999	-999	-999	5	-999	-999	-999	-999	-999	-999	-999	-999	-999	-999	-999	-999	-999	-999	-999	-999	-999	-999	-999	-999	-999	C 4 H 6 40 42
3590	1013800	-999	-999	-999	-999	-999	-999	-999	-999	-999	-999	-999	-999	-999	0	-999	-999	-999	-999	-999	-999	-999	-999	-999	-999	-999	-999	-999	-999	-999	-999	-999	-999	-999	-999	B 5 H 3 99 101
3590	884600	-999	-999	-999	-999	-999	-999	-999	-999	-999	-999	-999	-999	-999	0	1	-999	-999	-999	-999	-999	-999	-999	-999	-999	-999	-999	-999	-999	-999	-999	-999	-999	-999	-999	C 4 H 6 40 42
3590	1013800	-999	-999	-999	-999	-999	-999	-999	-999	-999	-999	-999	-999	-999	-999	0	0	-999	-999	-999	-999	-999	-999	-999	-999	-999	-999	-999	-999	-999	-999	-999	-999	-999	-999	B 5 H 3 99 101
3590	884600	-999	-999	-999	-999	-999	-999	-999	-999	-999	-999	-999	-999	-999	-999	-999	0	3	-999	-999	-999	-999	-999	-999	-999	-999	-999	-999	-999	-999	-999	-999	-999	-999	-999	C 4 H 6 40 42
3590	1013800	-999	-999	-999	-999	-999	-999	-999	-999	-999	-999	-999	-999	-999	-999	-999	-999	1	-999	-999	-999	-999	-999	-999	-999	-999	-999	-999	-999	-999	-999	-999	-999	-999	-999	B 5 H 3 99 101
3590	884600	-999	-999	-999	-999	-999	-999	-999	-999	-999	-999	-999	-999	-999	-999	-999	-999	-999	231	-999	-999	-999	-999	-999	-999	-999	-999	-999	-999	-999	-999	-999	-999	-999	-999	C 4 H 6 40 42
3590	1013800	-999	-999	-999	-999	-999	-999	-999	-999	-999	-999	-999	-999	-999	-999	-999	-999	-999	119	67	-999	-999	-999	-999	-999	-999	-999	-999	-999	-999	-999	-999	-999	-999	-999	B 5 H 3 99 101
3590	884600	-999	-999	-999	-999	-999	-999	-999	-999	-999	-999	-999	-999	-999	-999	-999	-999	-999	-999	16	3	-999	-999	-999	-999	-999	-999	-999	-999	-999	-999	-999	-999	-999	-999	C 4 H 6 40 42
3590	1013800	-999	-999	-999	-999	-999	-999	-999	-999	-999	-999	-999	-999	-999	-999	-999	-999	-999	-999	-999	1	-999	-999	-999	-999	-999	-999	-999	-999	-999	-999	-999	-999	-999	-999	B 5 H 3 99 101
3590	884600	-999	-999	-999	-999	-999	-999	-999	-999	-999	-999	-999	-999	-999	-999	-999	-999	-999	-999	-999	-999	0	-999	-999	-999	-999	-999	-999	-999	-999	-999	-999	-999	-999	-999	C 4 H 6 40 42
3590	1013800	-999	-999	-999	-999	-999	-999	-999	-999	-999	-999	-999	-999	-999	-999	-999	-999	-999	-999	-999	-999	0	0	-999	-999	-999	-999	-999	-999	-999	-999	-999	-999	-999	-999	B 5 H 3 99 101
3590	884600	-999	-999	-999	-999	-999	-999	-999	-999	-999	-999	-999	-999	-999	-999	-999	-999	-999	-999	-999	-999	-999	0	556	-999	-999	-999	-999	-999	-999	-999	-999	-999	-999	-999	C 4 H 6 40 42
3590	1013800	-999	-999	-999	-999	-999	-999	-999	-999	-999	-999	-999	-999	-999	-999	-999	-999	-999	-999	-999	-999	-999	-999	423	1	-999	-999	-999	-999	-999	-999	-999	-999	-999	-999	B 5 H 3 99 101
3590	884600	-999	-999	-999	-999	-999	-999	-999	-999	-999	-999	-999	-999	-999	-999	-999	-999	-999	-999	-999	-999	-999	-999	-999	0	17	-999	-999	-999	-999	-999	-999	-999	-999	-999	C 4 H 6 40 42
3590	1013800	-999	-999	-999	-999	-999	-999	-999	-999	-999	-999	-999	-999	-999	-999	-999	-999	-999	-999	-999	-999	-999	-999	-999	-999	10	0	-999	-999	-999	-999	-999	-999	-999	-999	B 5 H 3 99 101
3590	884600	-999	-999	-999	-999	-999	-999	-999	-999	-999	-999	-999	-999	-999	-999	-999	-999	-999	-999	-999	-999	-999	-999	-999	-999	-999	0	-999	-999	-999	-999	-999	-999	-999	-999	C 4 H 6 40 42
3590	1013800	-999	-999	-999	-999	-999	-999	-999	-999	-999	-999	-999	-999	-999	-999	-999	-999	-999	-999	-999	-999	-999	-999	-999	-999	-999	-999	0	-999	-999	-999	-999	-999	-999	-999	B 5 H 3 99 101
3590	884600	-999	-999	-999	-999	-999	-999	-999	-999	-999	-999	-999	-999	-999	-999	-999	-999	-999	-999	-999	-999	-999	-999	-999	-999	-999	-999	0	15.753	-999	-999	-999	-999	-999	-999	C 4 H 6 40 42
3590	1013800	-999	-999	-999	-999	-999	-999	-999	-999	-999	-999	-999	-999	-999	-999	-999	-999	-999	-999	-999	-999	-999	-999	-999	-999	-999	-999	-999	11.908	0	-999	-999	-999	-999	-999	B 5 H 3 99 101
3590	884600	-999	-999	-999	-999	-999	-999	-999	-999	-999	-999	-999	-999	-999	-999	-999	-999	-999	-999	-999	-999	-999	-999	-999	-999	-999	-999	-999	-999	0	-999	-999	-999	-999	-999	C 4 H 6 40 42
3590	1013800	-999	-999	-999	-999	-999	-999	-999	-999	-999	-999	-999	-999	-999	-999	-999	-999	-999	-999	-999	-999	-999	-999	-999	-999	-999	-999	-999	-999	-999	5	-999	-999	-999	-999	B 5 H 3 99 101
3590	884600	-999	-999	-999	-999	-999	-999	-999	-999	-999	-999	-999	-999	-999	-999	-999	-999	-999	-999	-999	-999	-999	-999	-999	-999	-999	-999	-999	-999	-999	4	0	-999	-999	-999	C 4 H 6 40 42
3590	1013800	-999	-999	-999	-999	-999	-999	-999	-999	-999	-999	-999	-999	-999	-999	-999	-999	-999	-999	-999	-999	-999	-999	-999	-999	-999	-999	-999	-999	-999	-999	1	-999	-999	-999	B 5 H 3 99 101
3590	884600	-999	-999	-999	-999	-999	-999	-999	-999	-999	-999	-999	-999	-999	-999	-999	-999	-999	-999	-999	-999	-999	-999	-999	-999	-999	-999	-999	-999	-999	-999	-999	38	-999	-999	C 4 H 6 40 42
3590	1013800	-999	-999	-999	-999	-999	-999	-999	-999	-999	-999	-999	-999	-999	-999	-999	-999	-999	-999	-999	-999	-999	-999	-999	-999	-999	-999	-999	-999	-999	-999	-999	10	0	-999	B 5 H 3 99 101
3590	884600	-999	-999	-999	-999	-999	-999	-999	-999	-999	-999	-999	-999	-999	-999	-999	-999	-999	-999	-999	-999	-999	-999	-999	-999	-999	-999	-999	-999	-999	-999	-999	-999	0	0	C 4 H 6 40 42
3590	1013800	-999	-999	-999	-999	-999	-999	-999	-999	-999	-999	-999	-999	-999	-999	-999	-999	-999	-999	-999	-999	-999	-999	-999	-999	-999	-999	-999	-999	-999	-999	-999	-999	-999	1	B 5 H 3 99 101
3595	886000	0	0	0	10	119	3	3	117	2	0	18	107	1	0	0	0	2	142	32	2	0	0	469	1	17	0	0	13.686	0	6	0	37	0	0	C 4 H 6 45 47
3599	1015900	0	0	0	8	104	3.7	1	33	0	2	10	125	3	0	0	0	0	106	44	1	1	0	333	1	3	0	0	12.941	0	5	0	3	0	0	B 5 H 3 108 110
3600	887400	0	0	0	20	182	3.7	4	129	0	0	14	164	3	0	1	0	1	162	38	6	0	0	575	1	15	0	0	13.888	0	12	0	42	0	0	C 4 H 6 50 52
3605	888700	0	1	0	17	190	3.4	6	155	2	1	37	153	1	0	0	0	4	188	33	6	0	0	652	7	51	0	0	14.058	0	11	1	54	0	0	C 4 H 6 55 57
3610	1018400	0	-999	-999	-999	-999	-999	-999	-999	-999	-999	-999	-999	-999	-999	-999	-999	-999	-999	-999	-999	-999	-999	-999	-999	-999	-999	-999	-999	-999	-999	-999	-999	-999	-999	B 5 H 3 119 121
3610	890100	0	-999	-999	-999	-999	-999	-999	-999	-999	-999	-999	-999	-999	-999	-999	-999	-999	-999	-999	-999	-999	-999	-999	-999	-999	-999	-999	-999	-999	-999	-999	-999	-999	-999	C 4 H 6 60 62
3610	1018400	-999	0	-999	-999	-999	-999	-999	-999	-999	-999	-999	-999	-999	-999	-999	-999	-999	-999	-999	-999	-999	-999	-999	-999	-999	-999	-999	-999	-999	-999	-999	-999	-999	-999	B 5 H 3 119 121
3610	890100	-999	0	-999	-999	-999	-999	-999	-999	-999	-999	-999	-999	-999	-999	-999	-999	-999	-999	-999	-999	-999	-999	-999	-999	-999	-999	-999	-999	-999	-999	-999	-999	-999	-999	C 4 H 6 60 62
3610	1018400	-999	-999	0	-999	-999	-999	-999	-999	-999	-999	-999	-999	-999	-999	-999	-999	-999	-999	-999	-999	-999	-999	-999	-999	-999	-999	-999	-999	-999	-999	-999	-999	-999	-999	B 5 H 3 119 121
3610	890100	-999	-999	0	-999	-999	-999	-999	-999	-999	-999	-999	-999	-999	-999	-999	-999	-999	-999	-999	-999	-999	-999	-999	-999	-999	-999	-999	-999	-999	-999	-999	-999	-999	-999	C 4 H 6 60 62
3610	1018400	-999	-999	-999	21	-999	-999	-999	-999	-999	-999	-999	-999	-999	-999	-999	-999	-999	-999	-999	-999	-999	-999	-999	-999	-999	-999	-999	-999	-999	-999	-999	-999	-999	-999	B 5 H 3 119 121
3610	890100	-999	-999	-999	25	-999	-999	-999	-999	-999	-999	-999	-999	-999	-999	-999	-999	-999	-999	-999	-999	-999	-999	-999	-999	-999	-999	-999	-999	-999	-999	-999	-999	-999	-999	C 4 H 6 60 62
3610	1018400	-999	-999	-999	-999	169	-999	-999	-999	-999	-999	-999	-999	-999	-999	-999	-999	-999	-999	-999	-999	-999	-999	-999	-999	-999	-999	-999	-999	-999	-999	-999	-999	-999	-999	B 5 H 3 119 121
3610	890100	-999	-999	-999	-999	229	-999	-999	-999	-999	-999	-999	-999	-999	-999	-999	-999	-999	-999	-999	-999	-999	-999	-999	-999	-999	-999	-999	-999	-999	-999	-999	-999	-999	-999	C 4 H 6 60 62
3610	1018400	-999	-999	-999	-999	-999	16.1	-999	-999	-999	-999	-999	-999	-999	-999	-999	-999	-999	-999	-999	-999	-999	-999	-999	-999	-999	-999	-999	-999	-999	-999	-999	-999	-999	-999	B 5 H 3 119 121
3610	890100	-999	-999	-999	-999	-999	5.1	2	-999	-999	-999	-999	-999	-999	-999	-999	-999	-999	-999	-999	-999	-999	-999	-999	-999	-999	-999	-999	-999	-999	-999	-999	-999	-999	-999	C 4 H 6 60 62
3610	1018400	-999	-999	-999	-999	-999	-999	0	-999	-999	-999	-999	-999	-999	-999	-999	-999	-999	-999	-999	-999	-999	-999	-999	-999	-999	-999	-999	-999	-999	-999	-999	-999	-999	-999	B 5 H 3 119 121
3610	890100	-999	-999	-999	-999	-999	-999	-999	132	-999	-999	-999	-999	-999	-999	-999	-999	-999	-999	-999	-999	-999	-999	-999	-999	-999	-999	-999	-999	-999	-999	-999	-999	-999	-999	C 4 H 6 60 62
3610	1018400	-999	-999	-999	-999	-999	-999	-999	17	0	-999	-999	-999	-999	-999	-999	-999	-999	-999	-999	-999	-999	-999	-999	-999	-999	-999	-999	-999	-999	-999	-999	-999	-999	-999	B 5 H 3 119 121
3610	890100	-999	-999	-999	-999	-999	-999	-999	-999	3	-999	-999	-999	-999	-999	-999	-999	-999	-999	-999	-999	-999	-999	-999	-999	-999	-999	-999	-999	-999	-999	-999	-999	-999	-999	C 4 H 6 60 62
3610	1018400	-999	-999	-999	-999	-999	-999	-999	-999	-999	0	-999	-999	-999	-999	-999	-999	-999	-999	-999	-999	-999	-999	-999	-999	-999	-999	-999	-999	-999	-999	-999	-999	-999	-999	B 5 H 3 119 121
3610	890100	-999	-999	-999	-999	-999	-999	-999	-999	-999	4	15	-999	-999	-999	-999	-999	-999	-999	-999	-999	-999	-999	-999	-999	-999	-999	-999	-999	-999	-999	-999	-999	-999	-999	C 4 H 6 60 62
3610	1018400	-999	-999	-999	-999	-999	-999	-999	-999	-999	-999	5	87	-999	-999	-999	-999	-999	-999	-999	-999	-999	-999	-999	-999	-999	-999	-999	-999	-999	-999	-999	-999	-999	-999	B 5 H 3 119 121
3610	890100	-999	-999	-999	-999	-999	-999	-999	-999	-999	-999	-999	183	0	-999	-999	-999	-999	-999	-999	-999	-999	-999	-999	-999	-999	-999	-999	-999	-999	-999	-999	-999	-999	-999	C 4 H 6 60 62
3610	1018400	-999	-999	-999	-999	-999	-999	-999	-999	-999	-999	-999	-999	1	0	-999	-999	-999	-999	-999	-999	-999	-999	-999	-999	-999	-999	-999	-999	-999	-999	-999	-999	-999	-999	B 5 H 3 119 121
3610	890100	-999	-999	-999	-999	-999	-999	-999	-999	-999	-999	-999	-999	-999	0	7	-999	-999	-999	-999	-999	-999	-999	-999	-999	-999	-999	-999	-999	-999	-999	-999	-999	-999	-999	C 4 H 6 60 62
3610	1018400	-999	-999	-999	-999	-999	-999	-999	-999	-999	-999	-999	-999	-999	-999	0	-999	-999	-999	-999	-999	-999	-999	-999	-999	-999	-999	-999	-999	-999	-999	-999	-999	-999	-999	B 5 H 3 119 121
3610	890100	-999	-999	-999	-999	-999	-999	-999	-999	-999	-999	-999	-999	-999	-999	-999	0	-999	-999	-999	-999	-999	-999	-999	-999	-999	-999	-999	-999	-999	-999	-999	-999	-999	-999	C 4 H 6 60 62
3610	1018400	-999	-999	-999	-999	-999	-999	-999	-999	-999	-999	-999	-999	-999	-999	-999	0	-999	-999	-999	-999	-999	-999	-999	-999	-999	-999	-999	-999	-999	-999	-999	-999	-999	-999	B 5 H 3 119 121
3610	890100	-999	-999	-999	-999	-999	-999	-999	-999	-999	-999	-999	-999	-999	-999	-999	-999	7	-999	-999	-999	-999	-999	-999	-999	-999	-999	-999	-999	-999	-999	-999	-999	-999	-999	C 4 H 6 60 62
3610	1018400	-999	-999	-999	-999	-999	-999	-999	-999	-999	-999	-999	-999	-999	-999	-999	-999	0	120	-999	-999	-999	-999	-999	-999	-999	-999	-999	-999	-999	-999	-999	-999	-999	-999	B 5 H 3 119 121
3610	890100	-999	-999	-999	-999	-999	-999	-999	-999	-999	-999	-999	-999	-999	-999	-999	-999	-999	71	53	-999	-999	-999	-999	-999	-999	-999	-999	-999	-999	-999	-999	-999	-999	-999	C 4 H 6 60 62
3610	1018400	-999	-999	-999	-999	-999	-999	-999	-999	-999	-999	-999	-999	-999	-999	-999	-999	-999	-999	62	-999	-999	-999	-999	-999	-999	-999	-999	-999	-999	-999	-999	-999	-999	-999	B 5 H 3 119 121
3610	890100	-999	-999	-999	-999	-999	-999	-999	-999	-999	-999	-999	-999	-999	-999	-999	-999	-999	-999	-999	0	-999	-999	-999	-999	-999	-999	-999	-999	-999	-999	-999	-999	-999	-999	C 4 H 6 60 62
3610	1018400	-999	-999	-999	-999	-999	-999	-999	-999	-999	-999	-999	-999	-999	-999	-999	-999	-999	-999	-999	1	0	-999	-999	-999	-999	-999	-999	-999	-999	-999	-999	-999	-999	-999	B 5 H 3 119 121
3610	890100	-999	-999	-999	-999	-999	-999	-999	-999	-999	-999	-999	-999	-999	-999	-999	-999	-999	-999	-999	-999	0	0	-999	-999	-999	-999	-999	-999	-999	-999	-999	-999	-999	-999	C 4 H 6 60 62
3610	1018400	-999	-999	-999	-999	-999	-999	-999	-999	-999	-999	-999	-999	-999	-999	-999	-999	-999	-999	-999	-999	-999	0	-999	-999	-999	-999	-999	-999	-999	-999	-999	-999	-999	-999	B 5 H 3 119 121
3610	890100	-999	-999	-999	-999	-999	-999	-999	-999	-999	-999	-999	-999	-999	-999	-999	-999	-999	-999	-999	-999	-999	-999	507	-999	-999	-999	-999	-999	-999	-999	-999	-999	-999	-999	C 4 H 6 60 62
3610	1018400	-999	-999	-999	-999	-999	-999	-999	-999	-999	-999	-999	-999	-999	-999	-999	-999	-999	-999	-999	-999	-999	-999	327	0	-999	-999	-999	-999	-999	-999	-999	-999	-999	-999	B 5 H 3 119 121
3610	890100	-999	-999	-999	-999	-999	-999	-999	-999	-999	-999	-999	-999	-999	-999	-999	-999	-999	-999	-999	-999	-999	-999	-999	19	91	-999	-999	-999	-999	-999	-999	-999	-999	-999	C 4 H 6 60 62
3610	1018400	-999	-999	-999	-999	-999	-999	-999	-999	-999	-999	-999	-999	-999	-999	-999	-999	-999	-999	-999	-999	-999	-999	-999	-999	3	0	-999	-999	-999	-999	-999	-999	-999	-999	B 5 H 3 119 121
3610	890100	-999	-999	-999	-999	-999	-999	-999	-999	-999	-999	-999	-999	-999	-999	-999	-999	-999	-999	-999	-999	-999	-999	-999	-999	-999	0	-999	-999	-999	-999	-999	-999	-999	-999	C 4 H 6 60 62
3610	1018400	-999	-999	-999	-999	-999	-999	-999	-999	-999	-999	-999	-999	-999	-999	-999	-999	-999	-999	-999	-999	-999	-999	-999	-999	-999	-999	0	-999	-999	-999	-999	-999	-999	-999	B 5 H 3 119 121
3610	890100	-999	-999	-999	-999	-999	-999	-999	-999	-999	-999	-999	-999	-999	-999	-999	-999	-999	-999	-999	-999	-999	-999	-999	-999	-999	-999	0	-999	-999	-999	-999	-999	-999	-999	C 4 H 6 60 62
3610	1018400	-999	-999	-999	-999	-999	-999	-999	-999	-999	-999	-999	-999	-999	-999	-999	-999	-999	-999	-999	-999	-999	-999	-999	-999	-999	-999	-999	11.668	-999	-999	-999	-999	-999	-999	B 5 H 3 119 121
3610	890100	-999	-999	-999	-999	-999	-999	-999	-999	-999	-999	-999	-999	-999	-999	-999	-999	-999	-999	-999	-999	-999	-999	-999	-999	-999	-999	-999	10.758	0	-999	-999	-999	-999	-999	C 4 H 6 60 62
3610	1018400	-999	-999	-999	-999	-999	-999	-999	-999	-999	-999	-999	-999	-999	-999	-999	-999	-999	-999	-999	-999	-999	-999	-999	-999	-999	-999	-999	-999	0	2	-999	-999	-999	-999	B 5 H 3 119 121
3610	890100	-999	-999	-999	-999	-999	-999	-999	-999	-999	-999	-999	-999	-999	-999	-999	-999	-999	-999	-999	-999	-999	-999	-999	-999	-999	-999	-999	-999	-999	11	-999	-999	-999	-999	C 4 H 6 60 62
3610	1018400	-999	-999	-999	-999	-999	-999	-999	-999	-999	-999	-999	-999	-999	-999	-999	-999	-999	-999	-999	-999	-999	-999	-999	-999	-999	-999	-999	-999	-999	-999	1	-999	-999	-999	B 5 H 3 119 121
3610	890100	-999	-999	-999	-999	-999	-999	-999	-999	-999	-999	-999	-999	-999	-999	-999	-999	-999	-999	-999	-999	-999	-999	-999	-999	-999	-999	-999	-999	-999	-999	0	-999	-999	-999	C 4 H 6 60 62
3610	1018400	-999	-999	-999	-999	-999	-999	-999	-999	-999	-999	-999	-999	-999	-999	-999	-999	-999	-999	-999	-999	-999	-999	-999	-999	-999	-999	-999	-999	-999	-999	-999	31	-999	-999	B 5 H 3 119 121
3610	890100	-999	-999	-999	-999	-999	-999	-999	-999	-999	-999	-999	-999	-999	-999	-999	-999	-999	-999	-999	-999	-999	-999	-999	-999	-999	-999	-999	-999	-999	-999	-999	26	-999	-999	C 4 H 6 60 62
3610	1018400	-999	-999	-999	-999	-999	-999	-999	-999	-999	-999	-999	-999	-999	-999	-999	-999	-999	-999	-999	-999	-999	-999	-999	-999	-999	-999	-999	-999	-999	-999	-999	-999	0	-999	B 5 H 3 119 121
3610	890100	-999	-999	-999	-999	-999	-999	-999	-999	-999	-999	-999	-999	-999	-999	-999	-999	-999	-999	-999	-999	-999	-999	-999	-999	-999	-999	-999	-999	-999	-999	-999	-999	0	-999	C 4 H 6 60 62
3610	1018400	-999	-999	-999	-999	-999	-999	-999	-999	-999	-999	-999	-999	-999	-999	-999	-999	-999	-999	-999	-999	-999	-999	-999	-999	-999	-999	-999	-999	-999	-999	-999	-999	-999	0	B 5 H 3 119 121
3610	890100	-999	-999	-999	-999	-999	-999	-999	-999	-999	-999	-999	-999	-999	-999	-999	-999	-999	-999	-999	-999	-999	-999	-999	-999	-999	-999	-999	-999	-999	-999	-999	-999	-999	0	C 4 H 6 60 62
3615	891400	0	0	0	22	159	5.1	2	106	0	1	9	114	1	0	22	0	1	65	21	0	0	0	349	11	66	0	1	12.358	0	2	1	26	0	0	C 4 H 6 65 67
3620	892800	0	-999	-999	-999	-999	-999	-999	-999	-999	-999	-999	-999	-999	-999	-999	-999	-999	-999	-999	-999	-999	-999	-999	-999	-999	-999	-999	-999	-999	-999	-999	-999	-999	-999	C 4 H 6 70 72
3620	1020700	0	1	-999	-999	-999	-999	-999	-999	-999	-999	-999	-999	-999	-999	-999	-999	-999	-999	-999	-999	-999	-999	-999	-999	-999	-999	-999	-999	-999	-999	-999	-999	-999	-999	B 5 H 3 129 131
3620	892800	-999	1	-999	-999	-999	-999	-999	-999	-999	-999	-999	-999	-999	-999	-999	-999	-999	-999	-999	-999	-999	-999	-999	-999	-999	-999	-999	-999	-999	-999	-999	-999	-999	-999	C 4 H 6 70 72
3620	1020700	-999	-999	1	-999	-999	-999	-999	-999	-999	-999	-999	-999	-999	-999	-999	-999	-999	-999	-999	-999	-999	-999	-999	-999	-999	-999	-999	-999	-999	-999	-999	-999	-999	-999	B 5 H 3 129 131
3620	892800	-999	-999	0	38	-999	-999	-999	-999	-999	-999	-999	-999	-999	-999	-999	-999	-999	-999	-999	-999	-999	-999	-999	-999	-999	-999	-999	-999	-999	-999	-999	-999	-999	-999	C 4 H 6 70 72
3620	1020700	-999	-999	-999	6	110	-999	-999	-999	-999	-999	-999	-999	-999	-999	-999	-999	-999	-999	-999	-999	-999	-999	-999	-999	-999	-999	-999	-999	-999	-999	-999	-999	-999	-999	B 5 H 3 129 131
3620	892800	-999	-999	-999	-999	223	7.7	-999	-999	-999	-999	-999	-999	-999	-999	-999	-999	-999	-999	-999	-999	-999	-999	-999	-999	-999	-999	-999	-999	-999	-999	-999	-999	-999	-999	C 4 H 6 70 72
3620	1020700	-999	-999	-999	-999	-999	4.4	-999	-999	-999	-999	-999	-999	-999	-999	-999	-999	-999	-999	-999	-999	-999	-999	-999	-999	-999	-999	-999	-999	-999	-999	-999	-999	-999	-999	B 5 H 3 129 131
3620	892800	-999	-999	-999	-999	-999	-999	0	-999	-999	-999	-999	-999	-999	-999	-999	-999	-999	-999	-999	-999	-999	-999	-999	-999	-999	-999	-999	-999	-999	-999	-999	-999	-999	-999	C 4 H 6 70 72
3620	1020700	-999	-999	-999	-999	-999	-999	3	15	-999	-999	-999	-999	-999	-999	-999	-999	-999	-999	-999	-999	-999	-999	-999	-999	-999	-999	-999	-999	-999	-999	-999	-999	-999	-999	B 5 H 3 129 131
3620	892800	-999	-999	-999	-999	-999	-999	-999	102	-999	-999	-999	-999	-999	-999	-999	-999	-999	-999	-999	-999	-999	-999	-999	-999	-999	-999	-999	-999	-999	-999	-999	-999	-999	-999	C 4 H 6 70 72
3620	1020700	-999	-999	-999	-999	-999	-999	-999	-999	0	-999	-999	-999	-999	-999	-999	-999	-999	-999	-999	-999	-999	-999	-999	-999	-999	-999	-999	-999	-999	-999	-999	-999	-999	-999	B 5 H 3 129 131
3620	892800	-999	-999	-999	-999	-999	-999	-999	-999	0	-999	-999	-999	-999	-999	-999	-999	-999	-999	-999	-999	-999	-999	-999	-999	-999	-999	-999	-999	-999	-999	-999	-999	-999	-999	C 4 H 6 70 72
3620	1020700	-999	-999	-999	-999	-999	-999	-999	-999	-999	0	-999	-999	-999	-999	-999	-999	-999	-999	-999	-999	-999	-999	-999	-999	-999	-999	-999	-999	-999	-999	-999	-999	-999	-999	B 5 H 3 129 131
3620	892800	-999	-999	-999	-999	-999	-999	-999	-999	-999	2	-999	-999	-999	-999	-999	-999	-999	-999	-999	-999	-999	-999	-999	-999	-999	-999	-999	-999	-999	-999	-999	-999	-999	-999	C 4 H 6 70 72
3620	1020700	-999	-999	-999	-999	-999	-999	-999	-999	-999	-999	7	-999	-999	-999	-999	-999	-999	-999	-999	-999	-999	-999	-999	-999	-999	-999	-999	-999	-999	-999	-999	-999	-999	-999	B 5 H 3 129 131
3620	892800	-999	-999	-999	-999	-999	-999	-999	-999	-999	-999	14	-999	-999	-999	-999	-999	-999	-999	-999	-999	-999	-999	-999	-999	-999	-999	-999	-999	-999	-999	-999	-999	-999	-999	C 4 H 6 70 72
3620	1020700	-999	-999	-999	-999	-999	-999	-999	-999	-999	-999	-999	107	-999	-999	-999	-999	-999	-999	-999	-999	-999	-999	-999	-999	-999	-999	-999	-999	-999	-999	-999	-999	-999	-999	B 5 H 3 129 131
3620	892800	-999	-999	-999	-999	-999	-999	-999	-999	-999	-999	-999	86	0	-999	-999	-999	-999	-999	-999	-999	-999	-999	-999	-999	-999	-999	-999	-999	-999	-999	-999	-999	-999	-999	C 4 H 6 70 72
3620	1020700	-999	-999	-999	-999	-999	-999	-999	-999	-999	-999	-999	-999	1	-999	-999	-999	-999	-999	-999	-999	-999	-999	-999	-999	-999	-999	-999	-999	-999	-999	-999	-999	-999	-999	B 5 H 3 129 131
3620	892800	-999	-999	-999	-999	-999	-999	-999	-999	-999	-999	-999	-999	-999	0	-999	-999	-999	-999	-999	-999	-999	-999	-999	-999	-999	-999	-999	-999	-999	-999	-999	-999	-999	-999	C 4 H 6 70 72
3620	1020700	-999	-999	-999	-999	-999	-999	-999	-999	-999	-999	-999	-999	-999	0	0	-999	-999	-999	-999	-999	-999	-999	-999	-999	-999	-999	-999	-999	-999	-999	-999	-999	-999	-999	B 5 H 3 129 131
3620	892800	-999	-999	-999	-999	-999	-999	-999	-999	-999	-999	-999	-999	-999	-999	92	-999	-999	-999	-999	-999	-999	-999	-999	-999	-999	-999	-999	-999	-999	-999	-999	-999	-999	-999	C 4 H 6 70 72
3620	1020700	-999	-999	-999	-999	-999	-999	-999	-999	-999	-999	-999	-999	-999	-999	-999	0	-999	-999	-999	-999	-999	-999	-999	-999	-999	-999	-999	-999	-999	-999	-999	-999	-999	-999	B 5 H 3 129 131
3620	892800	-999	-999	-999	-999	-999	-999	-999	-999	-999	-999	-999	-999	-999	-999	-999	0	-999	-999	-999	-999	-999	-999	-999	-999	-999	-999	-999	-999	-999	-999	-999	-999	-999	-999	C 4 H 6 70 72
3620	1020700	-999	-999	-999	-999	-999	-999	-999	-999	-999	-999	-999	-999	-999	-999	-999	-999	0	-999	-999	-999	-999	-999	-999	-999	-999	-999	-999	-999	-999	-999	-999	-999	-999	-999	B 5 H 3 129 131
3620	892800	-999	-999	-999	-999	-999	-999	-999	-999	-999	-999	-999	-999	-999	-999	-999	-999	2	47	-999	-999	-999	-999	-999	-999	-999	-999	-999	-999	-999	-999	-999	-999	-999	-999	C 4 H 6 70 72
3620	1020700	-999	-999	-999	-999	-999	-999	-999	-999	-999	-999	-999	-999	-999	-999	-999	-999	-999	86	56	-999	-999	-999	-999	-999	-999	-999	-999	-999	-999	-999	-999	-999	-999	-999	B 5 H 3 129 131
3620	892800	-999	-999	-999	-999	-999	-999	-999	-999	-999	-999	-999	-999	-999	-999	-999	-999	-999	-999	14	2	-999	-999	-999	-999	-999	-999	-999	-999	-999	-999	-999	-999	-999	-999	C 4 H 6 70 72
3620	1020700	-999	-999	-999	-999	-999	-999	-999	-999	-999	-999	-999	-999	-999	-999	-999	-999	-999	-999	-999	1	0	-999	-999	-999	-999	-999	-999	-999	-999	-999	-999	-999	-999	-999	B 5 H 3 129 131
3620	892800	-999	-999	-999	-999	-999	-999	-999	-999	-999	-999	-999	-999	-999	-999	-999	-999	-999	-999	-999	-999	0	-999	-999	-999	-999	-999	-999	-999	-999	-999	-999	-999	-999	-999	C 4 H 6 70 72
3620	1020700	-999	-999	-999	-999	-999	-999	-999	-999	-999	-999	-999	-999	-999	-999	-999	-999	-999	-999	-999	-999	-999	0	-999	-999	-999	-999	-999	-999	-999	-999	-999	-999	-999	-999	B 5 H 3 129 131
3620	892800	-999	-999	-999	-999	-999	-999	-999	-999	-999	-999	-999	-999	-999	-999	-999	-999	-999	-999	-999	-999	-999	0	-999	-999	-999	-999	-999	-999	-999	-999	-999	-999	-999	-999	C 4 H 6 70 72
3620	1020700	-999	-999	-999	-999	-999	-999	-999	-999	-999	-999	-999	-999	-999	-999	-999	-999	-999	-999	-999	-999	-999	-999	295	-999	-999	-999	-999	-999	-999	-999	-999	-999	-999	-999	B 5 H 3 129 131
3620	892800	-999	-999	-999	-999	-999	-999	-999	-999	-999	-999	-999	-999	-999	-999	-999	-999	-999	-999	-999	-999	-999	-999	294	-999	-999	-999	-999	-999	-999	-999	-999	-999	-999	-999	C 4 H 6 70 72
3620	1020700	-999	-999	-999	-999	-999	-999	-999	-999	-999	-999	-999	-999	-999	-999	-999	-999	-999	-999	-999	-999	-999	-999	-999	1	-999	-999	-999	-999	-999	-999	-999	-999	-999	-999	B 5 H 3 129 131
3620	892800	-999	-999	-999	-999	-999	-999	-999	-999	-999	-999	-999	-999	-999	-999	-999	-999	-999	-999	-999	-999	-999	-999	-999	15	-999	-999	-999	-999	-999	-999	-999	-999	-999	-999	C 4 H 6 70 72
3620	1020700	-999	-999	-999	-999	-999	-999	-999	-999	-999	-999	-999	-999	-999	-999	-999	-999	-999	-999	-999	-999	-999	-999	-999	-999	3	-999	-999	-999	-999	-999	-999	-999	-999	-999	B 5 H 3 129 131
3620	892800	-999	-999	-999	-999	-999	-999	-999	-999	-999	-999	-999	-999	-999	-999	-999	-999	-999	-999	-999	-999	-999	-999	-999	-999	57	0	-999	-999	-999	-999	-999	-999	-999	-999	C 4 H 6 70 72
3620	1020700	-999	-999	-999	-999	-999	-999	-999	-999	-999	-999	-999	-999	-999	-999	-999	-999	-999	-999	-999	-999	-999	-999	-999	-999	-999	0	-999	-999	-999	-999	-999	-999	-999	-999	B 5 H 3 129 131
3620	892800	-999	-999	-999	-999	-999	-999	-999	-999	-999	-999	-999	-999	-999	-999	-999	-999	-999	-999	-999	-999	-999	-999	-999	-999	-999	-999	1	-999	-999	-999	-999	-999	-999	-999	C 4 H 6 70 72
3620	1020700	-999	-999	-999	-999	-999	-999	-999	-999	-999	-999	-999	-999	-999	-999	-999	-999	-999	-999	-999	-999	-999	-999	-999	-999	-999	-999	0	12.001	-999	-999	-999	-999	-999	-999	B 5 H 3 129 131
3620	892800	-999	-999	-999	-999	-999	-999	-999	-999	-999	-999	-999	-999	-999	-999	-999	-999	-999	-999	-999	-999	-999	-999	-999	-999	-999	-999	-999	11.448	-999	-999	-999	-999	-999	-999	C 4 H 6 70 72
3620	1020700	-999	-999	-999	-999	-999	-999	-999	-999	-999	-999	-999	-999	-999	-999	-999	-999	-999	-999	-999	-999	-999	-999	-999	-999	-999	-999	-999	-999	0	-999	-999	-999	-999	-999	B 5 H 3 129 131
3620	892800	-999	-999	-999	-999	-999	-999	-999	-999	-999	-999	-999	-999	-999	-999	-999	-999	-999	-999	-999	-999	-999	-999	-999	-999	-999	-999	-999	-999	0	4	-999	-999	-999	-999	C 4 H 6 70 72
3620	1020700	-999	-999	-999	-999	-999	-999	-999	-999	-999	-999	-999	-999	-999	-999	-999	-999	-999	-999	-999	-999	-999	-999	-999	-999	-999	-999	-999	-999	-999	8	0	-999	-999	-999	B 5 H 3 129 131
3620	892800	-999	-999	-999	-999	-999	-999	-999	-999	-999	-999	-999	-999	-999	-999	-999	-999	-999	-999	-999	-999	-999	-999	-999	-999	-999	-999	-999	-999	-999	-999	0	-999	-999	-999	C 4 H 6 70 72
3620	1020700	-999	-999	-999	-999	-999	-999	-999	-999	-999	-999	-999	-999	-999	-999	-999	-999	-999	-999	-999	-999	-999	-999	-999	-999	-999	-999	-999	-999	-999	-999	-999	11	-999	-999	B 5 H 3 129 131
3620	892800	-999	-999	-999	-999	-999	-999	-999	-999	-999	-999	-999	-999	-999	-999	-999	-999	-999	-999	-999	-999	-999	-999	-999	-999	-999	-999	-999	-999	-999	-999	-999	21	0	-999	C 4 H 6 70 72
3620	1020700	-999	-999	-999	-999	-999	-999	-999	-999	-999	-999	-999	-999	-999	-999	-999	-999	-999	-999	-999	-999	-999	-999	-999	-999	-999	-999	-999	-999	-999	-999	-999	-999	0	0	B 5 H 3 129 131
3620	892800	-999	-999	-999	-999	-999	-999	-999	-999	-999	-999	-999	-999	-999	-999	-999	-999	-999	-999	-999	-999	-999	-999	-999	-999	-999	-999	-999	-999	-999	-999	-999	-999	-999	0	C 4 H 6 70 72
3625	894200	0	0	0	29	200	7	0	101	0	1	13	78	0	0	5	0	0	56	31	1	0	0	302	4	62	0	0	10.673	0	3	0	18	0	0	C 4 H 6 75 77
3630	895500	0	1	0	33	256	7.8	0	99	2	6	22	80	2	0	7	0	3	77	26	2	0	0	347	22	130	0	1	12.136	0	4	3	21	0	0	C 4 H 6 80 82
3635	896900	0	1	1	15	215	5.7	2	125	0	0	15	130	3	0	0	0	3	81	38	2	0	0	426	14	92	0	2	12.022	0	2	0	25	0	0	C 4 H 6 85 87
3639	1025200	0	0	0	4	100	4	6	25	0	1	10	108	2	0	0	0	0	107	16	4	0	0	299	0	2	0	0	16.849	0	5	3	7	0	5	B 5 H 3 148 150
3640	898200	1	1	1	39	248	5.5	6	162	0	2	32	143	5	0	5	0	4	81	31	1	0	0	498	7	67	0	5	13.262	0	4	2	24	0	0	C 4 H 6 90 92
3645	899600	2	0	0	11	164	3.4	5	136	0	5	16	183	2	0	5	0	0	138	35	6	0	0	569	5	24	0	0	13.902	0	6	6	29	0	0	C 4 H 6 95 97
3648	1027200	2	0	1	7	164	6.6	1	20	0	3	11	80	2	1	0	0	2	119	10	4	0	0	284	5	3	0	0	16.173	0	7	5	13	1	3	B 5 H 4 7 9
3650	900900	1	0	1	4	85	2.3	12	96	2	14	14	125	4	0	5	0	2	105	22	5	0	0	451	1	13	0	0	16.544	0	8	4	37	0	0	C 4 H 6 100 102
3655	902300	1	0	0	4	125	2.8	7	86	0	0	18	147	3	0	2	0	2	202	28	12	0	0	547	5	32	0	0	16.021	0	6	2	33	0	0	C 4 H 6 105 107
3658	1029600	1	0	0	7	84	3.7	3	29	0	0	13	92	4	0	0	0	0	102	4	4	0	0	267	0	2	0	0	17.186	0	4	2	7	2	0	B 5 H 4 17 19
3660	903700	0	1	0	19	137	4.7	5	84	1	5	7	81	0	0	2	0	2	98	11	6	0	0	331	0	23	0	0	15.554	0	4	6	21	0	0	C 4 H 6 110 112
3665	905000	0	0	0	7	105	2.7	6	104	0	2	10	127	4	0	1	0	1	165	14	7	0	0	469	5	8	0	0	16.313	0	3	5	21	0	0	C 4 H 6 115 117
3670	906400	0	0	0	3	79	2	13	128	1	14	7	104	5	0	2	0	2	153	22	5	0	2	479	2	4	0	0	16.654	0	4	2	17	0	0	C 4 H 6 120 122
3675	907700	0	0	0	3	52	1.5	4	100	0	6	18	85	2	0	0	0	0	152	21	5	0	0	414	2	5	0	0	14.906	0	3	3	15	0	0	C 4 H 6 125 127
3679	1034400	0	0	0	19	97	2.5	1	68	0	0	38	87	1	0	0	0	1	151	71	7	1	0	455	3	5	0	0	11.742	0	15	0	15	0	0	B 5 H 4 38 40
3680	909100	0	0	0	3	65	2.3	9	83	0	2	9	75	4	0	0	0	0	106	33	6	0	0	346	3	1	0	0	15.71	0	4	1	14	0	0	C 4 H 6 130 132
3685	910500	0	0	0	6	119	2.5	8	95	5	11	10	134	7	0	0	0	2	211	36	20	0	0	566	1	3	0	0	16.652	0	1	4	22	0	0	C 4 H 6 135 137
3690	911800	0	-999	-999	-999	-999	-999	-999	-999	-999	-999	-999	-999	-999	-999	-999	-999	-999	-999	-999	-999	-999	-999	-999	-999	-999	-999	-999	-999	-999	-999	-999	-999	-999	-999	C 4 H 6 140 142
3690	1037000	0	0	-999	-999	-999	-999	-999	-999	-999	-999	-999	-999	-999	-999	-999	-999	-999	-999	-999	-999	-999	-999	-999	-999	-999	-999	-999	-999	-999	-999	-999	-999	-999	-999	B 5 H 4 49 51
3690	911800	-999	0	0	-999	-999	-999	-999	-999	-999	-999	-999	-999	-999	-999	-999	-999	-999	-999	-999	-999	-999	-999	-999	-999	-999	-999	-999	-999	-999	-999	-999	-999	-999	-999	C 4 H 6 140 142
3690	1037000	-999	-999	1	-999	-999	-999	-999	-999	-999	-999	-999	-999	-999	-999	-999	-999	-999	-999	-999	-999	-999	-999	-999	-999	-999	-999	-999	-999	-999	-999	-999	-999	-999	-999	B 5 H 4 49 51
3690	911800	-999	-999	-999	6	-999	-999	-999	-999	-999	-999	-999	-999	-999	-999	-999	-999	-999	-999	-999	-999	-999	-999	-999	-999	-999	-999	-999	-999	-999	-999	-999	-999	-999	-999	C 4 H 6 140 142
3690	1037000	-999	-999	-999	12	-999	-999	-999	-999	-999	-999	-999	-999	-999	-999	-999	-999	-999	-999	-999	-999	-999	-999	-999	-999	-999	-999	-999	-999	-999	-999	-999	-999	-999	-999	B 5 H 4 49 51
3690	911800	-999	-999	-999	-999	107	-999	-999	-999	-999	-999	-999	-999	-999	-999	-999	-999	-999	-999	-999	-999	-999	-999	-999	-999	-999	-999	-999	-999	-999	-999	-999	-999	-999	-999	C 4 H 6 140 142
3690	1037000	-999	-999	-999	-999	189	-999	-999	-999	-999	-999	-999	-999	-999	-999	-999	-999	-999	-999	-999	-999	-999	-999	-999	-999	-999	-999	-999	-999	-999	-999	-999	-999	-999	-999	B 5 H 4 49 51
3690	911800	-999	-999	-999	-999	-999	3.2	-999	-999	-999	-999	-999	-999	-999	-999	-999	-999	-999	-999	-999	-999	-999	-999	-999	-999	-999	-999	-999	-999	-999	-999	-999	-999	-999	-999	C 4 H 6 140 142
3690	1037000	-999	-999	-999	-999	-999	7.2	-999	-999	-999	-999	-999	-999	-999	-999	-999	-999	-999	-999	-999	-999	-999	-999	-999	-999	-999	-999	-999	-999	-999	-999	-999	-999	-999	-999	B 5 H 4 49 51
3690	911800	-999	-999	-999	-999	-999	-999	3	-999	-999	-999	-999	-999	-999	-999	-999	-999	-999	-999	-999	-999	-999	-999	-999	-999	-999	-999	-999	-999	-999	-999	-999	-999	-999	-999	C 4 H 6 140 142
3690	1037000	-999	-999	-999	-999	-999	-999	0	39	-999	-999	-999	-999	-999	-999	-999	-999	-999	-999	-999	-999	-999	-999	-999	-999	-999	-999	-999	-999	-999	-999	-999	-999	-999	-999	B 5 H 4 49 51
3690	911800	-999	-999	-999	-999	-999	-999	-999	77	-999	-999	-999	-999	-999	-999	-999	-999	-999	-999	-999	-999	-999	-999	-999	-999	-999	-999	-999	-999	-999	-999	-999	-999	-999	-999	C 4 H 6 140 142
3690	1037000	-999	-999	-999	-999	-999	-999	-999	-999	0	-999	-999	-999	-999	-999	-999	-999	-999	-999	-999	-999	-999	-999	-999	-999	-999	-999	-999	-999	-999	-999	-999	-999	-999	-999	B 5 H 4 49 51
3690	911800	-999	-999	-999	-999	-999	-999	-999	-999	0	-999	-999	-999	-999	-999	-999	-999	-999	-999	-999	-999	-999	-999	-999	-999	-999	-999	-999	-999	-999	-999	-999	-999	-999	-999	C 4 H 6 140 142
3690	1037000	-999	-999	-999	-999	-999	-999	-999	-999	-999	1	-999	-999	-999	-999	-999	-999	-999	-999	-999	-999	-999	-999	-999	-999	-999	-999	-999	-999	-999	-999	-999	-999	-999	-999	B 5 H 4 49 51
3690	911800	-999	-999	-999	-999	-999	-999	-999	-999	-999	1	2	-999	-999	-999	-999	-999	-999	-999	-999	-999	-999	-999	-999	-999	-999	-999	-999	-999	-999	-999	-999	-999	-999	-999	C 4 H 6 140 142
3690	1037000	-999	-999	-999	-999	-999	-999	-999	-999	-999	-999	25	-999	-999	-999	-999	-999	-999	-999	-999	-999	-999	-999	-999	-999	-999	-999	-999	-999	-999	-999	-999	-999	-999	-999	B 5 H 4 49 51
3690	911800	-999	-999	-999	-999	-999	-999	-999	-999	-999	-999	-999	114	-999	-999	-999	-999	-999	-999	-999	-999	-999	-999	-999	-999	-999	-999	-999	-999	-999	-999	-999	-999	-999	-999	C 4 H 6 140 142
3690	1037000	-999	-999	-999	-999	-999	-999	-999	-999	-999	-999	-999	57	-999	-999	-999	-999	-999	-999	-999	-999	-999	-999	-999	-999	-999	-999	-999	-999	-999	-999	-999	-999	-999	-999	B 5 H 4 49 51
3690	911800	-999	-999	-999	-999	-999	-999	-999	-999	-999	-999	-999	-999	3	-999	-999	-999	-999	-999	-999	-999	-999	-999	-999	-999	-999	-999	-999	-999	-999	-999	-999	-999	-999	-999	C 4 H 6 140 142
3690	1037000	-999	-999	-999	-999	-999	-999	-999	-999	-999	-999	-999	-999	0	-999	-999	-999	-999	-999	-999	-999	-999	-999	-999	-999	-999	-999	-999	-999	-999	-999	-999	-999	-999	-999	B 5 H 4 49 51
3690	911800	-999	-999	-999	-999	-999	-999	-999	-999	-999	-999	-999	-999	-999	0	-999	-999	-999	-999	-999	-999	-999	-999	-999	-999	-999	-999	-999	-999	-999	-999	-999	-999	-999	-999	C 4 H 6 140 142
3690	1037000	-999	-999	-999	-999	-999	-999	-999	-999	-999	-999	-999	-999	-999	0	-999	-999	-999	-999	-999	-999	-999	-999	-999	-999	-999	-999	-999	-999	-999	-999	-999	-999	-999	-999	B 5 H 4 49 51
3690	911800	-999	-999	-999	-999	-999	-999	-999	-999	-999	-999	-999	-999	-999	-999	0	-999	-999	-999	-999	-999	-999	-999	-999	-999	-999	-999	-999	-999	-999	-999	-999	-999	-999	-999	C 4 H 6 140 142
3690	1037000	-999	-999	-999	-999	-999	-999	-999	-999	-999	-999	-999	-999	-999	-999	0	0	-999	-999	-999	-999	-999	-999	-999	-999	-999	-999	-999	-999	-999	-999	-999	-999	-999	-999	B 5 H 4 49 51
3690	911800	-999	-999	-999	-999	-999	-999	-999	-999	-999	-999	-999	-999	-999	-999	-999	0	-999	-999	-999	-999	-999	-999	-999	-999	-999	-999	-999	-999	-999	-999	-999	-999	-999	-999	C 4 H 6 140 142
3690	1037000	-999	-999	-999	-999	-999	-999	-999	-999	-999	-999	-999	-999	-999	-999	-999	-999	2	-999	-999	-999	-999	-999	-999	-999	-999	-999	-999	-999	-999	-999	-999	-999	-999	-999	B 5 H 4 49 51
3690	911800	-999	-999	-999	-999	-999	-999	-999	-999	-999	-999	-999	-999	-999	-999	-999	-999	1	140	-999	-999	-999	-999	-999	-999	-999	-999	-999	-999	-999	-999	-999	-999	-999	-999	C 4 H 6 140 142
3690	1037000	-999	-999	-999	-999	-999	-999	-999	-999	-999	-999	-999	-999	-999	-999	-999	-999	-999	97	29	-999	-999	-999	-999	-999	-999	-999	-999	-999	-999	-999	-999	-999	-999	-999	B 5 H 4 49 51
3690	911800	-999	-999	-999	-999	-999	-999	-999	-999	-999	-999	-999	-999	-999	-999	-999	-999	-999	-999	29	-999	-999	-999	-999	-999	-999	-999	-999	-999	-999	-999	-999	-999	-999	-999	C 4 H 6 140 142
3690	1037000	-999	-999	-999	-999	-999	-999	-999	-999	-999	-999	-999	-999	-999	-999	-999	-999	-999	-999	-999	1	-999	-999	-999	-999	-999	-999	-999	-999	-999	-999	-999	-999	-999	-999	B 5 H 4 49 51
3690	911800	-999	-999	-999	-999	-999	-999	-999	-999	-999	-999	-999	-999	-999	-999	-999	-999	-999	-999	-999	9	-999	-999	-999	-999	-999	-999	-999	-999	-999	-999	-999	-999	-999	-999	C 4 H 6 140 142
3690	1037000	-999	-999	-999	-999	-999	-999	-999	-999	-999	-999	-999	-999	-999	-999	-999	-999	-999	-999	-999	-999	1	-999	-999	-999	-999	-999	-999	-999	-999	-999	-999	-999	-999	-999	B 5 H 4 49 51
3690	911800	-999	-999	-999	-999	-999	-999	-999	-999	-999	-999	-999	-999	-999	-999	-999	-999	-999	-999	-999	-999	1	-999	-999	-999	-999	-999	-999	-999	-999	-999	-999	-999	-999	-999	C 4 H 6 140 142
3690	1037000	-999	-999	-999	-999	-999	-999	-999	-999	-999	-999	-999	-999	-999	-999	-999	-999	-999	-999	-999	-999	-999	0	-999	-999	-999	-999	-999	-999	-999	-999	-999	-999	-999	-999	B 5 H 4 49 51
3690	911800	-999	-999	-999	-999	-999	-999	-999	-999	-999	-999	-999	-999	-999	-999	-999	-999	-999	-999	-999	-999	-999	0	401	-999	-999	-999	-999	-999	-999	-999	-999	-999	-999	-999	C 4 H 6 140 142
3690	1037000	-999	-999	-999	-999	-999	-999	-999	-999	-999	-999	-999	-999	-999	-999	-999	-999	-999	-999	-999	-999	-999	-999	294	-999	-999	-999	-999	-999	-999	-999	-999	-999	-999	-999	B 5 H 4 49 51
3690	911800	-999	-999	-999	-999	-999	-999	-999	-999	-999	-999	-999	-999	-999	-999	-999	-999	-999	-999	-999	-999	-999	-999	-999	6	-999	-999	-999	-999	-999	-999	-999	-999	-999	-999	C 4 H 6 140 142
3690	1037000	-999	-999	-999	-999	-999	-999	-999	-999	-999	-999	-999	-999	-999	-999	-999	-999	-999	-999	-999	-999	-999	-999	-999	2	10	-999	-999	-999	-999	-999	-999	-999	-999	-999	B 5 H 4 49 51
3690	911800	-999	-999	-999	-999	-999	-999	-999	-999	-999	-999	-999	-999	-999	-999	-999	-999	-999	-999	-999	-999	-999	-999	-999	-999	17	-999	-999	-999	-999	-999	-999	-999	-999	-999	C 4 H 6 140 142
3690	1037000	-999	-999	-999	-999	-999	-999	-999	-999	-999	-999	-999	-999	-999	-999	-999	-999	-999	-999	-999	-999	-999	-999	-999	-999	-999	0	-999	-999	-999	-999	-999	-999	-999	-999	B 5 H 4 49 51
3690	911800	-999	-999	-999	-999	-999	-999	-999	-999	-999	-999	-999	-999	-999	-999	-999	-999	-999	-999	-999	-999	-999	-999	-999	-999	-999	0	0	-999	-999	-999	-999	-999	-999	-999	C 4 H 6 140 142
3690	1037000	-999	-999	-999	-999	-999	-999	-999	-999	-999	-999	-999	-999	-999	-999	-999	-999	-999	-999	-999	-999	-999	-999	-999	-999	-999	-999	0	-999	-999	-999	-999	-999	-999	-999	B 5 H 4 49 51
3690	911800	-999	-999	-999	-999	-999	-999	-999	-999	-999	-999	-999	-999	-999	-999	-999	-999	-999	-999	-999	-999	-999	-999	-999	-999	-999	-999	-999	15.206	-999	-999	-999	-999	-999	-999	C 4 H 6 140 142
3690	1037000	-999	-999	-999	-999	-999	-999	-999	-999	-999	-999	-999	-999	-999	-999	-999	-999	-999	-999	-999	-999	-999	-999	-999	-999	-999	-999	-999	11.965	0	-999	-999	-999	-999	-999	B 5 H 4 49 51
3690	911800	-999	-999	-999	-999	-999	-999	-999	-999	-999	-999	-999	-999	-999	-999	-999	-999	-999	-999	-999	-999	-999	-999	-999	-999	-999	-999	-999	-999	0	0	-999	-999	-999	-999	C 4 H 6 140 142
3690	1037000	-999	-999	-999	-999	-999	-999	-999	-999	-999	-999	-999	-999	-999	-999	-999	-999	-999	-999	-999	-999	-999	-999	-999	-999	-999	-999	-999	-999	-999	20	1	-999	-999	-999	B 5 H 4 49 51
3690	911800	-999	-999	-999	-999	-999	-999	-999	-999	-999	-999	-999	-999	-999	-999	-999	-999	-999	-999	-999	-999	-999	-999	-999	-999	-999	-999	-999	-999	-999	-999	1	-999	-999	-999	C 4 H 6 140 142
3690	1037000	-999	-999	-999	-999	-999	-999	-999	-999	-999	-999	-999	-999	-999	-999	-999	-999	-999	-999	-999	-999	-999	-999	-999	-999	-999	-999	-999	-999	-999	-999	-999	22	-999	-999	B 5 H 4 49 51
3690	911800	-999	-999	-999	-999	-999	-999	-999	-999	-999	-999	-999	-999	-999	-999	-999	-999	-999	-999	-999	-999	-999	-999	-999	-999	-999	-999	-999	-999	-999	-999	-999	21	-999	-999	C 4 H 6 140 142
3690	1037000	-999	-999	-999	-999	-999	-999	-999	-999	-999	-999	-999	-999	-999	-999	-999	-999	-999	-999	-999	-999	-999	-999	-999	-999	-999	-999	-999	-999	-999	-999	-999	-999	0	-999	B 5 H 4 49 51
3690	911800	-999	-999	-999	-999	-999	-999	-999	-999	-999	-999	-999	-999	-999	-999	-999	-999	-999	-999	-999	-999	-999	-999	-999	-999	-999	-999	-999	-999	-999	-999	-999	-999	0	0	C 4 H 6 140 142
3690	1037000	-999	-999	-999	-999	-999	-999	-999	-999	-999	-999	-999	-999	-999	-999	-999	-999	-999	-999	-999	-999	-999	-999	-999	-999	-999	-999	-999	-999	-999	-999	-999	-999	-999	0	B 5 H 4 49 51
3695	913200	0	0	1	15	118	3	5	101	1	5	7	103	4	0	0	0	2	166	39	10	0	0	466	2	17	0	0	15.119	0	1	3	19	0	0	C 4 H 6 145 147
3698	1038900	1	0	0	13	164	5.4	1	37	0	0	37	68	2	0	0	0	0	128	20	1	0	0	347	2	5	0	1	13.574	0	28	0	24	0	0	B 5 H 4 57 59
3700	914600	0	0	0	10	97	2.1	11	117	1	3	18	123	3	0	0	0	7	179	46	4	0	0	545	2	11	0	0	15.13	0	10	1	22	0	0	C 4 H 7 0 2
3705	916000	0	0	1	4	91	2.7	6	83	1	4	15	96	0	0	0	0	1	126	41	7	0	0	413	2	2	0	0	14.191	0	5	1	25	1	1	C 4 H 7 5 7
3710	917400	0	0	0	7	75	2.3	2	86	0	1	12	101	0	0	0	0	2	94	60	2	0	0	393	6	9	0	0	10.98	0	13	2	18	0	0	C 4 H 7 10 12
3715	918800	0	0	0	14	116	3.5	1	84	1	1	11	83	3	0	0	0	9	110	45	6	0	0	381	7	13	0	0	12.783	0	3	0	24	0	0	C 4 H 7 15 17
3720	1044000	0	-999	-999	-999	-999	-999	-999	-999	-999	-999	-999	-999	-999	-999	-999	-999	-999	-999	-999	-999	-999	-999	-999	-999	-999	-999	-999	-999	-999	-999	-999	-999	-999	-999	B 5 H 4 79 81
3720	920200	0	-999	-999	-999	-999	-999	-999	-999	-999	-999	-999	-999	-999	-999	-999	-999	-999	-999	-999	-999	-999	-999	-999	-999	-999	-999	-999	-999	-999	-999	-999	-999	-999	-999	C 4 H 7 20 22
3720	1044000	-999	0	-999	-999	-999	-999	-999	-999	-999	-999	-999	-999	-999	-999	-999	-999	-999	-999	-999	-999	-999	-999	-999	-999	-999	-999	-999	-999	-999	-999	-999	-999	-999	-999	B 5 H 4 79 81
3720	920200	-999	0	-999	-999	-999	-999	-999	-999	-999	-999	-999	-999	-999	-999	-999	-999	-999	-999	-999	-999	-999	-999	-999	-999	-999	-999	-999	-999	-999	-999	-999	-999	-999	-999	C 4 H 7 20 22
3720	1044000	-999	-999	0	-999	-999	-999	-999	-999	-999	-999	-999	-999	-999	-999	-999	-999	-999	-999	-999	-999	-999	-999	-999	-999	-999	-999	-999	-999	-999	-999	-999	-999	-999	-999	B 5 H 4 79 81
3720	920200	-999	-999	0	-999	-999	-999	-999	-999	-999	-999	-999	-999	-999	-999	-999	-999	-999	-999	-999	-999	-999	-999	-999	-999	-999	-999	-999	-999	-999	-999	-999	-999	-999	-999	C 4 H 7 20 22
3720	1044000	-999	-999	-999	7	-999	-999	-999	-999	-999	-999	-999	-999	-999	-999	-999	-999	-999	-999	-999	-999	-999	-999	-999	-999	-999	-999	-999	-999	-999	-999	-999	-999	-999	-999	B 5 H 4 79 81
3720	920200	-999	-999	-999	11	-999	-999	-999	-999	-999	-999	-999	-999	-999	-999	-999	-999	-999	-999	-999	-999	-999	-999	-999	-999	-999	-999	-999	-999	-999	-999	-999	-999	-999	-999	C 4 H 7 20 22
3720	1044000	-999	-999	-999	-999	128	-999	-999	-999	-999	-999	-999	-999	-999	-999	-999	-999	-999	-999	-999	-999	-999	-999	-999	-999	-999	-999	-999	-999	-999	-999	-999	-999	-999	-999	B 5 H 4 79 81
3720	920200	-999	-999	-999	-999	118	-999	-999	-999	-999	-999	-999	-999	-999	-999	-999	-999	-999	-999	-999	-999	-999	-999	-999	-999	-999	-999	-999	-999	-999	-999	-999	-999	-999	-999	C 4 H 7 20 22
3720	1044000	-999	-999	-999	-999	-999	4.3	-999	-999	-999	-999	-999	-999	-999	-999	-999	-999	-999	-999	-999	-999	-999	-999	-999	-999	-999	-999	-999	-999	-999	-999	-999	-999	-999	-999	B 5 H 4 79 81
3720	920200	-999	-999	-999	-999	-999	4.4	-999	-999	-999	-999	-999	-999	-999	-999	-999	-999	-999	-999	-999	-999	-999	-999	-999	-999	-999	-999	-999	-999	-999	-999	-999	-999	-999	-999	C 4 H 7 20 22
3720	1044000	-999	-999	-999	-999	-999	-999	1	-999	-999	-999	-999	-999	-999	-999	-999	-999	-999	-999	-999	-999	-999	-999	-999	-999	-999	-999	-999	-999	-999	-999	-999	-999	-999	-999	B 5 H 4 79 81
3720	920200	-999	-999	-999	-999	-999	-999	0	-999	-999	-999	-999	-999	-999	-999	-999	-999	-999	-999	-999	-999	-999	-999	-999	-999	-999	-999	-999	-999	-999	-999	-999	-999	-999	-999	C 4 H 7 20 22
3720	1044000	-999	-999	-999	-999	-999	-999	-999	34	-999	-999	-999	-999	-999	-999	-999	-999	-999	-999	-999	-999	-999	-999	-999	-999	-999	-999	-999	-999	-999	-999	-999	-999	-999	-999	B 5 H 4 79 81
3720	920200	-999	-999	-999	-999	-999	-999	-999	58	-999	-999	-999	-999	-999	-999	-999	-999	-999	-999	-999	-999	-999	-999	-999	-999	-999	-999	-999	-999	-999	-999	-999	-999	-999	-999	C 4 H 7 20 22
3720	1044000	-999	-999	-999	-999	-999	-999	-999	-999	0	-999	-999	-999	-999	-999	-999	-999	-999	-999	-999	-999	-999	-999	-999	-999	-999	-999	-999	-999	-999	-999	-999	-999	-999	-999	B 5 H 4 79 81
3720	920200	-999	-999	-999	-999	-999	-999	-999	-999	0	-999	-999	-999	-999	-999	-999	-999	-999	-999	-999	-999	-999	-999	-999	-999	-999	-999	-999	-999	-999	-999	-999	-999	-999	-999	C 4 H 7 20 22
3720	1044000	-999	-999	-999	-999	-999	-999	-999	-999	-999	1	-999	-999	-999	-999	-999	-999	-999	-999	-999	-999	-999	-999	-999	-999	-999	-999	-999	-999	-999	-999	-999	-999	-999	-999	B 5 H 4 79 81
3720	920200	-999	-999	-999	-999	-999	-999	-999	-999	-999	0	-999	-999	-999	-999	-999	-999	-999	-999	-999	-999	-999	-999	-999	-999	-999	-999	-999	-999	-999	-999	-999	-999	-999	-999	C 4 H 7 20 22
3720	1044000	-999	-999	-999	-999	-999	-999	-999	-999	-999	-999	18	-999	-999	-999	-999	-999	-999	-999	-999	-999	-999	-999	-999	-999	-999	-999	-999	-999	-999	-999	-999	-999	-999	-999	B 5 H 4 79 81
3720	920200	-999	-999	-999	-999	-999	-999	-999	-999	-999	-999	6	-999	-999	-999	-999	-999	-999	-999	-999	-999	-999	-999	-999	-999	-999	-999	-999	-999	-999	-999	-999	-999	-999	-999	C 4 H 7 20 22
3720	1044000	-999	-999	-999	-999	-999	-999	-999	-999	-999	-999	-999	56	-999	-999	-999	-999	-999	-999	-999	-999	-999	-999	-999	-999	-999	-999	-999	-999	-999	-999	-999	-999	-999	-999	B 5 H 4 79 81
3720	920200	-999	-999	-999	-999	-999	-999	-999	-999	-999	-999	-999	85	-999	-999	-999	-999	-999	-999	-999	-999	-999	-999	-999	-999	-999	-999	-999	-999	-999	-999	-999	-999	-999	-999	C 4 H 7 20 22
3720	1044000	-999	-999	-999	-999	-999	-999	-999	-999	-999	-999	-999	-999	1	-999	-999	-999	-999	-999	-999	-999	-999	-999	-999	-999	-999	-999	-999	-999	-999	-999	-999	-999	-999	-999	B 5 H 4 79 81
3720	920200	-999	-999	-999	-999	-999	-999	-999	-999	-999	-999	-999	-999	0	-999	-999	-999	-999	-999	-999	-999	-999	-999	-999	-999	-999	-999	-999	-999	-999	-999	-999	-999	-999	-999	C 4 H 7 20 22
3720	1044000	-999	-999	-999	-999	-999	-999	-999	-999	-999	-999	-999	-999	-999	0	-999	-999	-999	-999	-999	-999	-999	-999	-999	-999	-999	-999	-999	-999	-999	-999	-999	-999	-999	-999	B 5 H 4 79 81
3720	920200	-999	-999	-999	-999	-999	-999	-999	-999	-999	-999	-999	-999	-999	0	-999	-999	-999	-999	-999	-999	-999	-999	-999	-999	-999	-999	-999	-999	-999	-999	-999	-999	-999	-999	C 4 H 7 20 22
3720	1044000	-999	-999	-999	-999	-999	-999	-999	-999	-999	-999	-999	-999	-999	-999	0	-999	-999	-999	-999	-999	-999	-999	-999	-999	-999	-999	-999	-999	-999	-999	-999	-999	-999	-999	B 5 H 4 79 81
3720	920200	-999	-999	-999	-999	-999	-999	-999	-999	-999	-999	-999	-999	-999	-999	0	-999	-999	-999	-999	-999	-999	-999	-999	-999	-999	-999	-999	-999	-999	-999	-999	-999	-999	-999	C 4 H 7 20 22
3720	1044000	-999	-999	-999	-999	-999	-999	-999	-999	-999	-999	-999	-999	-999	-999	-999	0	-999	-999	-999	-999	-999	-999	-999	-999	-999	-999	-999	-999	-999	-999	-999	-999	-999	-999	B 5 H 4 79 81
3720	920200	-999	-999	-999	-999	-999	-999	-999	-999	-999	-999	-999	-999	-999	-999	-999	0	-999	-999	-999	-999	-999	-999	-999	-999	-999	-999	-999	-999	-999	-999	-999	-999	-999	-999	C 4 H 7 20 22
3720	1044000	-999	-999	-999	-999	-999	-999	-999	-999	-999	-999	-999	-999	-999	-999	-999	-999	0	-999	-999	-999	-999	-999	-999	-999	-999	-999	-999	-999	-999	-999	-999	-999	-999	-999	B 5 H 4 79 81
3720	920200	-999	-999	-999	-999	-999	-999	-999	-999	-999	-999	-999	-999	-999	-999	-999	-999	0	-999	-999	-999	-999	-999	-999	-999	-999	-999	-999	-999	-999	-999	-999	-999	-999	-999	C 4 H 7 20 22
3720	1044000	-999	-999	-999	-999	-999	-999	-999	-999	-999	-999	-999	-999	-999	-999	-999	-999	-999	203	-999	-999	-999	-999	-999	-999	-999	-999	-999	-999	-999	-999	-999	-999	-999	-999	B 5 H 4 79 81
3720	920200	-999	-999	-999	-999	-999	-999	-999	-999	-999	-999	-999	-999	-999	-999	-999	-999	-999	108	-999	-999	-999	-999	-999	-999	-999	-999	-999	-999	-999	-999	-999	-999	-999	-999	C 4 H 7 20 22
3720	1044000	-999	-999	-999	-999	-999	-999	-999	-999	-999	-999	-999	-999	-999	-999	-999	-999	-999	-999	21	-999	-999	-999	-999	-999	-999	-999	-999	-999	-999	-999	-999	-999	-999	-999	B 5 H 4 79 81
3720	920200	-999	-999	-999	-999	-999	-999	-999	-999	-999	-999	-999	-999	-999	-999	-999	-999	-999	-999	32	-999	-999	-999	-999	-999	-999	-999	-999	-999	-999	-999	-999	-999	-999	-999	C 4 H 7 20 22
3720	1044000	-999	-999	-999	-999	-999	-999	-999	-999	-999	-999	-999	-999	-999	-999	-999	-999	-999	-999	-999	1	-999	-999	-999	-999	-999	-999	-999	-999	-999	-999	-999	-999	-999	-999	B 5 H 4 79 81
3720	920200	-999	-999	-999	-999	-999	-999	-999	-999	-999	-999	-999	-999	-999	-999	-999	-999	-999	-999	-999	7	-999	-999	-999	-999	-999	-999	-999	-999	-999	-999	-999	-999	-999	-999	C 4 H 7 20 22
3720	1044000	-999	-999	-999	-999	-999	-999	-999	-999	-999	-999	-999	-999	-999	-999	-999	-999	-999	-999	-999	-999	0	-999	-999	-999	-999	-999	-999	-999	-999	-999	-999	-999	-999	-999	B 5 H 4 79 81
3720	920200	-999	-999	-999	-999	-999	-999	-999	-999	-999	-999	-999	-999	-999	-999	-999	-999	-999	-999	-999	-999	0	-999	-999	-999	-999	-999	-999	-999	-999	-999	-999	-999	-999	-999	C 4 H 7 20 22
3720	1044000	-999	-999	-999	-999	-999	-999	-999	-999	-999	-999	-999	-999	-999	-999	-999	-999	-999	-999	-999	-999	-999	0	-999	-999	-999	-999	-999	-999	-999	-999	-999	-999	-999	-999	B 5 H 4 79 81
3720	920200	-999	-999	-999	-999	-999	-999	-999	-999	-999	-999	-999	-999	-999	-999	-999	-999	-999	-999	-999	-999	-999	0	-999	-999	-999	-999	-999	-999	-999	-999	-999	-999	-999	-999	C 4 H 7 20 22
3720	1044000	-999	-999	-999	-999	-999	-999	-999	-999	-999	-999	-999	-999	-999	-999	-999	-999	-999	-999	-999	-999	-999	-999	352	-999	-999	-999	-999	-999	-999	-999	-999	-999	-999	-999	B 5 H 4 79 81
3720	920200	-999	-999	-999	-999	-999	-999	-999	-999	-999	-999	-999	-999	-999	-999	-999	-999	-999	-999	-999	-999	-999	-999	309	-999	-999	-999	-999	-999	-999	-999	-999	-999	-999	-999	C 4 H 7 20 22
3720	1044000	-999	-999	-999	-999	-999	-999	-999	-999	-999	-999	-999	-999	-999	-999	-999	-999	-999	-999	-999	-999	-999	-999	-999	1	-999	-999	-999	-999	-999	-999	-999	-999	-999	-999	B 5 H 4 79 81
3720	920200	-999	-999	-999	-999	-999	-999	-999	-999	-999	-999	-999	-999	-999	-999	-999	-999	-999	-999	-999	-999	-999	-999	-999	3	-999	-999	-999	-999	-999	-999	-999	-999	-999	-999	C 4 H 7 20 22
3720	1044000	-999	-999	-999	-999	-999	-999	-999	-999	-999	-999	-999	-999	-999	-999	-999	-999	-999	-999	-999	-999	-999	-999	-999	-999	9	-999	-999	-999	-999	-999	-999	-999	-999	-999	B 5 H 4 79 81
3720	920200	-999	-999	-999	-999	-999	-999	-999	-999	-999	-999	-999	-999	-999	-999	-999	-999	-999	-999	-999	-999	-999	-999	-999	-999	12	-999	-999	-999	-999	-999	-999	-999	-999	-999	C 4 H 7 20 22
3720	1044000	-999	-999	-999	-999	-999	-999	-999	-999	-999	-999	-999	-999	-999	-999	-999	-999	-999	-999	-999	-999	-999	-999	-999	-999	-999	0	-999	-999	-999	-999	-999	-999	-999	-999	B 5 H 4 79 81
3720	920200	-999	-999	-999	-999	-999	-999	-999	-999	-999	-999	-999	-999	-999	-999	-999	-999	-999	-999	-999	-999	-999	-999	-999	-999	-999	0	-999	-999	-999	-999	-999	-999	-999	-999	C 4 H 7 20 22
3720	1044000	-999	-999	-999	-999	-999	-999	-999	-999	-999	-999	-999	-999	-999	-999	-999	-999	-999	-999	-999	-999	-999	-999	-999	-999	-999	-999	0	-999	-999	-999	-999	-999	-999	-999	B 5 H 4 79 81
3720	920200	-999	-999	-999	-999	-999	-999	-999	-999	-999	-999	-999	-999	-999	-999	-999	-999	-999	-999	-999	-999	-999	-999	-999	-999	-999	-999	0	-999	-999	-999	-999	-999	-999	-999	C 4 H 7 20 22
3720	1044000	-999	-999	-999	-999	-999	-999	-999	-999	-999	-999	-999	-999	-999	-999	-999	-999	-999	-999	-999	-999	-999	-999	-999	-999	-999	-999	-999	15.33	-999	-999	-999	-999	-999	-999	B 5 H 4 79 81
3720	920200	-999	-999	-999	-999	-999	-999	-999	-999	-999	-999	-999	-999	-999	-999	-999	-999	-999	-999	-999	-999	-999	-999	-999	-999	-999	-999	-999	13.136	-999	-999	-999	-999	-999	-999	C 4 H 7 20 22
3720	1044000	-999	-999	-999	-999	-999	-999	-999	-999	-999	-999	-999	-999	-999	-999	-999	-999	-999	-999	-999	-999	-999	-999	-999	-999	-999	-999	-999	-999	0	-999	-999	-999	-999	-999	B 5 H 4 79 81
3720	920200	-999	-999	-999	-999	-999	-999	-999	-999	-999	-999	-999	-999	-999	-999	-999	-999	-999	-999	-999	-999	-999	-999	-999	-999	-999	-999	-999	-999	0	-999	-999	-999	-999	-999	C 4 H 7 20 22
3720	1044000	-999	-999	-999	-999	-999	-999	-999	-999	-999	-999	-999	-999	-999	-999	-999	-999	-999	-999	-999	-999	-999	-999	-999	-999	-999	-999	-999	-999	-999	6	-999	-999	-999	-999	B 5 H 4 79 81
3720	920200	-999	-999	-999	-999	-999	-999	-999	-999	-999	-999	-999	-999	-999	-999	-999	-999	-999	-999	-999	-999	-999	-999	-999	-999	-999	-999	-999	-999	-999	0	-999	-999	-999	-999	C 4 H 7 20 22
3720	1044000	-999	-999	-999	-999	-999	-999	-999	-999	-999	-999	-999	-999	-999	-999	-999	-999	-999	-999	-999	-999	-999	-999	-999	-999	-999	-999	-999	-999	-999	-999	0	-999	-999	-999	B 5 H 4 79 81
3720	920200	-999	-999	-999	-999	-999	-999	-999	-999	-999	-999	-999	-999	-999	-999	-999	-999	-999	-999	-999	-999	-999	-999	-999	-999	-999	-999	-999	-999	-999	-999	0	-999	-999	-999	C 4 H 7 20 22
3720	1044000	-999	-999	-999	-999	-999	-999	-999	-999	-999	-999	-999	-999	-999	-999	-999	-999	-999	-999	-999	-999	-999	-999	-999	-999	-999	-999	-999	-999	-999	-999	-999	9	-999	-999	B 5 H 4 79 81
3720	920200	-999	-999	-999	-999	-999	-999	-999	-999	-999	-999	-999	-999	-999	-999	-999	-999	-999	-999	-999	-999	-999	-999	-999	-999	-999	-999	-999	-999	-999	-999	-999	13	-999	-999	C 4 H 7 20 22
3720	1044000	-999	-999	-999	-999	-999	-999	-999	-999	-999	-999	-999	-999	-999	-999	-999	-999	-999	-999	-999	-999	-999	-999	-999	-999	-999	-999	-999	-999	-999	-999	-999	-999	1	-999	B 5 H 4 79 81
3720	920200	-999	-999	-999	-999	-999	-999	-999	-999	-999	-999	-999	-999	-999	-999	-999	-999	-999	-999	-999	-999	-999	-999	-999	-999	-999	-999	-999	-999	-999	-999	-999	-999	0	-999	C 4 H 7 20 22
3720	1044000	-999	-999	-999	-999	-999	-999	-999	-999	-999	-999	-999	-999	-999	-999	-999	-999	-999	-999	-999	-999	-999	-999	-999	-999	-999	-999	-999	-999	-999	-999	-999	-999	-999	0	B 5 H 4 79 81
3720	920200	-999	-999	-999	-999	-999	-999	-999	-999	-999	-999	-999	-999	-999	-999	-999	-999	-999	-999	-999	-999	-999	-999	-999	-999	-999	-999	-999	-999	-999	-999	-999	-999	-999	0	C 4 H 7 20 22
3725	921500	0	0	0	13	145	4.2	2	86	0	2	19	105	0	0	0	0	0	112	33	7	0	0	397	4	32	0	0	12.948	0	12	1	18	0	0	C 4 H 7 25 27
3728	1045800	2	0	0	11	126	4.5	0	21	0	3	17	80	3	0	4	0	0	165	13	3	0	0	323	2	7	0	0	15.904	0	6	0	7	3	0	B 5 H 4 87 89
3730	922900	0	0	0	17	185	4.1	0	85	1	0	24	140	0	0	0	0	3	147	72	7	0	0	526	14	68	0	0	11.376	0	18	1	28	0	0	C 4 H 7 30 32
3735	924300	0	0	0	11	161	4.8	0	62	0	0	10	122	0	0	0	0	1	123	45	2	0	0	390	17	42	0	0	12.068	0	7	0	18	0	0	C 4 H 7 35 37
3740	1048600	0	-999	-999	-999	-999	-999	-999	-999	-999	-999	-999	-999	-999	-999	-999	-999	-999	-999	-999	-999	-999	-999	-999	-999	-999	-999	-999	-999	-999	-999	-999	-999	-999	-999	B 5 H 4 99 101
3740	925700	0	-999	-999	-999	-999	-999	-999	-999	-999	-999	-999	-999	-999	-999	-999	-999	-999	-999	-999	-999	-999	-999	-999	-999	-999	-999	-999	-999	-999	-999	-999	-999	-999	-999	C 4 H 7 40 42
3740	1048600	-999	0	-999	-999	-999	-999	-999	-999	-999	-999	-999	-999	-999	-999	-999	-999	-999	-999	-999	-999	-999	-999	-999	-999	-999	-999	-999	-999	-999	-999	-999	-999	-999	-999	B 5 H 4 99 101
3740	925700	-999	3	-999	-999	-999	-999	-999	-999	-999	-999	-999	-999	-999	-999	-999	-999	-999	-999	-999	-999	-999	-999	-999	-999	-999	-999	-999	-999	-999	-999	-999	-999	-999	-999	C 4 H 7 40 42
3740	1048600	-999	-999	0	-999	-999	-999	-999	-999	-999	-999	-999	-999	-999	-999	-999	-999	-999	-999	-999	-999	-999	-999	-999	-999	-999	-999	-999	-999	-999	-999	-999	-999	-999	-999	B 5 H 4 99 101
3740	925700	-999	-999	0	-999	-999	-999	-999	-999	-999	-999	-999	-999	-999	-999	-999	-999	-999	-999	-999	-999	-999	-999	-999	-999	-999	-999	-999	-999	-999	-999	-999	-999	-999	-999	C 4 H 7 40 42
3740	1048600	-999	-999	-999	12	-999	-999	-999	-999	-999	-999	-999	-999	-999	-999	-999	-999	-999	-999	-999	-999	-999	-999	-999	-999	-999	-999	-999	-999	-999	-999	-999	-999	-999	-999	B 5 H 4 99 101
3740	925700	-999	-999	-999	18	-999	-999	-999	-999	-999	-999	-999	-999	-999	-999	-999	-999	-999	-999	-999	-999	-999	-999	-999	-999	-999	-999	-999	-999	-999	-999	-999	-999	-999	-999	C 4 H 7 40 42
3740	1048600	-999	-999	-999	-999	256	-999	-999	-999	-999	-999	-999	-999	-999	-999	-999	-999	-999	-999	-999	-999	-999	-999	-999	-999	-999	-999	-999	-999	-999	-999	-999	-999	-999	-999	B 5 H 4 99 101
3740	925700	-999	-999	-999	-999	232	-999	-999	-999	-999	-999	-999	-999	-999	-999	-999	-999	-999	-999	-999	-999	-999	-999	-999	-999	-999	-999	-999	-999	-999	-999	-999	-999	-999	-999	C 4 H 7 40 42
3740	1048600	-999	-999	-999	-999	-999	9	-999	-999	-999	-999	-999	-999	-999	-999	-999	-999	-999	-999	-999	-999	-999	-999	-999	-999	-999	-999	-999	-999	-999	-999	-999	-999	-999	-999	B 5 H 4 99 101
3740	925700	-999	-999	-999	-999	-999	6.3	-999	-999	-999	-999	-999	-999	-999	-999	-999	-999	-999	-999	-999	-999	-999	-999	-999	-999	-999	-999	-999	-999	-999	-999	-999	-999	-999	-999	C 4 H 7 40 42
3740	1048600	-999	-999	-999	-999	-999	-999	0	-999	-999	-999	-999	-999	-999	-999	-999	-999	-999	-999	-999	-999	-999	-999	-999	-999	-999	-999	-999	-999	-999	-999	-999	-999	-999	-999	B 5 H 4 99 101
3740	925700	-999	-999	-999	-999	-999	-999	0	-999	-999	-999	-999	-999	-999	-999	-999	-999	-999	-999	-999	-999	-999	-999	-999	-999	-999	-999	-999	-999	-999	-999	-999	-999	-999	-999	C 4 H 7 40 42
3740	1048600	-999	-999	-999	-999	-999	-999	-999	9	-999	-999	-999	-999	-999	-999	-999	-999	-999	-999	-999	-999	-999	-999	-999	-999	-999	-999	-999	-999	-999	-999	-999	-999	-999	-999	B 5 H 4 99 101
3740	925700	-999	-999	-999	-999	-999	-999	-999	58	-999	-999	-999	-999	-999	-999	-999	-999	-999	-999	-999	-999	-999	-999	-999	-999	-999	-999	-999	-999	-999	-999	-999	-999	-999	-999	C 4 H 7 40 42
3740	1048600	-999	-999	-999	-999	-999	-999	-999	-999	0	-999	-999	-999	-999	-999	-999	-999	-999	-999	-999	-999	-999	-999	-999	-999	-999	-999	-999	-999	-999	-999	-999	-999	-999	-999	B 5 H 4 99 101
3740	925700	-999	-999	-999	-999	-999	-999	-999	-999	0	-999	-999	-999	-999	-999	-999	-999	-999	-999	-999	-999	-999	-999	-999	-999	-999	-999	-999	-999	-999	-999	-999	-999	-999	-999	C 4 H 7 40 42
3740	1048600	-999	-999	-999	-999	-999	-999	-999	-999	-999	1	-999	-999	-999	-999	-999	-999	-999	-999	-999	-999	-999	-999	-999	-999	-999	-999	-999	-999	-999	-999	-999	-999	-999	-999	B 5 H 4 99 101
3740	925700	-999	-999	-999	-999	-999	-999	-999	-999	-999	1	-999	-999	-999	-999	-999	-999	-999	-999	-999	-999	-999	-999	-999	-999	-999	-999	-999	-999	-999	-999	-999	-999	-999	-999	C 4 H 7 40 42
3740	1048600	-999	-999	-999	-999	-999	-999	-999	-999	-999	-999	13	-999	-999	-999	-999	-999	-999	-999	-999	-999	-999	-999	-999	-999	-999	-999	-999	-999	-999	-999	-999	-999	-999	-999	B 5 H 4 99 101
3740	925700	-999	-999	-999	-999	-999	-999	-999	-999	-999	-999	16	-999	-999	-999	-999	-999	-999	-999	-999	-999	-999	-999	-999	-999	-999	-999	-999	-999	-999	-999	-999	-999	-999	-999	C 4 H 7 40 42
3740	1048600	-999	-999	-999	-999	-999	-999	-999	-999	-999	-999	-999	77	-999	-999	-999	-999	-999	-999	-999	-999	-999	-999	-999	-999	-999	-999	-999	-999	-999	-999	-999	-999	-999	-999	B 5 H 4 99 101
3740	925700	-999	-999	-999	-999	-999	-999	-999	-999	-999	-999	-999	114	-999	-999	-999	-999	-999	-999	-999	-999	-999	-999	-999	-999	-999	-999	-999	-999	-999	-999	-999	-999	-999	-999	C 4 H 7 40 42
3740	1048600	-999	-999	-999	-999	-999	-999	-999	-999	-999	-999	-999	-999	0	-999	-999	-999	-999	-999	-999	-999	-999	-999	-999	-999	-999	-999	-999	-999	-999	-999	-999	-999	-999	-999	B 5 H 4 99 101
3740	925700	-999	-999	-999	-999	-999	-999	-999	-999	-999	-999	-999	-999	0	-999	-999	-999	-999	-999	-999	-999	-999	-999	-999	-999	-999	-999	-999	-999	-999	-999	-999	-999	-999	-999	C 4 H 7 40 42
3740	1048600	-999	-999	-999	-999	-999	-999	-999	-999	-999	-999	-999	-999	-999	0	-999	-999	-999	-999	-999	-999	-999	-999	-999	-999	-999	-999	-999	-999	-999	-999	-999	-999	-999	-999	B 5 H 4 99 101
3740	925700	-999	-999	-999	-999	-999	-999	-999	-999	-999	-999	-999	-999	-999	0	-999	-999	-999	-999	-999	-999	-999	-999	-999	-999	-999	-999	-999	-999	-999	-999	-999	-999	-999	-999	C 4 H 7 40 42
3740	1048600	-999	-999	-999	-999	-999	-999	-999	-999	-999	-999	-999	-999	-999	-999	0	-999	-999	-999	-999	-999	-999	-999	-999	-999	-999	-999	-999	-999	-999	-999	-999	-999	-999	-999	B 5 H 4 99 101
3740	925700	-999	-999	-999	-999	-999	-999	-999	-999	-999	-999	-999	-999	-999	-999	1	-999	-999	-999	-999	-999	-999	-999	-999	-999	-999	-999	-999	-999	-999	-999	-999	-999	-999	-999	C 4 H 7 40 42
3740	1048600	-999	-999	-999	-999	-999	-999	-999	-999	-999	-999	-999	-999	-999	-999	-999	0	-999	-999	-999	-999	-999	-999	-999	-999	-999	-999	-999	-999	-999	-999	-999	-999	-999	-999	B 5 H 4 99 101
3740	925700	-999	-999	-999	-999	-999	-999	-999	-999	-999	-999	-999	-999	-999	-999	-999	0	-999	-999	-999	-999	-999	-999	-999	-999	-999	-999	-999	-999	-999	-999	-999	-999	-999	-999	C 4 H 7 40 42
3740	1048600	-999	-999	-999	-999	-999	-999	-999	-999	-999	-999	-999	-999	-999	-999	-999	-999	1	-999	-999	-999	-999	-999	-999	-999	-999	-999	-999	-999	-999	-999	-999	-999	-999	-999	B 5 H 4 99 101
3740	925700	-999	-999	-999	-999	-999	-999	-999	-999	-999	-999	-999	-999	-999	-999	-999	-999	2	-999	-999	-999	-999	-999	-999	-999	-999	-999	-999	-999	-999	-999	-999	-999	-999	-999	C 4 H 7 40 42
3740	1048600	-999	-999	-999	-999	-999	-999	-999	-999	-999	-999	-999	-999	-999	-999	-999	-999	-999	174	-999	-999	-999	-999	-999	-999	-999	-999	-999	-999	-999	-999	-999	-999	-999	-999	B 5 H 4 99 101
3740	925700	-999	-999	-999	-999	-999	-999	-999	-999	-999	-999	-999	-999	-999	-999	-999	-999	-999	154	-999	-999	-999	-999	-999	-999	-999	-999	-999	-999	-999	-999	-999	-999	-999	-999	C 4 H 7 40 42
3740	1048600	-999	-999	-999	-999	-999	-999	-999	-999	-999	-999	-999	-999	-999	-999	-999	-999	-999	-999	6	-999	-999	-999	-999	-999	-999	-999	-999	-999	-999	-999	-999	-999	-999	-999	B 5 H 4 99 101
3740	925700	-999	-999	-999	-999	-999	-999	-999	-999	-999	-999	-999	-999	-999	-999	-999	-999	-999	-999	34	-999	-999	-999	-999	-999	-999	-999	-999	-999	-999	-999	-999	-999	-999	-999	C 4 H 7 40 42
3740	1048600	-999	-999	-999	-999	-999	-999	-999	-999	-999	-999	-999	-999	-999	-999	-999	-999	-999	-999	-999	1	-999	-999	-999	-999	-999	-999	-999	-999	-999	-999	-999	-999	-999	-999	B 5 H 4 99 101
3740	925700	-999	-999	-999	-999	-999	-999	-999	-999	-999	-999	-999	-999	-999	-999	-999	-999	-999	-999	-999	2	-999	-999	-999	-999	-999	-999	-999	-999	-999	-999	-999	-999	-999	-999	C 4 H 7 40 42
3740	1048600	-999	-999	-999	-999	-999	-999	-999	-999	-999	-999	-999	-999	-999	-999	-999	-999	-999	-999	-999	-999	0	-999	-999	-999	-999	-999	-999	-999	-999	-999	-999	-999	-999	-999	B 5 H 4 99 101
3740	925700	-999	-999	-999	-999	-999	-999	-999	-999	-999	-999	-999	-999	-999	-999	-999	-999	-999	-999	-999	-999	0	-999	-999	-999	-999	-999	-999	-999	-999	-999	-999	-999	-999	-999	C 4 H 7 40 42
3740	1048600	-999	-999	-999	-999	-999	-999	-999	-999	-999	-999	-999	-999	-999	-999	-999	-999	-999	-999	-999	-999	-999	0	-999	-999	-999	-999	-999	-999	-999	-999	-999	-999	-999	-999	B 5 H 4 99 101
3740	925700	-999	-999	-999	-999	-999	-999	-999	-999	-999	-999	-999	-999	-999	-999	-999	-999	-999	-999	-999	-999	-999	0	-999	-999	-999	-999	-999	-999	-999	-999	-999	-999	-999	-999	C 4 H 7 40 42
3740	1048600	-999	-999	-999	-999	-999	-999	-999	-999	-999	-999	-999	-999	-999	-999	-999	-999	-999	-999	-999	-999	-999	-999	313	-999	-999	-999	-999	-999	-999	-999	-999	-999	-999	-999	B 5 H 4 99 101
3740	925700	-999	-999	-999	-999	-999	-999	-999	-999	-999	-999	-999	-999	-999	-999	-999	-999	-999	-999	-999	-999	-999	-999	410	-999	-999	-999	-999	-999	-999	-999	-999	-999	-999	-999	C 4 H 7 40 42
3740	1048600	-999	-999	-999	-999	-999	-999	-999	-999	-999	-999	-999	-999	-999	-999	-999	-999	-999	-999	-999	-999	-999	-999	-999	0	-999	-999	-999	-999	-999	-999	-999	-999	-999	-999	B 5 H 4 99 101
3740	925700	-999	-999	-999	-999	-999	-999	-999	-999	-999	-999	-999	-999	-999	-999	-999	-999	-999	-999	-999	-999	-999	-999	-999	44	-999	-999	-999	-999	-999	-999	-999	-999	-999	-999	C 4 H 7 40 42
3740	1048600	-999	-999	-999	-999	-999	-999	-999	-999	-999	-999	-999	-999	-999	-999	-999	-999	-999	-999	-999	-999	-999	-999	-999	-999	7	-999	-999	-999	-999	-999	-999	-999	-999	-999	B 5 H 4 99 101
3740	925700	-999	-999	-999	-999	-999	-999	-999	-999	-999	-999	-999	-999	-999	-999	-999	-999	-999	-999	-999	-999	-999	-999	-999	-999	93	-999	-999	-999	-999	-999	-999	-999	-999	-999	C 4 H 7 40 42
3740	1048600	-999	-999	-999	-999	-999	-999	-999	-999	-999	-999	-999	-999	-999	-999	-999	-999	-999	-999	-999	-999	-999	-999	-999	-999	-999	0	-999	-999	-999	-999	-999	-999	-999	-999	B 5 H 4 99 101
3740	925700	-999	-999	-999	-999	-999	-999	-999	-999	-999	-999	-999	-999	-999	-999	-999	-999	-999	-999	-999	-999	-999	-999	-999	-999	-999	0	-999	-999	-999	-999	-999	-999	-999	-999	C 4 H 7 40 42
3740	1048600	-999	-999	-999	-999	-999	-999	-999	-999	-999	-999	-999	-999	-999	-999	-999	-999	-999	-999	-999	-999	-999	-999	-999	-999	-999	-999	0	-999	-999	-999	-999	-999	-999	-999	B 5 H 4 99 101
3740	925700	-999	-999	-999	-999	-999	-999	-999	-999	-999	-999	-999	-999	-999	-999	-999	-999	-999	-999	-999	-999	-999	-999	-999	-999	-999	-999	0	-999	-999	-999	-999	-999	-999	-999	C 4 H 7 40 42
3740	1048600	-999	-999	-999	-999	-999	-999	-999	-999	-999	-999	-999	-999	-999	-999	-999	-999	-999	-999	-999	-999	-999	-999	-999	-999	-999	-999	-999	16.212	-999	-999	-999	-999	-999	-999	B 5 H 4 99 101
3740	925700	-999	-999	-999	-999	-999	-999	-999	-999	-999	-999	-999	-999	-999	-999	-999	-999	-999	-999	-999	-999	-999	-999	-999	-999	-999	-999	-999	13.054	-999	-999	-999	-999	-999	-999	C 4 H 7 40 42
3740	1048600	-999	-999	-999	-999	-999	-999	-999	-999	-999	-999	-999	-999	-999	-999	-999	-999	-999	-999	-999	-999	-999	-999	-999	-999	-999	-999	-999	-999	0	-999	-999	-999	-999	-999	B 5 H 4 99 101
3740	925700	-999	-999	-999	-999	-999	-999	-999	-999	-999	-999	-999	-999	-999	-999	-999	-999	-999	-999	-999	-999	-999	-999	-999	-999	-999	-999	-999	-999	0	-999	-999	-999	-999	-999	C 4 H 7 40 42
3740	1048600	-999	-999	-999	-999	-999	-999	-999	-999	-999	-999	-999	-999	-999	-999	-999	-999	-999	-999	-999	-999	-999	-999	-999	-999	-999	-999	-999	-999	-999	7	-999	-999	-999	-999	B 5 H 4 99 101
3740	925700	-999	-999	-999	-999	-999	-999	-999	-999	-999	-999	-999	-999	-999	-999	-999	-999	-999	-999	-999	-999	-999	-999	-999	-999	-999	-999	-999	-999	-999	19	-999	-999	-999	-999	C 4 H 7 40 42
3740	1048600	-999	-999	-999	-999	-999	-999	-999	-999	-999	-999	-999	-999	-999	-999	-999	-999	-999	-999	-999	-999	-999	-999	-999	-999	-999	-999	-999	-999	-999	-999	2	-999	-999	-999	B 5 H 4 99 101
3740	925700	-999	-999	-999	-999	-999	-999	-999	-999	-999	-999	-999	-999	-999	-999	-999	-999	-999	-999	-999	-999	-999	-999	-999	-999	-999	-999	-999	-999	-999	-999	0	-999	-999	-999	C 4 H 7 40 42
3740	1048600	-999	-999	-999	-999	-999	-999	-999	-999	-999	-999	-999	-999	-999	-999	-999	-999	-999	-999	-999	-999	-999	-999	-999	-999	-999	-999	-999	-999	-999	-999	-999	21	-999	-999	B 5 H 4 99 101
3740	925700	-999	-999	-999	-999	-999	-999	-999	-999	-999	-999	-999	-999	-999	-999	-999	-999	-999	-999	-999	-999	-999	-999	-999	-999	-999	-999	-999	-999	-999	-999	-999	10	-999	-999	C 4 H 7 40 42
3740	1048600	-999	-999	-999	-999	-999	-999	-999	-999	-999	-999	-999	-999	-999	-999	-999	-999	-999	-999	-999	-999	-999	-999	-999	-999	-999	-999	-999	-999	-999	-999	-999	-999	1	-999	B 5 H 4 99 101
3740	925700	-999	-999	-999	-999	-999	-999	-999	-999	-999	-999	-999	-999	-999	-999	-999	-999	-999	-999	-999	-999	-999	-999	-999	-999	-999	-999	-999	-999	-999	-999	-999	-999	0	-999	C 4 H 7 40 42
3740	1048600	-999	-999	-999	-999	-999	-999	-999	-999	-999	-999	-999	-999	-999	-999	-999	-999	-999	-999	-999	-999	-999	-999	-999	-999	-999	-999	-999	-999	-999	-999	-999	-999	-999	0	B 5 H 4 99 101
3740	925700	-999	-999	-999	-999	-999	-999	-999	-999	-999	-999	-999	-999	-999	-999	-999	-999	-999	-999	-999	-999	-999	-999	-999	-999	-999	-999	-999	-999	-999	-999	-999	-999	-999	0	C 4 H 7 40 42
3749	1050700	0	0	0	7	176	5.9	1	9	0	2	21	100	1	0	0	0	0	168	18	2	0	0	344	1	9	0	0	15.589	0	6	0	15	1	0	B 5 H 4 108 110
3760	1053300	0	0	0	8	177	5.5	1	23	0	1	14	98	0	0	1	0	1	196	15	0	0	0	371	0	19	0	0	15.604	0	11	2	9	0	0	B 5 H 4 119 121
3780	1057900	0	0	0	12	162	5.7	0	20	0	0	9	66	3	0	0	0	2	181	17	2	0	0	321	1	15	0	0	15.983	0	3	4	13	1	0	B 5 H 4 139 141
4166	1060200	0	0	0	9	176	6.2	4	36	0	0	14	82	5	0	0	0	1	139	17	9	0	0	326	0	1	0	0	16.794	0	1	5	7	6	0	C 5 H 3 115 117
4175	1062300	0	0	0	1	169	6.3	0	26	0	0	16	76	6	0	0	0	0	173	6	0	0	0	314	0	3	0	0	16.528	0	5	0	0	6	0	C 5 H 3 124 126
4196	1067200	0	0	0	6	144	5.4	1	26	0	1	22	110	16	0	0	0	2	120	5	3	0	0	309	0	5	0	0	17.727	0	0	3	0	0	0	C 5 H 3 145 147
4206	1069500	0	0	0	6	77	2.9	9	53	0	2	19	72	25	0	0	0	0	97	11	0	0	0	312	0	6	0	0	18.478	0	12	1	11	0	0	C 5 H 4 5 7
4216	1071800	0	0	0	5	97	3.6	10	44	0	4	17	78	14	0	0	0	1	99	17	7	0	0	317	0	1	0	0	18.008	0	8	3	15	0	0	C 5 H 4 15 17
4236	1080000	0	0	0	1	46	1.4	7	101	0	14	16	67	15	0	0	0	0	115	37	12	0	0	411	0	0	0	0	16.011	0	13	0	14	0	0	C 5 H 4 35 37
4246	1084700	0	0	0	5	246	9.6	3	32	0	3	19	69	0	0	0	0	1	109	23	3	1	0	285	20	3	0	0	14.707	0	2	3	16	0	2	C 5 H 4 45 47
4266	1094000	0	0	0	4	165	5.2	6	26	0	5	14	82	5	0	0	0	0	180	15	5	2	0	372	0	3	0	0	17.184	0	7	1	25	0	1	C 5 H 4 65 67
4276	1098700	1	0	0	12	177	6.4	2	12	0	0	6	98	2	0	0	0	1	160	15	5	0	0	309	2	6	0	0	16.768	0	2	1	3	1	0	C 5 H 4 75 77
4280	1180900	1	0	0	17	206	7.6	5	52	0	4	13	105	9	0	0	0	4	61	30	1	1	0	295	1	1	0	0	15.467	0	0	6	1	3	0	B 6 H 1 139 141
4286	1103300	0	0	0	14	376	10.4	0	20	0	0	9	132	7	0	0	0	1	144	39	3	0	0	390	3	5	0	0	14.801	0	4	17	14	0	0	C 5 H 4 85 87
4288	1182900	2	0	2	14	203	5.1	10	53	0	2	70	77	14	0	0	0	4	102	101	10	0	0	461	8	1	0	0	13.427	0	4	8	2	2	0	B 6 H 1 147 149
4298	1185500	0	0	0	6	130	4.1	3	54	0	2	19	44	12	0	0	0	0	195	34	2	0	0	376	11	0	0	0	15.968	0	2	2	1	6	0	B 6 H 2 7 9
4306	1112700	0	0	0	4	75	2.8	9	46	0	0	12	124	15	0	0	0	0	78	19	2	0	0	324	0	0	0	0	17.908	0	5	11	0	1	2	C 5 H 4 105 107
4316	1116600	0	0	0	5	96	3.7	6	36	0	3	15	95	3	0	0	0	0	100	31	6	0	0	306	0	1	0	0	15.603	0	4	6	0	0	1	C 5 H 4 115 117
4326	1119900	0	0	1	5	82	2.9	5	40	0	10	25	92	6	0	0	0	2	91	40	5	1	0	343	0	0	0	1	14.596	0	9	12	6	0	0	C 5 H 4 125 127
4357	1130000	0	0	0	11	174	6.3	0	27	0	2	19	140	0	0	4	0	0	60	31	2	0	0	313	2	10	0	0	10.982	0	11	13	8	0	0	C 5 H 5 6 8
4366	1132900	0	0	1	11	227	7.5	1	28	1	0	10	194	1	0	6	0	1	44	25	1	1	0	339	4	7	0	0	11.735	0	10	15	8	0	0	C 5 H 5 15 17
4386	1139400	1	2	0	72	642	17	1	29	0	1	10	147	2	0	84	0	1	102	8	1	0	0	321	5	5	0	0	15.764	0	4	10	3	0	1	C 5 H 5 35 37
4396	1142600	0	0	0	57	449	11.9	1	43	0	2	20	100	12	0	47	0	2	126	16	4	1	0	360	0	1	0	0	16.333	0	6	8	18	0	2	C 5 H 5 45 47
4406	1145900	0	0	1	29	199	6.9	2	31	0	0	15	113	4	0	33	0	2	105	14	1	1	0	307	3	4	0	0	15.734	0	3	6	9	0	2	C 5 H 5 55 57
4416	1149100	0	0	0	23	172	5.9	4	26	0	3	12	112	9	0	15	0	1	114	9	4	0	0	319	1	1	0	0	17.64	0	3	12	10	0	0	C 5 H 5 65 67
4426	1152400	0	0	0	12	161	6.5	11	41	0	3	11	84	6	0	22	0	2	92	9	1	1	0	279	0	1	0	0	18.049	0	4	5	9	0	1	C 5 H 5 75 77
4446	1158900	1	0	0	28	309	8.8	0	44	1	2	16	156	11	0	52	0	0	95	14	1	0	0	373	1	5	0	0	15.927	0	4	23	3	2	0	C 5 H 5 95 97
4456	1162100	0	0	0	20	224	6.1	10	57	0	4	16	167	17	0	6	0	4	92	11	4	0	1	408	2	11	0	0	18.276	0	13	9	2	0	1	C 5 H 5 105 107
4466	1165400	0	0	1	48	423	12.1	0	30	0	0	12	144	7	0	88	0	2	97	15	0	0	0	335	1	3	0	0	15.384	0	6	21	1	0	0	C 5 H 5 115 117
4476	1168300	0	1	0	16	159	5.6	2	42	0	3	17	110	5	0	2	0	3	53	52	4	0	0	320	0	4	0	0	11.483	0	13	8	8	0	0	C 5 H 5 125 127
4486	1170800	0	0	0	18	178	6.4	1	33	0	5	16	80	5	0	5	0	1	127	8	6	0	0	309	1	2	0	1	16.47	0	3	10	14	0	0	C 5 H 5 135 137
4496	1173300	0	0	0	12	185	7.2	1	18	0	3	8	106	5	0	2	0	0	112	8	5	0	0	284	0	6	0	0	17.02	0	3	14	1	0	0	C 5 H 5 145 147
4506	1175900	0	0	0	7	189	6.2	9	73	0	3	20	123	35	0	2	0	3	44	10	7	1	0	350	1	5	0	0	19.267	0	12	10	0	0	1	C 5 H 6 5 7
